-- phpMyAdmin SQL Dump
-- version 4.0.10deb1
-- http://www.phpmyadmin.net
--
-- Host: localhost
-- Generato il: Feb 05, 2017 alle 04:19
-- Versione del server: 5.5.49-0ubuntu0.14.04.1
-- Versione PHP: 5.5.9-1ubuntu4.18

SET SQL_MODE = "NO_AUTO_VALUE_ON_ZERO";
SET time_zone = "+00:00";


/*!40101 SET @OLD_CHARACTER_SET_CLIENT=@@CHARACTER_SET_CLIENT */;
/*!40101 SET @OLD_CHARACTER_SET_RESULTS=@@CHARACTER_SET_RESULTS */;
/*!40101 SET @OLD_COLLATION_CONNECTION=@@COLLATION_CONNECTION */;
/*!40101 SET NAMES utf8 */;

--
-- Database: `hearthstone`
--
-- **********************************************
-- INITIAL OPERATIONS SECTION
-- **********************************************

-- STATEMENT THAT DELETE THE 'EXISTING' DATABASE
drop database if exists hearthstone;

-- CREATING THE DATABASE
create database hearthstone;

-- USE CLAUSE
use hearthstone;


-- --------------------------------------------------------

--
-- Struttura della tabella `adventure`
--

CREATE TABLE IF NOT EXISTS `adventure` (
  `name` varchar(100) NOT NULL,
  `desciption` varchar(500) DEFAULT '',
  `image` varchar(100) NOT NULL,
  PRIMARY KEY (`name`)
) ENGINE=InnoDB DEFAULT CHARSET=latin1;

--
-- Dump dei dati per la tabella `adventure`
--

INSERT INTO `adventure` (`name`, `desciption`, `image`) VALUES
('BRM', '', 'NULL'),
('KARA', '', 'NULL'),
('LOE', '', 'NULL'),
('NAXX', '', 'NULL');

-- --------------------------------------------------------

--
-- Struttura della tabella `card`
--

CREATE TABLE IF NOT EXISTS `card` (
  `card_id` varchar(20) NOT NULL,
  `name` varchar(50) NOT NULL,
  `image` varchar(100) NOT NULL,
  `description` varchar(250) DEFAULT NULL,
  `rarity` varchar(50) NOT NULL,
  `c_type` varchar(25) NOT NULL,
  `c_race` varchar(25) DEFAULT '',
  `wild` tinyint(1) DEFAULT '0',
  `attack` int(3) unsigned DEFAULT NULL,
  `health` int(3) unsigned DEFAULT NULL,
  `mana` int(3) unsigned NOT NULL,
  `adventure_wing` int(10) unsigned DEFAULT NULL,
  `adventure_name` varchar(100) DEFAULT NULL,
  `expansion_name` varchar(50) DEFAULT NULL,
  PRIMARY KEY (`card_id`),
  KEY `rarity` (`rarity`),
  KEY `expansion_name` (`expansion_name`),
  KEY `adventure_wing` (`adventure_wing`,`adventure_name`)
) ENGINE=InnoDB DEFAULT CHARSET=latin1;

--
-- Dump dei dati per la tabella `card`
--

INSERT INTO `card` (`card_id`, `name`, `image`, `description`, `rarity`, `c_type`, `c_race`, `wild`, `attack`, `health`, `mana`, `adventure_wing`, `adventure_name`, `expansion_name`) VALUES
('AT_001', 'Lancia di Fuoco', 'AT_001.png', 'Infligge 8 danni a un servitore.', 'Comune', 'Magia', NULL, 0, NULL, NULL, 5, NULL, NULL, 'TGT'),
('AT_002', 'Effige', 'AT_002.png', 'Segreto: quando un tuo servitore muore', 'Rara', 'Magia', NULL, 0, NULL, NULL, 3, NULL, NULL, 'TGT'),
('AT_003', 'Eroina Caduta', 'AT_003.png', 'Il tuo Potere Eroe infligge 1 danno aggiuntivo.', 'Rara', 'Servitore', NULL, 0, 3, 2, 2, NULL, NULL, 'TGT'),
('AT_004', 'Detonazione Arcana', 'AT_004.png', 'Infligge 2 danni a un servitore. Raddoppia il bonus fornito da Danni Magici.', 'Epica', 'Magia', NULL, 0, NULL, NULL, 1, NULL, NULL, 'TGT'),
('AT_005', 'Metamorfosi: Cinghiale', 'AT_005.png', 'Trasforma un servitore in un Cinghiale 4/2 con Carica.', 'Rara', 'Magia', NULL, 0, NULL, NULL, 3, NULL, NULL, 'TGT'),
('AT_006', 'Recluta di Dalaran', 'AT_006.png', 'Ispirazione: ottiene +1 Danni Magici.', 'Comune', 'Servitore', NULL, 0, 3, 5, 4, NULL, NULL, 'TGT'),
('AT_007', 'Sparamagie', 'AT_007.png', 'Grido di Battaglia: mette nella mano di ogni giocatore una Magia casuale.', 'Comune', 'Servitore', NULL, 0, 3, 4, 3, NULL, NULL, 'TGT'),
('AT_008', 'Draco di Ibernia', 'AT_008.png', 'Puoi usare il tuo Potere Eroe quante volte desideri.', 'Epica', 'Servitore', 'DRAGON', 0, 6, 6, 6, NULL, NULL, 'TGT'),
('AT_009', 'Rhonin', 'AT_009.png', 'Rantolo di Morte: mette nella tua mano tre Missili Arcani.', 'Leggendaria', 'Servitore', NULL, 0, 7, 7, 8, NULL, NULL, 'TGT'),
('AT_010', 'Mandriano Irascibile', 'AT_010.png', 'Grido di Battaglia: se controlli una Bestia', 'Rara', 'Servitore', NULL, 0, 3, 3, 5, NULL, NULL, 'TGT'),
('AT_011', 'Campionessa Sacra', 'AT_011.png', 'Ottiene +2 Attacco quando un personaggio viene curato.', 'Comune', 'Servitore', NULL, 0, 3, 5, 4, NULL, NULL, 'TGT'),
('AT_012', 'Figlio delle Ombre', 'AT_012.png', 'Ispirazione: infligge 4 danni a entrambi gli eroi.', 'Rara', 'Servitore', NULL, 0, 5, 4, 4, NULL, NULL, 'TGT'),
('AT_013', 'Parola del Potere: Gloria', 'AT_013.png', 'Seleziona un servitore. Quando attacca', 'Comune', 'Magia', NULL, 0, NULL, NULL, 1, NULL, NULL, 'TGT'),
('AT_014', 'Spirito d''Ombra', 'AT_014.png', 'Quando peschi una carta', 'Epica', 'Servitore', NULL, 0, 3, 3, 3, NULL, NULL, 'TGT'),
('AT_015', 'Conversione', 'AT_015.png', 'Mette una copia di un servitore nemico sul campo nella tua mano.', 'Rara', 'Magia', NULL, 0, NULL, NULL, 2, NULL, NULL, 'TGT'),
('AT_016', 'Confusione', 'AT_016.png', 'Scambia Attacco e Salute di TUTTI i servitori.', 'Epica', 'Magia', NULL, 0, NULL, NULL, 2, NULL, NULL, 'TGT'),
('AT_017', 'Guardia del Crepuscolo', 'AT_017.png', 'Grido di Battaglia: ottiene +1 Attacco e Provocazione se hai un Drago in mano.', 'Epica', 'Servitore', 'DRAGON', 0, 2, 6, 4, NULL, NULL, 'TGT'),
('AT_018', 'Espiatrice Paletress', 'AT_018.png', 'Ispirazione: evoca un servitore Leggendario casuale.', 'Leggendaria', 'Servitore', NULL, 0, 5, 4, 7, NULL, NULL, 'TGT'),
('AT_019', 'Maldestriero', 'AT_019.png', 'Rantolo di Morte: evoca un Maldestriero.', 'Epica', 'Servitore', 'DEMON', 0, 1, 1, 4, NULL, NULL, 'TGT'),
('AT_020', 'Demone della Rovina', 'AT_020.png', NULL, 'Comune', 'Servitore', 'DEMON', 0, 6, 8, 7, NULL, NULL, 'TGT'),
('AT_021', 'Cavaliere del Male', 'AT_021.png', 'Ottiene +1/+1 quando scarti una carta.', 'Rara', 'Servitore', 'DEMON', 0, 3, 2, 2, NULL, NULL, 'TGT'),
('AT_022', 'Pugno di Jaraxxus', 'AT_022.png', 'Quando giochi o scarti questa carta', 'Rara', 'Magia', NULL, 0, NULL, NULL, 4, NULL, NULL, 'TGT'),
('AT_023', 'Distruttore del Vuoto', 'AT_023.png', 'Ispirazione: distrugge un servitore casuale di ogni giocatore.', 'Rara', 'Servitore', 'DEMON', 0, 5, 4, 6, NULL, NULL, 'TGT'),
('AT_024', 'Infusione Demoniaca', 'AT_024.png', '+3/+3 a un Demone. Fornisce 1 Cristallo di Mana all''avversario.', 'Comune', 'Magia', NULL, 0, NULL, NULL, 2, NULL, NULL, 'TGT'),
('AT_025', 'Patto Oscuro', 'AT_025.png', 'Distrugge due servitori nemici casuali. Scarta 2 carte casuali.', 'Epica', 'Magia', NULL, 0, NULL, NULL, 6, NULL, NULL, 'TGT'),
('AT_026', 'Guardia dell''Ira', 'AT_026.png', 'Quando subisce danni', 'Comune', 'Servitore', 'DEMON', 0, 4, 3, 2, NULL, NULL, 'TGT'),
('AT_027', 'Wilfred Frizzabum', 'AT_027.png', 'Le carte pescate con il tuo Potere Eroe costano (0).', 'Leggendaria', 'Servitore', NULL, 0, 4, 4, 6, NULL, NULL, 'TGT'),
('AT_028', 'Cavaliere Shandaren', 'AT_028.png', 'Combo: ottiene +3 Attacco.', 'Comune', 'Servitore', NULL, 0, 3, 7, 5, NULL, NULL, 'TGT'),
('AT_029', 'Bucaniere', 'AT_029.png', 'Fornisce +1 Attacco alle Armi che equipaggi.', 'Comune', 'Servitore', 'PIRATE', 0, 2, 1, 1, NULL, NULL, 'TGT'),
('AT_030', 'Valoroso dei Reietti', 'AT_030.png', 'Combo: infligge 1 danno.', 'Comune', 'Servitore', NULL, 0, 3, 2, 2, NULL, NULL, 'TGT'),
('AT_031', 'Tagliaborse', 'AT_031.png', 'Quando attacca un eroe', 'Rara', 'Servitore', NULL, 0, 2, 2, 2, NULL, NULL, 'TGT'),
('AT_032', 'Mercante Losco', 'AT_032.png', 'Grido di Battaglia: ottiene +1/+1 se controlli un Pirata.', 'Rara', 'Servitore', NULL, 0, 4, 3, 3, NULL, NULL, 'TGT'),
('AT_033', 'Furto', 'AT_033.png', 'Mette nella tua mano 2 carte casuali della classe dell''avversario.', 'Rara', 'Magia', NULL, 0, NULL, NULL, 3, NULL, NULL, 'TGT'),
('AT_034', 'Lama Avvelenata', 'AT_034.png', 'Il tuo Potere Eroe fornisce +1 Attacco a quest''Arma invece di sostituirla.', 'Epica', 'Arma', NULL, 0, 1, 3, 4, NULL, NULL, 'TGT'),
('AT_035', 'Attacco Sotterraneo', 'AT_035.png', 'Mette tre Imboscate nel mazzo dell''avversario. Quando una viene pescata', 'Epica', 'Magia', NULL, 0, NULL, NULL, 3, NULL, NULL, 'TGT'),
('AT_036', 'Anub''arak', 'AT_036.png', 'Rantolo di Morte: torna nella tua mano ed evoca un Nerubiano 4/4.', 'Leggendaria', 'Servitore', NULL, 0, 8, 4, 9, NULL, NULL, 'TGT'),
('AT_037', 'Radici Viventi', 'AT_037.png', 'Scegli: infligge 2 danni o evoca due Arboscelli 1/1.', 'Comune', 'Magia', NULL, 0, NULL, NULL, 1, NULL, NULL, 'TGT'),
('AT_038', 'Recluta di Darnassus', 'AT_038.png', 'Grido di Battaglia: fornisce 1 Cristallo di Mana vuoto. Rantolo di Morte: distrugge un tuo Cristallo di Mana.', 'Rara', 'Servitore', NULL, 0, 2, 3, 2, NULL, NULL, 'TGT'),
('AT_039', 'Bestia Selvaggia', 'AT_039.png', 'Ispirazione: +2 Attacco al tuo eroe per questo turno.', 'Rara', 'Servitore', 'BEAST', 0, 5, 4, 4, NULL, NULL, 'TGT'),
('AT_040', 'Calcaselve', 'AT_040.png', 'Grido di Battaglia: +3 Salute a una tua Bestia.', 'Comune', 'Servitore', NULL, 0, 4, 4, 4, NULL, NULL, 'TGT'),
('AT_041', 'Cavaliere delle Selve', 'AT_041.png', 'Quando viene evocata una Bestia sotto il tuo controllo', 'Rara', 'Servitore', NULL, 0, 6, 6, 7, NULL, NULL, 'TGT'),
('AT_042', 'Druida della Fauce', 'AT_042.png', 'Scegli: si trasforma e ottiene Carica o +1/+1 e Furtivit&agrave; .', 'Comune', 'Servitore', NULL, 0, 2, 1, 2, NULL, NULL, 'TGT'),
('AT_043', 'Comunione Astrale', 'AT_043.png', 'Fornisce 10 Cristalli di Mana. Scarta le carte nella tua mano.', 'Epica', 'Magia', NULL, 0, NULL, NULL, 4, NULL, NULL, 'TGT'),
('AT_044', 'Concimazione', 'AT_044.png', 'Distrugge un servitore. Mette nella mano dell''avversario un servitore casuale.', 'Epica', 'Magia', NULL, 0, NULL, NULL, 3, NULL, NULL, 'TGT'),
('AT_045', 'Aviana', 'AT_045.png', 'I tuoi servitori costano (1).', 'Leggendaria', 'Servitore', NULL, 0, 5, 5, 9, NULL, NULL, 'TGT'),
('AT_046', 'Totemista Tuskarr', 'AT_046.png', 'Grido di Battaglia: evoca un Totem base casuale.', 'Comune', 'Servitore', NULL, 0, 3, 2, 3, NULL, NULL, 'TGT'),
('AT_047', 'Intagliatrice di Totem', 'AT_047.png', 'Grido di Battaglia: ottiene +1/+1 per ogni tuo Totem.', 'Rara', 'Servitore', NULL, 0, 4, 4, 4, NULL, NULL, 'TGT'),
('AT_048', 'Ondata di Cura', 'AT_048.png', 'Rigenera 7 Salute. Rigenera 14 Salute se', 'Rara', 'Magia', NULL, 0, NULL, NULL, 3, NULL, NULL, 'TGT'),
('AT_049', 'Valoroso dei Tauren', 'AT_049.png', 'Ispirazione: +2 Attacco ai tuoi Totem.', 'Rara', 'Servitore', NULL, 0, 3, 6, 5, NULL, NULL, 'TGT'),
('AT_050', 'Martello Folgorante', 'AT_050.png', 'Rantolo di Morte: il tuo Potere Eroe diventa Infligge 2 danni.', 'Epica', 'Arma', NULL, 0, 2, 4, 4, NULL, NULL, 'TGT'),
('AT_051', 'Scarica Elementale', 'AT_051.png', 'Infligge da 4 a 5 danni a TUTTI i servitori. Sovraccarico: (5)', 'Epica', 'Magia', NULL, 0, NULL, NULL, 3, NULL, NULL, 'TGT'),
('AT_052', 'Golem Totemico', 'AT_052.png', 'Sovraccarico: (1)', 'Comune', 'Servitore', 'TOTEM', 0, 3, 4, 2, NULL, NULL, 'TGT'),
('AT_053', 'Sapere Ancestrale', 'AT_053.png', 'Pesca 2 carte. Sovraccarico: (2)', 'Comune', 'Magia', NULL, 0, NULL, NULL, 2, NULL, NULL, 'TGT'),
('AT_054', 'Evocanebbie', 'AT_054.png', 'Grido di Battaglia: +1/+1 ai servitori nella tua mano e nel tuo mazzo.', 'Leggendaria', 'Servitore', NULL, 0, 4, 4, 6, NULL, NULL, 'TGT'),
('AT_055', 'Cura Rapida', 'AT_055.png', 'Rigenera 5 Salute.', 'Comune', 'Magia', NULL, 0, NULL, NULL, 1, NULL, NULL, 'TGT'),
('AT_056', 'Tiro Dirompente', 'AT_056.png', 'Infligge 2 danni a un servitore e a quelli adiacenti.', 'Rara', 'Magia', NULL, 0, NULL, NULL, 3, NULL, NULL, 'TGT'),
('AT_057', 'Stalliera', 'AT_057.png', 'Grido di Battaglia: rende Immune una tua Bestia per questo turno.', 'Epica', 'Servitore', NULL, 0, 4, 2, 3, NULL, NULL, 'TGT'),
('AT_058', 'Elekk Reale', 'AT_058.png', 'Grido di Battaglia: mostra un servitore per mazzo. Se il tuo costa di pi&ugrave;', 'Comune', 'Servitore', 'BEAST', 0, 3, 2, 2, NULL, NULL, 'TGT'),
('AT_059', 'Arciera Ribelle', 'AT_059.png', 'Ispirazione: infligge 2 danni all''eroe nemico se la tua mano &egrave; vuota.', 'Comune', 'Servitore', NULL, 0, 2, 1, 1, NULL, NULL, 'TGT'),
('AT_060', 'Trappola per Orsi', 'AT_060.png', 'Segreto: dopo che il tuo eroe viene attaccato', 'Comune', 'Magia', NULL, 0, NULL, NULL, 2, NULL, NULL, 'TGT'),
('AT_061', 'Pronto al Tiro', 'AT_061.png', 'Quando lanci una Magia in questo turno', 'Epica', 'Magia', NULL, 0, NULL, NULL, 2, NULL, NULL, 'TGT'),
('AT_062', 'Sacca di Ragni', 'AT_062.png', 'Evoca tre Tessitela 1/1.', 'Rara', 'Magia', NULL, 0, NULL, NULL, 6, NULL, NULL, 'TGT'),
('AT_063', 'Acidalingua', 'AT_063.png', 'Qualsiasi altro servitore che subisce danni viene distrutto.', 'Leggendaria', 'Servitore', 'BEAST', 0, 4, 2, 7, NULL, NULL, 'TGT'),
('AT_063t', 'Magmascaglia', 'AT_063t.png', 'Alla fine del tuo turno', 'Leggendaria', 'Servitore', 'BEAST', 0, 4, 2, 3, NULL, NULL, 'TGT'),
('AT_064', 'Urto', 'AT_064.png', 'Infligge 3 danni. Fornisce 3 Armatura.', 'Comune', 'Magia', NULL, 0, NULL, NULL, 3, NULL, NULL, 'TGT'),
('AT_065', 'Protettrice del Re', 'AT_065.png', 'Grido di Battaglia: ottiene +1 Integrit&agrave;  se controlli un servitore con Provocazione.', 'Rara', 'Arma', NULL, 0, 3, 2, 3, NULL, NULL, 'TGT'),
('AT_066', 'Recluta di Orgrimmar', 'AT_066.png', 'Ispirazione: +1 Attacco alla tua Arma.', 'Comune', 'Servitore', NULL, 0, 3, 3, 3, NULL, NULL, 'TGT'),
('AT_067', 'Magnatauro Alfa', 'AT_067.png', 'Infligge danni anche ai servitori adiacenti a quello attaccato.', 'Epica', 'Servitore', NULL, 0, 5, 3, 4, NULL, NULL, 'TGT'),
('AT_068', 'Sostegno', 'AT_068.png', '+2/+2 ai tuoi servitori con Provocazione.', 'Comune', 'Magia', NULL, 0, NULL, NULL, 2, NULL, NULL, 'TGT'),
('AT_069', 'Compagno d''Armi', 'AT_069.png', 'Provocazione. Grido di Battaglia: fornisce Provocazione a un servitore.', 'Rara', 'Servitore', NULL, 0, 3, 2, 2, NULL, NULL, 'TGT'),
('AT_070', 'Gran Capitano Kragg', 'AT_070.png', 'Carrrica. Costa (1) in meno per ogni tuo Pirata.', 'Leggendaria', 'Servitore', 'PIRATE', 0, 4, 6, 7, NULL, NULL, 'TGT'),
('AT_071', 'Paladina di Alexstrasza', 'AT_071.png', 'Grido di Battaglia: ottiene +1 Attacco e Carica se hai un Drago in mano.', 'Rara', 'Servitore', NULL, 0, 2, 3, 2, NULL, NULL, 'TGT'),
('AT_072', 'Varian Wrynn', 'AT_072.png', 'Grido di Battaglia: pesca 3 carte e mette sul campo ogni servitore pescato.', 'Leggendaria', 'Servitore', NULL, 0, 7, 7, 10, NULL, NULL, 'TGT'),
('AT_073', 'Spirito Competitivo', 'AT_073.png', 'Segreto: all''inizio del tuo turno', 'Rara', 'Magia', NULL, 0, NULL, NULL, 1, NULL, NULL, 'TGT'),
('AT_074', 'Sigillo dei Campioni', 'AT_074.png', '+3 Attacco e Scudo Divino a un servitore.', 'Comune', 'Magia', NULL, 0, NULL, NULL, 3, NULL, NULL, 'TGT'),
('AT_075', 'Addestratore di Cavalli', 'AT_075.png', 'Le tue Reclute Mano d''Argento hanno +1 Attacco.', 'Comune', 'Servitore', NULL, 0, 2, 4, 3, NULL, NULL, 'TGT'),
('AT_076', 'Cavaliere Murloc', 'AT_076.png', 'Ispirazione: evoca un Murloc casuale.', 'Comune', 'Servitore', 'Murloc', 0, 3, 4, 4, NULL, NULL, 'TGT'),
('AT_077', 'Lancia d''Argento', 'AT_077.png', 'Grido di Battaglia: ottiene +1 Integrit&agrave;  se', 'Rara', 'Arma', NULL, 0, 2, 2, 2, NULL, NULL, 'TGT'),
('AT_078', 'Ingresso al Colosseo', 'AT_078.png', 'Distrugge TUTTI i servitori tranne quello con l''Attacco pi&ugrave; alto di ogni giocatore.', 'Epica', 'Magia', NULL, 0, NULL, NULL, 6, NULL, NULL, 'TGT'),
('AT_079', 'Sfidante Misterioso', 'AT_079.png', 'Grido di Battaglia: mette in gioco un Segreto di ogni tipo dal tuo mazzo.', 'Epica', 'Servitore', NULL, 0, 6, 6, 6, NULL, NULL, 'TGT'),
('AT_080', 'Condottiero', 'AT_080.png', 'Puoi usare il Potere Eroe due volte per turno.', 'Epica', 'Servitore', NULL, 0, 2, 3, 2, NULL, NULL, 'TGT'),
('AT_081', 'Eadric il Puro', 'AT_081.png', 'Grido di Battaglia: imposta l''Attacco dei servitori nemici a 1.', 'Leggendaria', 'Servitore', NULL, 0, 3, 7, 7, NULL, NULL, 'TGT'),
('AT_082', 'Scudiero Novizio', 'AT_082.png', 'Ispirazione: ottiene +1 Attacco.', 'Comune', 'Servitore', NULL, 0, 1, 2, 1, NULL, NULL, 'TGT'),
('AT_083', 'Cavaliere di Dragofalco', 'AT_083.png', 'Ispirazione: ottiene Furia del Vento per questo turno.', 'Comune', 'Servitore', NULL, 0, 3, 3, 3, NULL, NULL, 'TGT'),
('AT_084', 'Portalance', 'AT_084.png', 'Grido di Battaglia: +2 Attacco a un tuo servitore.', 'Comune', 'Servitore', NULL, 0, 1, 2, 2, NULL, NULL, 'TGT'),
('AT_085', 'Ancella del Lago', 'AT_085.png', 'Il tuo Potere Eroe costa (1).', 'Comune', 'Servitore', NULL, 0, 2, 6, 4, NULL, NULL, 'TGT'),
('AT_086', 'Sabotatore', 'AT_086.png', 'Grido di Battaglia: nel turno successivo', 'Rara', 'Servitore', NULL, 0, 4, 3, 3, NULL, NULL, 'TGT'),
('AT_087', 'Cavaliere d''Argento', 'AT_087.png', 'Carica.\nScudo Divino.', 'Comune', 'Servitore', NULL, 0, 2, 1, 3, NULL, NULL, 'TGT'),
('AT_088', 'Campione di Mogor', 'AT_088.png', 'Probabilit&agrave;  del 50% di attaccare il nemico sbagliato.', 'Rara', 'Servitore', NULL, 0, 8, 5, 6, NULL, NULL, 'TGT'),
('AT_089', 'Guardia d''Ossa', 'AT_089.png', 'Ispirazione: ottiene +1 Salute.', 'Comune', 'Servitore', NULL, 0, 3, 2, 2, NULL, NULL, 'TGT'),
('AT_090', 'Campione di Mukla', 'AT_090.png', 'Ispirazione: +1/+1 agli altri tuoi servitori.', 'Comune', 'Servitore', 'BEAST', 0, 4, 3, 5, NULL, NULL, 'TGT'),
('AT_091', 'Medico del Torneo', 'AT_091.png', 'Ispirazione: rigenera 2 Salute al tuo eroe.', 'Comune', 'Servitore', NULL, 0, 1, 8, 4, NULL, NULL, 'TGT'),
('AT_092', 'Furia di Ghiaccio', 'AT_092.png', NULL, 'Comune', 'Servitore', NULL, 0, 5, 2, 3, NULL, NULL, 'TGT'),
('AT_093', 'Neboldo del Gelo', 'AT_093.png', '+1 Danni Magici', 'Comune', 'Servitore', NULL, 0, 2, 6, 4, NULL, NULL, 'TGT'),
('AT_094', 'Mangiafuoco Draenei', 'AT_094.png', 'Grido di Battaglia: infligge 1 danno a un nemico casuale.', 'Comune', 'Servitore', NULL, 0, 2, 3, 2, NULL, NULL, 'TGT'),
('AT_095', 'Cavaliere Silente', 'AT_095.png', 'Furtivit&agrave; . Scudo Divino.', 'Comune', 'Servitore', NULL, 0, 2, 2, 3, NULL, NULL, 'TGT'),
('AT_096', 'Cavaliere a Molla', 'AT_096.png', 'Grido di Battaglia: +1/+1 a un tuo Robot.', 'Comune', 'Servitore', 'MECHANICAL', 0, 5, 5, 5, NULL, NULL, 'TGT'),
('AT_097', 'Spettatore del Torneo', 'AT_097.png', 'Provocazione', 'Comune', 'Servitore', NULL, 0, 2, 1, 1, NULL, NULL, 'TGT'),
('AT_098', 'Mangiamagie', 'AT_098.png', 'Grido di Battaglia: sostituisci il tuo Potere Eroe con quello dell''avversario.', 'Epica', 'Servitore', NULL, 0, 6, 5, 6, NULL, NULL, 'TGT'),
('AT_099', 'Cavalcakodo', 'AT_099.png', 'Ispirazione: evoca un Kodo da Guerra 3/5.', 'Epica', 'Servitore', NULL, 0, 3, 5, 6, NULL, NULL, 'TGT'),
('AT_100', 'Decana Mano d''Argento', 'AT_100.png', 'Ispirazione: evoca una Recluta Mano d''Argento 1/1.', 'Comune', 'Servitore', NULL, 0, 3, 3, 3, NULL, NULL, 'TGT'),
('AT_101', 'Gladiatrice della Fossa', 'AT_101.png', NULL, 'Comune', 'Servitore', NULL, 0, 5, 6, 5, NULL, NULL, 'TGT'),
('AT_102', 'Jormungar Catturato', 'AT_102.png', NULL, 'Comune', 'Servitore', 'BEAST', 0, 5, 9, 7, NULL, NULL, 'TGT'),
('AT_103', 'Kraken del Nord', 'AT_103.png', 'Grido di Battaglia: infligge 4 danni.', 'Comune', 'Servitore', NULL, 0, 9, 7, 9, NULL, NULL, 'TGT'),
('AT_104', 'Giostrante Tuskarr', 'AT_104.png', 'Grido di Battaglia: rigenera 7 Salute al tuo eroe se', 'Rara', 'Servitore', NULL, 0, 5, 5, 5, NULL, NULL, 'TGT'),
('AT_105', 'Kvaldir Ferito', 'AT_105.png', 'Grido di Battaglia: infligge 3 danni a SE STESSO.', 'Rara', 'Servitore', NULL, 0, 2, 4, 1, NULL, NULL, 'TGT'),
('AT_106', 'Campione della Luce', 'AT_106.png', 'Grido di Battaglia: Silenzia un Demone.', 'Rara', 'Servitore', NULL, 0, 4, 3, 3, NULL, NULL, 'TGT'),
('AT_108', 'Destriero Corazzato', 'AT_108.png', 'Grido di Battaglia: ottiene Carica se', 'Rara', 'Servitore', 'BEAST', 0, 5, 3, 4, NULL, NULL, 'TGT'),
('AT_109', 'Guardiano d''Argento', 'AT_109.png', 'Non pu&ograve; attaccare. Ispirazione: pu&ograve; attaccare per questo turno.', 'Rara', 'Servitore', NULL, 0, 2, 4, 2, NULL, NULL, 'TGT'),
('AT_110', 'Direttore del Torneo', 'AT_110.png', 'Ispirazione: torna nella tua mano.', 'Rara', 'Servitore', NULL, 0, 2, 5, 3, NULL, NULL, 'TGT'),
('AT_111', 'Mercante di Rinfreschi', 'AT_111.png', 'Grido di Battaglia: rigenera 4 Salute a entrambi gli eroi.', 'Comune', 'Servitore', NULL, 0, 3, 5, 4, NULL, NULL, 'TGT'),
('AT_112', 'Maestro Giostrante', 'AT_112.png', 'Grido di Battaglia: ottiene Provocazione e Scudo Divino se', 'Rara', 'Servitore', NULL, 0, 5, 6, 6, NULL, NULL, 'TGT'),
('AT_113', 'Reclutatore', 'AT_113.png', 'Ispirazione: mette nella tua mano uno Scudiero 2/2.', 'Epica', 'Servitore', NULL, 0, 5, 4, 5, NULL, NULL, 'TGT'),
('AT_114', 'Vessatore Crudele', 'AT_114.png', 'Provocazione', 'Comune', 'Servitore', NULL, 0, 5, 4, 4, NULL, NULL, 'TGT'),
('AT_115', 'Maestro di Scherma', 'AT_115.png', 'Grido di Battaglia: la prossima volta che usi il tuo Potere Eroe', 'Rara', 'Servitore', NULL, 0, 2, 2, 3, NULL, NULL, 'TGT'),
('AT_116', 'Agente dei Draghi', 'AT_116.png', 'Grido di Battaglia: ottiene +1 Attacco e Provocazione se hai un Drago in mano.', 'Rara', 'Servitore', NULL, 0, 1, 4, 2, NULL, NULL, 'TGT'),
('AT_117', 'Gran Cerimoniera', 'AT_117.png', 'Grido di Battaglia: ottiene +2/+2 se controlli un servitore con Danni Magici.', 'Epica', 'Servitore', NULL, 0, 4, 2, 3, NULL, NULL, 'TGT'),
('AT_118', 'Gran Crociata', 'AT_118.png', 'Grido di Battaglia: mette nella tua mano una carta casuale del Paladino.', 'Epica', 'Servitore', NULL, 0, 5, 5, 6, NULL, NULL, 'TGT'),
('AT_119', 'Incursore Kvaldir', 'AT_119.png', 'Ispirazione: ottiene +2/+2.', 'Comune', 'Servitore', NULL, 0, 4, 4, 5, NULL, NULL, 'TGT'),
('AT_120', 'Gigante del Gelo', 'AT_120.png', 'Costa (1) in meno per ogni uso del tuo Potere Eroe in questa partita.', 'Epica', 'Servitore', NULL, 0, 8, 8, 10, NULL, NULL, 'TGT'),
('AT_121', 'Favorito della Folla', 'AT_121.png', 'Ottiene +1/+1 quando giochi una carta con Grido di Battaglia.', 'Epica', 'Servitore', NULL, 0, 4, 4, 4, NULL, NULL, 'TGT'),
('AT_122', 'Gormok l''Impalatore', 'AT_122.png', 'Grido di Battaglia: se controlli almeno altri quattro servitori', 'Leggendaria', 'Servitore', NULL, 0, 4, 4, 4, NULL, NULL, 'TGT'),
('AT_123', 'Faucigelide', 'AT_123.png', 'Provocazione. Rantolo di Morte: infligge 3 danni a TUTTI i servitori se hai un Drago in mano.', 'Leggendaria', 'Servitore', 'DRAGON', 0, 6, 6, 7, NULL, NULL, 'TGT'),
('AT_124', 'Bolf Scudosaldo', 'AT_124.png', 'Subisce i danni al posto dell''eroe.', 'Leggendaria', 'Servitore', NULL, 0, 3, 9, 6, NULL, NULL, 'TGT'),
('AT_125', 'Urlogelido', 'AT_125.png', 'Carica. Non pu&ograve; attaccare gli eroi.', 'Leggendaria', 'Servitore', NULL, 0, 10, 10, 9, NULL, NULL, 'TGT'),
('AT_127', 'Eroe del Nexus Saraad', 'AT_127.png', 'Ispirazione: mette nella tua mano una Magia casuale.', 'Leggendaria', 'Servitore', NULL, 0, 4, 5, 5, NULL, NULL, 'TGT'),
('AT_128', 'Cavaliere Scheletrico', 'AT_128.png', 'Rantolo di Morte: torna nella tua mano se', 'Leggendaria', 'Servitore', NULL, 0, 7, 4, 6, NULL, NULL, 'TGT'),
('AT_129', 'Fjola Irabianca', 'AT_129.png', 'Ottiene Scudo Divino quando &egrave; il bersaglio di una tua Magia.', 'Leggendaria', 'Servitore', NULL, 0, 3, 4, 3, NULL, NULL, 'TGT'),
('AT_130', 'Razziatore dei Mari', 'AT_130.png', 'Quando peschi questa carta', 'Epica', 'Servitore', NULL, 0, 6, 7, 6, NULL, NULL, 'TGT'),
('AT_131', 'Eydis Iranera', 'AT_131.png', 'Quando &egrave; il bersaglio di una tua Magia', 'Leggendaria', 'Servitore', NULL, 0, 3, 4, 3, NULL, NULL, 'TGT'),
('AT_132', 'Giustiziera Cuorsincero', 'AT_132.png', 'Grido di Battaglia: sostituisce il tuo Potere Eroe originale con uno pi&ugrave; potente.', 'Leggendaria', 'Servitore', NULL, 0, 6, 3, 6, NULL, NULL, 'TGT'),
('AT_133', 'Giostrante di Meccania', 'AT_133.png', 'Grido di Battaglia: ottiene +1/+1 se', 'Comune', 'Servitore', NULL, 0, 1, 2, 1, NULL, NULL, 'TGT'),
('BRM_001', 'Veglia Solenne', 'BRM_001.png', 'Pesca 2 carte. Costa (1) in meno per ogni servitore morto in questo turno.', 'Comune', 'Magia', NULL, 0, NULL, NULL, 5, 5, 'BRM', 'BRM'),
('BRM_002', 'Destafiamme', 'BRM_002.png', 'Dopo che hai lanciato una Magia', 'Rara', 'Servitore', NULL, 0, 2, 4, 3, 4, 'BRM', 'BRM'),
('BRM_003', 'Soffio del Drago', 'BRM_003.png', 'Infligge 4 danni. Costa (1) in meno per ogni servitore morto in questo turno.', 'Comune', 'Magia', NULL, 0, NULL, NULL, 5, 1, 'BRM', 'BRM'),
('BRM_004', 'Draghetto Oscuro', 'BRM_004.png', 'Grido di Battaglia: ottiene +2 Salute se hai un Drago in mano.', 'Comune', 'Servitore', 'DRAGON', 0, 2, 1, 1, 3, 'BRM', 'BRM'),
('BRM_005', 'Ira Demoniaca', 'BRM_005.png', 'Infligge 2 danni a TUTTI i servitori non Demoni.', 'Rara', 'Magia', NULL, 0, NULL, NULL, 3, 4, 'BRM', 'BRM'),
('BRM_006', 'Capobanda Imp', 'BRM_006.png', 'Quando subisce danni', 'Comune', 'Servitore', 'DEMON', 0, 2, 4, 3, 2, 'BRM', 'BRM'),
('BRM_007', 'Alleati Segreti', 'BRM_007.png', 'Seleziona un servitore. Ne mette tre copie nel tuo mazzo.', 'Comune', 'Magia', NULL, 0, NULL, NULL, 2, 1, 'BRM', 'BRM'),
('BRM_008', 'Ferroscuro Furtivo', 'BRM_008.png', 'Grido di Battaglia: infligge 2 danni ai servitori nemici non danneggiati.', 'Rara', 'Servitore', NULL, 0, 4, 3, 5, 4, 'BRM', 'BRM'),
('BRM_009', 'Treant Vulcanico', 'BRM_009.png', 'Provocazione. Costa (1) in meno per ogni servitore morto in questo turno.', 'Rara', 'Servitore', NULL, 0, 7, 8, 9, 3, 'BRM', 'BRM'),
('BRM_010', 'Druida delle Fiamme', 'BRM_010.png', 'Scegli: si trasforma in un servitore 5/2 o in un servitore 2/5.', 'Comune', 'Servitore', NULL, 0, 2, 2, 3, 2, 'BRM', 'BRM'),
('BRM_011', 'Folgore di Lava', 'BRM_011.png', 'Infligge 2 danni. Sblocca i Cristalli di Mana in Sovraccarico.', 'Rara', 'Magia', NULL, 0, NULL, NULL, 2, 2, 'BRM', 'BRM'),
('BRM_012', 'Distruttore del Fuoco', 'BRM_012.png', 'Grido di Battaglia: ottiene da 1 a 4 Attacco. Sovraccarico: (1)', 'Comune', 'Servitore', NULL, 0, 3, 6, 4, 4, 'BRM', 'BRM'),
('BRM_013', 'Tiro Rapido', 'BRM_013.png', 'Infligge 3 danni. Se la tua mano &egrave; vuota', 'Comune', 'Magia', NULL, 0, NULL, NULL, 2, 1, 'BRM', 'BRM'),
('BRM_014', 'Furioso del Nucleo', 'BRM_014.png', 'Grido di Battaglia: ottiene +3/+3 se la tua mano &egrave; vuota.', 'Rara', 'Servitore', 'BEAST', 0, 4, 4, 4, 3, 'BRM', 'BRM'),
('BRM_015', 'Rivincita', 'BRM_015.png', 'Infligge 1 |4(danno', 'Rara', 'Magia', NULL, 0, NULL, NULL, 2, 4, 'BRM', 'BRM'),
('BRM_016', 'Lanciatore d''Asce', 'BRM_016.png', 'Quando subisce danni', 'Comune', 'Servitore', NULL, 0, 2, 5, 4, 2, 'BRM', 'BRM'),
('BRM_017', 'Resurrezione', 'BRM_017.png', 'Evoca un tuo servitore casuale morto in questa partita.', 'Rara', 'Magia', NULL, 0, NULL, NULL, 2, 1, 'BRM', 'BRM'),
('BRM_018', 'Consorte del Drago', 'BRM_018.png', 'Grido di Battaglia: il prossimo Drago che giochi costa (2) in meno.', 'Rara', 'Servitore', 'DRAGON', 0, 5, 5, 5, 3, 'BRM', 'BRM'),
('BRM_019', 'Cliente Torvo', 'BRM_019.png', 'Quando subisce danni e sopravvive', 'Rara', 'Servitore', NULL, 0, 3, 3, 5, 1, 'BRM', 'BRM'),
('BRM_020', 'Dragoide Occultista', 'BRM_020.png', 'Ottiene +1/+1 quando &egrave; il bersaglio di una tua Magia.', 'Comune', 'Servitore', 'DRAGON', 0, 3, 5, 4, 5, 'BRM', 'BRM'),
('BRM_022', 'Uovo di Drago', 'BRM_022.png', 'Quando subisce danni', 'Rara', 'Servitore', NULL, 0, 0, 2, 1, 3, 'BRM', 'BRM'),
('BRM_024', 'Distruttore Draconide', 'BRM_024.png', 'Grido di Battaglia: ottiene +3/+3 se l''eroe avversario ha Salute pari a 15 o inferiore.', 'Comune', 'Servitore', 'DRAGON', 0, 6, 6, 6, 5, 'BRM', 'BRM'),
('BRM_025', 'Draco Vulcanico', 'BRM_025.png', 'Costa (1) in meno per ogni servitore morto in questo turno.', 'Comune', 'Servitore', 'DRAGON', 0, 6, 4, 6, 5, 'BRM', 'BRM'),
('BRM_026', 'Drago Affamato', 'BRM_026.png', 'Grido di Battaglia: evoca un servitore casuale da 1 Mana sotto il controllo dell''avversario.', 'Comune', 'Servitore', 'DRAGON', 0, 5, 6, 4, 4, 'BRM', 'BRM'),
('BRM_027', 'Executus', 'BRM_027.png', 'Rantolo di Morte: sostituisce il tuo eroe con Ragnaros il Signore del Fuoco.', 'Leggendaria', 'Servitore', NULL, 0, 9, 7, 9, 2, 'BRM', 'BRM'),
('BRM_028', 'Thaurissan', 'BRM_028.png', 'Alla fine del tuo turno', 'Leggendaria', 'Servitore', NULL, 0, 5, 5, 6, 1, 'BRM', 'BRM'),
('BRM_029', 'Rend Manonera', 'BRM_029.png', 'Grido di Battaglia: distrugge un servitore Leggendario se hai un Drago in mano.', 'Leggendaria', 'Servitore', NULL, 0, 8, 4, 7, 3, 'BRM', 'BRM'),
('BRM_030', 'Nefarian', 'BRM_030.png', 'Grido di Battaglia: mette nella tua mano 2 Magie casuali della classe dell''avversario.', 'Leggendaria', 'Servitore', 'DRAGON', 0, 8, 8, 9, 5, 'BRM', 'BRM'),
('BRM_031', 'Cromaggus', 'BRM_031.png', 'Quando peschi una carta', 'Leggendaria', 'Servitore', 'DRAGON', 0, 6, 8, 8, 4, 'BRM', 'BRM'),
('BRM_033', 'Tecnica Ala Nera', 'BRM_033.png', 'Grido di Battaglia: ottiene +1/+1 se hai un Drago in mano. ', 'Comune', 'Servitore', NULL, 0, 2, 4, 3, 2, 'BRM', 'BRM'),
('BRM_034', 'Corruttore Ala Nera', 'BRM_034.png', 'Grido di Battaglia: infligge 3 danni se hai un Drago in mano.', 'Comune', 'Servitore', NULL, 0, 5, 4, 5, 5, 'BRM', 'BRM'),
('CFM_020', 'Raza l''Incatenato', 'CFM_020.png', 'Grido di Battaglia: se il tuo mazzo ha attualmente una sola copia per carta', 'Leggendaria', 'Servitore', NULL, 0, 5, 5, 5, NULL, NULL, 'GANGS'),
('CFM_021', 'Pozione Congelante', 'CFM_021.png', 'Congela un nemico.', 'Comune', 'Magia', NULL, 0, NULL, NULL, 0, NULL, NULL, 'GANGS'),
('CFM_025', 'Furtobot', 'CFM_025.png', 'Quando attacca un servitore e sopravvive', 'Epica', 'Servitore', 'MECHANICAL', 0, 5, 5, 6, NULL, NULL, 'GANGS'),
('CFM_026', 'Cassa Nascosta', 'CFM_026.png', 'Segreto: dopo che l''avversario gioca un servitore', 'Rara', 'Magia', NULL, 0, NULL, NULL, 2, NULL, NULL, 'GANGS'),
('CFM_039', 'Truffatore di Strada', 'CFM_039.png', '+1 Danni Magici', 'Comune', 'Servitore', 'DEMON', 0, 0, 7, 3, NULL, NULL, 'GANGS'),
('CFM_060', 'Dragone di Mana Rosso', 'CFM_060.png', 'Ottiene +2 Attacco quando lanci una Magia.', 'Comune', 'Servitore', NULL, 0, 2, 6, 5, NULL, NULL, 'GANGS'),
('CFM_061', 'Oratore dell''Acqua Jinyu', 'CFM_061.png', 'Grido di Battaglia: rigenera 6 Salute. Sovraccarico: (1)', 'Rara', 'Servitore', NULL, 0, 3, 6, 4, NULL, NULL, 'GANGS'),
('CFM_062', 'Protettore Famigerato', 'CFM_062.png', 'Provocazione. Grido di Battaglia: fornisce Scudo Divino ai servitori adiacenti.', 'Rara', 'Servitore', NULL, 0, 6, 6, 7, NULL, NULL, 'GANGS'),
('CFM_063', 'Alchimista Disturbato', 'CFM_063.png', 'Grido di Battaglia: scambia Attacco e Salute di un servitore.', 'Comune', 'Servitore', NULL, 0, 4, 4, 4, NULL, NULL, 'GANGS'),
('CFM_064', 'Barone Grasso', 'CFM_064.png', 'Finch&agrave; resta nella tua mano', 'Epica', 'Servitore', NULL, 0, 1, 1, 3, NULL, NULL, 'GANGS'),
('CFM_065', 'Pozione Vulcanica', 'CFM_065.png', 'Infligge 2 danni a TUTTI i servitori.', 'Rara', 'Magia', NULL, 0, NULL, NULL, 3, NULL, NULL, 'GANGS'),
('CFM_066', 'Lacch&egrave; della Kabala', 'CFM_066.png', 'Grido di Battaglia: il prossimo Segreto che giochi in questo turno costa (0).', 'Comune', 'Servitore', NULL, 0, 2, 1, 1, NULL, NULL, 'GANGS'),
('CFM_067', 'Guaritore Hozen', 'CFM_067.png', 'Grido di Battaglia: rigenera la Salute di un servitore al massimo.', 'Comune', 'Servitore', NULL, 0, 2, 6, 4, NULL, NULL, 'GANGS'),
('CFM_094', 'Pozione di Vilfuoco', 'CFM_094.png', 'Infligge 5 danni a TUTTI i personaggi.', 'Rara', 'Magia', NULL, 0, NULL, NULL, 6, NULL, NULL, 'GANGS'),
('CFM_095', 'Donnola Scavatrice', 'CFM_095.png', 'Rantolo di Morte: mette questo servitore nel mazzo dell''avversario.', 'Epica', 'Servitore', 'BEAST', 0, 1, 1, 1, NULL, NULL, 'GANGS'),
('CFM_120', 'Signora delle Pozioni', 'CFM_120.png', 'Rantolo di Morte: rigenera 4 Salute a entrambi gli eroi.', 'Comune', 'Servitore', NULL, 0, 2, 2, 1, NULL, NULL, 'GANGS'),
('CFM_300', 'Avvocato Difensore', 'CFM_300.png', 'Provocazione', 'Comune', 'Servitore', NULL, 0, 0, 7, 2, NULL, NULL, 'GANGS'),
('CFM_305', 'Contrabbando d''Armi', 'CFM_305.png', '+1/+1 ai servitori nella tua mano.', 'Comune', 'Magia', NULL, 0, NULL, NULL, 1, NULL, NULL, 'GANGS'),
('CFM_308', 'Kun il Re Dimenticato', 'CFM_308.png', 'Scegli: fornisce 10 Armatura o ricarica i tuoi Cristalli di Mana.', 'Leggendaria', 'Servitore', NULL, 0, 7, 7, 10, NULL, NULL, 'GANGS'),
('CFM_310', 'Pioggia di Murloc', 'CFM_310.png', 'Evoca quattro Murloc 1/1.', 'Comune', 'Magia', NULL, 0, NULL, NULL, 4, NULL, NULL, 'GANGS'),
('CFM_312', 'Mogu di Giada', 'CFM_312.png', 'Grido di Battaglia: evoca un Golem di Giada {0} e gli fornisce Provocazione.', 'Comune', 'Servitore', NULL, 0, 5, 5, 7, NULL, NULL, 'GANGS'),
('CFM_313', 'Ricerca Ancestrale', 'CFM_313.png', 'Rinvieni una carta con Sovraccarico. Sovraccarico: (1)', 'Epica', 'Magia', NULL, 0, NULL, NULL, 1, NULL, NULL, 'GANGS'),
('CFM_315', 'Gatto Randagio', 'CFM_315.png', 'Grido di Battaglia: evoca un Gatto Soriano 1/1.', 'Comune', 'Servitore', 'BEAST', 0, 1, 1, 1, NULL, NULL, 'GANGS'),
('CFM_316', 'Ratto Capobranco', 'CFM_316.png', 'Rantolo di Morte: evoca un numero di Ratti 1/1 pari al proprio attacco.', 'Epica', 'Servitore', 'BEAST', 0, 2, 2, 3, NULL, NULL, 'GANGS'),
('CFM_321', 'Delatore Famigerato', 'CFM_321.png', 'Grido di Battaglia: Rinvieni una carta del Cacciatore', 'Rara', 'Servitore', NULL, 0, 1, 1, 2, NULL, NULL, 'GANGS'),
('CFM_324', 'Occhi Bianchi', 'CFM_324.png', 'Provocazione. Rantolo di Morte: mette un Guardiano della Tempesta nel tuo mazzo.', 'Leggendaria', 'Servitore', NULL, 0, 5, 5, 5, NULL, NULL, 'GANGS'),
('CFM_325', 'Bucaniere Minuto', 'CFM_325.png', 'Ha +2 Attacco finch&agrave; hai un''Arma equipaggiata.', 'Rara', 'Servitore', 'PIRATE', 0, 1, 2, 1, NULL, NULL, 'GANGS'),
('CFM_328', 'Promotrice di Scontri', 'CFM_328.png', 'Grido di Battaglia: se controlli un servitore con Salute pari a 6 o superiore', 'Epica', 'Servitore', NULL, 0, 4, 4, 6, NULL, NULL, 'GANGS'),
('CFM_333', 'Il Pugnitore', 'CFM_333.png', 'Dopo che attacca un servitore', 'Leggendaria', 'Servitore', 'BEAST', 0, 3, 7, 5, NULL, NULL, 'GANGS'),
('CFM_334', 'Cassa Contrabbandata', 'CFM_334.png', '+2/+2 a una Bestia casuale nella tua mano.', 'Comune', 'Magia', NULL, 0, NULL, NULL, 1, NULL, NULL, 'GANGS'),
('CFM_335', 'Kodo Spietato', 'CFM_335.png', 'Grido di Battaglia: infligge danni pari al proprio Attacco.', 'Rara', 'Servitore', 'BEAST', 0, 2, 4, 4, NULL, NULL, 'GANGS'),
('CFM_336', 'Sparalampi Instabile', 'CFM_336.png', 'Rantolo di Morte: +2/+2 a un servitore casuale nella tua mano.', 'Comune', 'Servitore', NULL, 0, 3, 3, 3, NULL, NULL, 'GANGS'),
('CFM_337', 'Lanciapiranha', 'CFM_337.png', 'Dopo che il tuo eroe attacca', 'Epica', 'Arma', NULL, 0, 2, 4, 5, NULL, NULL, 'GANGS'),
('CFM_338', 'Domabestie Trogg', 'CFM_338.png', 'Grido di Battaglia: +1/+1 a una Bestia casuale nella tua mano.', 'Rara', 'Servitore', NULL, 0, 3, 2, 2, NULL, NULL, 'GANGS'),
('CFM_341', 'Sergente Sally', 'CFM_341.png', 'Rantolo di Morte: infligge danni pari al proprio Attacco ai servitori nemici.', 'Leggendaria', 'Servitore', NULL, 0, 1, 1, 3, NULL, NULL, 'GANGS'),
('CFM_342', 'Bucaniere Grumyan', 'CFM_342.png', 'Grido di Battaglia: ottiene +4/+4 se la tua Arma ha almeno 3 Attacco.', 'Epica', 'Servitore', 'PIRATE', 0, 5, 5, 6, NULL, NULL, 'GANGS'),
('CFM_343', 'Behemoth di Giada', 'CFM_343.png', 'Provocazione. Grido di Battaglia: evoca un Golem di Giada {0}.', 'Comune', 'Servitore', NULL, 0, 3, 6, 6, NULL, NULL, 'GANGS'),
('CFM_344', 'Pinja la Stella Volante', 'CFM_344.png', 'Furtivit&agrave; . Quando attacca e distrugge un servitore', 'Leggendaria', 'Servitore', 'Murloc', 0, 2, 4, 5, NULL, NULL, 'GANGS'),
('CFM_602', 'Idolo di Giada', 'CFM_602.png', 'Scegli: evoca un Golem di Giada {0} o mette tre copie di questa carta nel tuo mazzo.', 'Rara', 'Magia', NULL, 0, NULL, NULL, 1, NULL, NULL, 'GANGS'),
('CFM_603', 'Pozione della Follia', 'CFM_603.png', 'Prendi il controllo di un servitore nemico con Attacco pari a 2 o inferiore fino alla fine del turno.', 'Comune', 'Magia', NULL, 0, NULL, NULL, 1, NULL, NULL, 'GANGS'),
('CFM_604', 'Pozione Superiore di Cura', 'CFM_604.png', 'Rigenera 12 Salute a un tuo personaggio.', 'Rara', 'Magia', NULL, 0, NULL, NULL, 4, NULL, NULL, 'GANGS'),
('CFM_605', 'Agente Draconide', 'CFM_605.png', 'Grido di Battaglia: Rinvieni una carta dal mazzo dell''avversario se hai un Drago in mano.', 'Rara', 'Servitore', 'DRAGON', 0, 5, 6, 5, NULL, NULL, 'GANGS'),
('CFM_606', 'Geode di Mana', 'CFM_606.png', 'Quando viene curato', 'Epica', 'Servitore', NULL, 0, 2, 3, 2, NULL, NULL, 'GANGS'),
('CFM_608', 'Pozione Spezzacristalli', 'CFM_608.png', 'Distrugge un servitore e un tuo Cristallo di Mana.', 'Comune', 'Magia', NULL, 0, NULL, NULL, 4, NULL, NULL, 'GANGS'),
('CFM_609', 'Vilorco Demoniaco', 'CFM_609.png', 'All''inizio del tuo turno', 'Epica', 'Servitore', NULL, 0, 3, 7, 3, NULL, NULL, 'GANGS'),
('CFM_610', 'Tessicristalli', 'CFM_610.png', 'Grido di Battaglia: +1/+1 ai tuoi Demoni.', 'Comune', 'Servitore', NULL, 0, 5, 4, 4, NULL, NULL, 'GANGS'),
('CFM_611', 'Pozione Furiarossa', 'CFM_611.png', '+3 Attacco a un servitore. Se &egrave; un Demone', 'Rara', 'Magia', NULL, 0, NULL, NULL, 3, NULL, NULL, 'GANGS'),
('CFM_614', 'Marchio del Loto', 'CFM_614.png', '+1/+1 ai tuoi servitori.', 'Comune', 'Magia', NULL, 0, NULL, NULL, 1, NULL, NULL, 'GANGS'),
('CFM_616', 'Potere Rubato', 'CFM_616.png', 'Fornisce 1 Cristallo di Mana vuoto per ogni tuo servitore.', 'Epica', 'Magia', NULL, 0, NULL, NULL, 3, NULL, NULL, 'GANGS'),
('CFM_617', 'Sognatrice Celestiale', 'CFM_617.png', 'Grido di Battaglia: ottiene +2/+2 se controlli un servitore con Attacco pari a 5 o superiore.', 'Rara', 'Servitore', NULL, 0, 3, 3, 3, NULL, NULL, 'GANGS'),
('CFM_619', 'Alchimista della Kabala', 'CFM_619.png', 'Grido di Battaglia: mette nella tua mano una Pozione casuale.', 'Comune', 'Servitore', NULL, 0, 3, 3, 4, NULL, NULL, 'GANGS'),
('CFM_620', 'Pozione di Metamorfosi', 'CFM_620.png', 'Segreto: dopo che l''avversario gioca un servitore', 'Rara', 'Magia', NULL, 0, NULL, NULL, 3, NULL, NULL, 'GANGS'),
('CFM_621', 'Kazakus', 'CFM_621.png', 'Grido di Battaglia: se il tuo mazzo ha attualmente una sola copia per carta', 'Leggendaria', 'Servitore', NULL, 0, 3, 3, 4, NULL, NULL, 'GANGS'),
('CFM_623', 'Missili Arcani Superiori', 'CFM_623.png', 'Lancia tre missili infliggendo 3 danni ciascuno a nemici casuali.', 'Epica', 'Magia', NULL, 0, NULL, NULL, 7, NULL, NULL, 'GANGS'),
('CFM_626', 'Sacerdote della Kabala', 'CFM_626.png', 'Grido di Battaglia: +3 Salute a un tuo servitore.', 'Comune', 'Servitore', NULL, 0, 3, 4, 3, NULL, NULL, 'GANGS'),
('CFM_630', 'Moneta Contraffatta', 'CFM_630.png', 'Fornisce 1 Cristallo di Mana solo per questo turno.', 'Rara', 'Magia', NULL, 0, NULL, NULL, 0, NULL, NULL, 'GANGS'),
('CFM_631', 'Tirapugni d''Ottone', 'CFM_631.png', 'Dopo che il tuo eroe attacca', 'Epica', 'Arma', NULL, 0, 2, 3, 4, NULL, NULL, 'GANGS'),
('CFM_634', 'Assassino del Loto', 'CFM_634.png', 'Furtivit&agrave; . Ottiene Furtivit&agrave;  quando attacca e distrugge un servitore.', 'Epica', 'Servitore', NULL, 0, 5, 5, 5, NULL, NULL, 'GANGS'),
('CFM_636', 'Furia d''Ombra', 'CFM_636.png', 'Furtivit&agrave; ', 'Comune', 'Servitore', NULL, 0, 5, 1, 3, NULL, NULL, 'GANGS'),
('CFM_637', 'Sghigno il Pirata', 'CFM_637.png', 'Carica. Dopo che giochi un Pirata', 'Leggendaria', 'Servitore', 'PIRATE', 0, 1, 1, 1, NULL, NULL, 'GANGS'),
('CFM_639', 'Scagnozzo Famigerato', 'CFM_639.png', 'Alla fine del tuo turno', 'Rara', 'Servitore', NULL, 0, 4, 4, 5, NULL, NULL, 'GANGS'),
('CFM_643', 'Hobart Multivite', 'CFM_643.png', 'Grido di Battaglia: +1 Attacco a tutte le Armi nella tua mano e nel tuo mazzo.', 'Leggendaria', 'Servitore', NULL, 0, 2, 2, 2, NULL, NULL, 'GANGS'),
('CFM_646', 'Contaminato dei Vicoli', 'CFM_646.png', 'Rantolo di Morte: infligge 2 danni all''eroe nemico.', 'Comune', 'Servitore', NULL, 0, 3, 1, 3, NULL, NULL, 'GANGS'),
('CFM_647', 'Cecchino Soffiamaree', 'CFM_647.png', 'Grido di Battaglia: infligge 1 danno.', 'Comune', 'Servitore', 'Murloc', 0, 2, 1, 2, NULL, NULL, 'GANGS'),
('CFM_648', 'Pesce Grosso', 'CFM_648.png', 'Grido di Battaglia: evoca un Ogre 6/6.', 'Comune', 'Servitore', NULL, 0, 1, 1, 6, NULL, NULL, 'GANGS'),
('CFM_649', 'Corriere della Kabala', 'CFM_649.png', 'Grido di Battaglia: Rinvieni una carta del Mago', 'Rara', 'Servitore', NULL, 0, 2, 2, 3, NULL, NULL, 'GANGS'),
('CFM_650', 'Furfante Scagliasalda', 'CFM_650.png', 'Grido di Battaglia: +1/+1 a un Murloc casuale nella tua mano.', 'Comune', 'Servitore', 'Murloc', 0, 2, 1, 1, NULL, NULL, 'GANGS'),
('CFM_651', 'Corsara Naga', 'CFM_651.png', 'Grido di Battaglia: +1 Attacco alla tua Arma.', 'Comune', 'Servitore', 'PIRATE', 0, 5, 4, 4, NULL, NULL, 'GANGS'),
('CFM_652', 'Picchiatore Inetto', 'CFM_652.png', 'Provocazione. Costa (2) in meno se il tuo avversario ha almeno tre servitori.', 'Rara', 'Servitore', NULL, 0, 4, 5, 5, NULL, NULL, 'GANGS'),
('CFM_653', 'Sicario a Carbone', 'CFM_653.png', 'Provocazione', 'Comune', 'Servitore', NULL, 0, 4, 3, 3, NULL, NULL, 'GANGS'),
('CFM_654', 'Barista Amichevole', 'CFM_654.png', 'Alla fine del tuo turno', 'Comune', 'Servitore', NULL, 0, 2, 3, 2, NULL, NULL, 'GANGS'),
('CFM_655', 'Melma di Fogna', 'CFM_655.png', 'Grido di Battaglia: rimuove 1 Integrit&agrave;  dall''Arma dell''avversario.', 'Comune', 'Servitore', NULL, 0, 4, 3, 3, NULL, NULL, 'GANGS'),
('CFM_656', 'Investigatore Privato', 'CFM_656.png', 'Grido di Battaglia: i servitori nemici perdono Furtivit&agrave; .', 'Comune', 'Servitore', NULL, 0, 4, 6, 5, NULL, NULL, 'GANGS'),
('CFM_657', 'Rubasuoni della Kabala', 'CFM_657.png', 'Grido di Battaglia: Silenzia un servitore.', 'Comune', 'Servitore', NULL, 0, 5, 5, 5, NULL, NULL, 'GANGS'),
('CFM_658', 'Buttafuori Minaccioso', 'CFM_658.png', 'Ottiene +1 Attacco quando un tuo servitore muore.', 'Rara', 'Servitore', NULL, 0, 4, 4, 4, NULL, NULL, 'GANGS'),
('CFM_659', 'Gnoma Emancipata', 'CFM_659.png', 'Grido di Battaglia: rigenera 2 Salute.', 'Comune', 'Servitore', NULL, 0, 2, 2, 2, NULL, NULL, 'GANGS'),
('CFM_660', 'Incantatrice d''Anime', 'CFM_660.png', 'Grido di Battaglia: seleziona un tuo servitore. Ne mette una copia nel tuo mazzo.', 'Epica', 'Servitore', NULL, 0, 3, 4, 3, NULL, NULL, 'GANGS'),
('CFM_661', 'Pozione Rimpicciolente', 'CFM_661.png', '-3 Attacco ai servitori nemici per questo turno.', 'Rara', 'Magia', NULL, 0, NULL, NULL, 1, NULL, NULL, 'GANGS'),
('CFM_662', 'Pozione di Dragonfuoco', 'CFM_662.png', 'Infligge 5 danni a TUTTI i servitori non Draghi.', 'Epica', 'Magia', NULL, 0, NULL, NULL, 6, NULL, NULL, 'GANGS'),
('CFM_663', 'Trafficante della Kabala', 'CFM_663.png', 'Alla fine del tuo turno', 'Epica', 'Servitore', NULL, 0, 6, 6, 6, NULL, NULL, 'GANGS'),
('CFM_665', 'Worgen Impomatato', 'CFM_665.png', NULL, 'Comune', 'Servitore', NULL, 0, 6, 3, 4, NULL, NULL, 'GANGS'),
('CFM_666', 'Maestro di Grug Fu', 'CFM_666.png', 'Furia del Vento', 'Comune', 'Servitore', NULL, 0, 3, 5, 5, NULL, NULL, 'GANGS'),
('CFM_667', 'Artificiera Goffa', 'CFM_667.png', 'Grido di Battaglia: infligge 5 danni a un servitore nemico. Rantolo di Morte: infligge 5 danni al tuo eroe.', 'Rara', 'Servitore', NULL, 0, 2, 2, 5, NULL, NULL, 'GANGS'),
('CFM_668', 'Senzavolto Multiforma', 'CFM_668.png', 'Grido di Battaglia: evoca due copie di se stesso.', 'Rara', 'Servitore', NULL, 0, 2, 2, 5, NULL, NULL, 'GANGS'),
('CFM_669', 'Trogg Borsaiolo', 'CFM_669.png', 'Quando l''avversario lancia una Magia', 'Epica', 'Servitore', NULL, 0, 4, 6, 5, NULL, NULL, 'GANGS'),
('CFM_670', 'Sindaco Granstrippo', 'CFM_670.png', 'TUTTI i bersagli vengono scelti casualmente.', 'Leggendaria', 'Servitore', NULL, 0, 5, 4, 9, NULL, NULL, 'GANGS'),
('CFM_671', 'Criomante', 'CFM_671.png', 'Grido di Battaglia: ottiene +2/+2 se un nemico &egrave; Congelato.', 'Comune', 'Servitore', NULL, 0, 5, 5, 5, NULL, NULL, 'GANGS'),
('CFM_672', 'Dama Goya', 'CFM_672.png', 'Grido di Battaglia: seleziona un tuo servitore. Lo scambia con un servitore casuale nel tuo mazzo.', 'Leggendaria', 'Servitore', NULL, 0, 4, 3, 6, NULL, NULL, 'GANGS'),
('CFM_685', 'Don Han''cho', 'CFM_685.png', 'Grido di Battaglia: +5/+5 a un servitore casuale nella tua mano.', 'Leggendaria', 'Servitore', NULL, 0, 5, 6, 7, NULL, NULL, 'GANGS'),
('CFM_687', 'Tatuatrice Solia', 'CFM_687.png', 'Grido di Battaglia: se il tuo mazzo ha attualmente una sola copia per carta', 'Leggendaria', 'Servitore', NULL, 0, 5, 5, 7, NULL, NULL, 'GANGS'),
('CFM_688', 'Verrociclista Borchiato', 'CFM_688.png', 'Grido di Battaglia: ottiene Carica se un servitore nemico ha Provocazione.', 'Rara', 'Servitore', NULL, 0, 5, 5, 5, NULL, NULL, 'GANGS'),
('CFM_690', 'Shuriken di Giada', 'CFM_690.png', 'Infligge 2 danni. Combo: evoca un Golem di Giada {0}.', 'Comune', 'Magia', NULL, 0, NULL, NULL, 2, NULL, NULL, 'GANGS'),
('CFM_691', 'Brulicatore di Giada', 'CFM_691.png', 'Furtivit&agrave; . Rantolo di Morte: evoca un Golem di Giada {0}.', 'Comune', 'Servitore', NULL, 0, 1, 1, 2, NULL, NULL, 'GANGS'),
('CFM_693', 'Nocchiere di Meccania', 'CFM_693.png', 'Combo: fa tornare un tuo servitore nella tua mano.', 'Rara', 'Servitore', NULL, 0, 2, 3, 2, NULL, NULL, 'GANGS'),
('CFM_694', 'Sensei dell''Ombra', 'CFM_694.png', 'Grido di Battaglia: +2/+2 a un servitore Furtivo.', 'Rara', 'Servitore', NULL, 0, 4, 4, 4, NULL, NULL, 'GANGS'),
('CFM_696', 'Involuzione', 'CFM_696.png', 'Trasforma i servitori nemici in servitori casuali che costano (1) in meno.', 'Rara', 'Magia', NULL, 0, NULL, NULL, 2, NULL, NULL, 'GANGS'),
('CFM_697', 'Illusionista del Loto', 'CFM_697.png', 'Dopo che ha attaccato un eroe', 'Epica', 'Servitore', NULL, 0, 3, 5, 4, NULL, NULL, 'GANGS'),
('CFM_699', 'Diavolo di Mare', 'CFM_699.png', 'Grido di Battaglia: il prossimo Murloc che giochi in questo turno costa Salute invece di Mana.', 'Rara', 'Servitore', 'Murloc', 0, 4, 2, 4, NULL, NULL, 'GANGS'),
('CFM_707', 'Fulmine di Giada', 'CFM_707.png', 'Infligge 4 danni. Evoca un Golem di Giada {0}.', 'Comune', 'Magia', NULL, 0, NULL, NULL, 4, NULL, NULL, 'GANGS'),
('CFM_713', 'Bocciolo di Giada', 'CFM_713.png', 'Evoca un Golem di Giada {0}. Fornisce 1 Cristallo di Mana vuoto.', 'Comune', 'Magia', NULL, 0, NULL, NULL, 3, NULL, NULL, 'GANGS'),
('CFM_715', 'Spirito di Giada', 'CFM_715.png', 'Grido di Battaglia: evoca un Golem di Giada {0}.', 'Comune', 'Servitore', NULL, 0, 2, 3, 4, NULL, NULL, 'GANGS'),
('CFM_716', 'Dormire con i Pesci', 'CFM_716.png', 'Infligge 3 danni a TUTTI i servitori danneggiati.', 'Epica', 'Magia', NULL, 0, NULL, NULL, 2, NULL, NULL, 'GANGS'),
('CFM_717', 'Artigli di Giada', 'CFM_717.png', 'Grido di Battaglia: evoca un Golem di Giada. Sovraccarico: (1)', 'Rara', 'Arma', NULL, 0, 2, 2, 2, NULL, NULL, 'GANGS'),
('CFM_750', 'Krul il Liberato', 'CFM_750.png', 'Grido di Battaglia: se il tuo mazzo ha attualmente una sola copia per carta', 'Leggendaria', 'Servitore', 'DEMON', 0, 7, 9, 9, NULL, NULL, 'GANGS'),
('CFM_751', 'Protettore Abissale', 'CFM_751.png', 'Grido di Battaglia: infligge 3 danni a TUTTI gli altri personaggi.', 'Comune', 'Servitore', 'DEMON', 0, 6, 6, 7, NULL, NULL, 'GANGS'),
('CFM_752', 'Merci Rubate', 'CFM_752.png', '+3/+3 a un servitore casuale con Provocazione nella tua mano.', 'Rara', 'Magia', NULL, 0, NULL, NULL, 2, NULL, NULL, 'GANGS'),
('CFM_753', 'Ricettatore Famigerato', 'CFM_753.png', 'Grido di Battaglia: +1/+1 ai servitori nella tua mano.', 'Comune', 'Servitore', NULL, 0, 1, 1, 2, NULL, NULL, 'GANGS'),
('CFM_754', 'Armiere Torvo', 'CFM_754.png', 'Alla fine del tuo turno', 'Comune', 'Servitore', NULL, 0, 4, 3, 4, NULL, NULL, 'GANGS'),
('CFM_755', 'Rigattiera Famigerata', 'CFM_755.png', 'Grido di Battaglia: +1/+1 a un''Arma casuale nella tua mano.', 'Rara', 'Servitore', NULL, 0, 3, 3, 3, NULL, NULL, 'GANGS'),
('CFM_756', 'Fabbro di Strada', 'CFM_756.png', 'Provocazione. Quando infligge danni', 'Rara', 'Servitore', NULL, 0, 2, 7, 5, NULL, NULL, 'GANGS'),
('CFM_759', 'Sceriffo di Meccania', 'CFM_759.png', 'Rantolo di Morte: se ha almeno 2 Attacco', 'Epica', 'Servitore', NULL, 0, 1, 2, 1, NULL, NULL, 'GANGS'),
('CFM_760', 'Portacristalli della Kabala', 'CFM_760.png', 'Costa (2) in meno per ogni Segreto che hai giocato in questa partita.', 'Rara', 'Servitore', NULL, 0, 5, 5, 6, NULL, NULL, 'GANGS'),
('CFM_781', 'Shaku il Collezionista', 'CFM_781.png', 'Furtivit&agrave; . Quando attacca', 'Leggendaria', 'Servitore', NULL, 0, 2, 3, 3, NULL, NULL, 'GANGS'),
('CFM_790', 'Talpa di Fogna', 'CFM_790.png', 'Provocazione. Grido di Battaglia: l''avversario mette sul campo un servitore casuale dalla sua mano.', 'Epica', 'Servitore', NULL, 0, 2, 6, 2, NULL, NULL, 'GANGS'),
('CFM_800', 'Kodo da Fuga', 'CFM_800.png', 'Segreto: quando un tuo servitore muore', 'Rara', 'Magia', NULL, 0, NULL, NULL, 1, NULL, NULL, 'GANGS'),
('CFM_806', 'Irathion', 'CFM_806.png', 'Provocazione. Grido di Battaglia: pesca carte finch&agrave; non peschi una carta non Drago.', 'Leggendaria', 'Servitore', NULL, 0, 4, 5, 6, NULL, NULL, 'GANGS'),
('CFM_807', 'Banditore Beardo', 'CFM_807.png', 'Dopo che lanci una Magia', 'Leggendaria', 'Servitore', NULL, 0, 3, 4, 3, NULL, NULL, 'GANGS'),
('CFM_808', 'Genzo lo Squalo', 'CFM_808.png', 'Quando attacca', 'Leggendaria', 'Servitore', NULL, 0, 5, 4, 4, NULL, NULL, 'GANGS'),
('CFM_809', 'Verrociclista di Tanaris', 'CFM_809.png', 'Grido di Battaglia: ottiene Carica se la mano dell''avversario &egrave; vuota.', 'Comune', 'Servitore', NULL, 0, 4, 4, 4, NULL, NULL, 'GANGS'),
('CFM_810', 'Verrociclista Capo', 'CFM_810.png', 'Grido di Battaglia: ottiene Carica se l''avversario ha 6 o pi&ugrave; carte in mano.', 'Epica', 'Servitore', NULL, 0, 6, 6, 6, NULL, NULL, 'GANGS'),
('CFM_811', 'Visioni Lunari', 'CFM_811.png', 'Pesca 2 carte. I servitori pescati costano (2) in meno.', 'Epica', 'Magia', NULL, 0, NULL, NULL, 5, NULL, NULL, 'GANGS'),
('CFM_815', 'Bronin Trincafiamme', 'CFM_815.png', 'Provocazione. Scudo Divino. Quando infligge danni', 'Leggendaria', 'Servitore', NULL, 0, 2, 2, 3, NULL, NULL, 'GANGS'),
('CFM_816', 'Leproratto Sensei', 'CFM_816.png', 'Grido di Battaglia: +2/+2 a una tua Bestia.', 'Rara', 'Servitore', NULL, 0, 4, 5, 5, NULL, NULL, 'GANGS'),
('CFM_851', 'Giornalista Audace', 'CFM_851.png', 'Ottiene +1/+1 quando l''avversario pesca una carta.', 'Comune', 'Servitore', NULL, 0, 3, 3, 4, NULL, NULL, 'GANGS'),
('CFM_852', 'Agenti del Loto', 'CFM_852.png', 'Grido di Battaglia: Rinvieni una carta del Druido, del Ladro o dello Sciamano', 'Rara', 'Servitore', NULL, 0, 5, 3, 5, NULL, NULL, 'GANGS'),
('CFM_853', 'Trafficante Famigerata', 'CFM_853.png', 'Grido di Battaglia: +1/+1 a un servitore casuale nella tua mano.', 'Comune', 'Servitore', NULL, 0, 2, 4, 3, NULL, NULL, 'GANGS'),
('CFM_854', 'Antico dei Boccioli', 'CFM_854.png', 'Provocazione', 'Comune', 'Servitore', NULL, 0, 3, 8, 6, NULL, NULL, 'GANGS'),
('CFM_855', 'Risolutore Defias', 'CFM_855.png', 'Grido di Battaglia: Silenzia un servitore con Rantolo di Morte.', 'Epica', 'Servitore', NULL, 0, 5, 7, 6, NULL, NULL, 'GANGS'),
('CFM_900', 'Speziale Demoniaco', 'CFM_900.png', 'Quando viene evocato un servitore sotto il tuo controllo', 'Epica', 'Servitore', 'DEMON', 0, 5, 5, 3, NULL, NULL, 'GANGS'),
('CFM_902', 'Aya Zampa Nera', 'CFM_902.png', 'Grido di Battaglia e Rantolo di Morte: evoca un Golem di Giada {0}.', 'Leggendaria', 'Servitore', NULL, 0, 5, 3, 6, NULL, NULL, 'GANGS'),
('CFM_905', 'Nuove Reclute', 'CFM_905.png', 'Pesca tre servitori casuali da 1 Mana dal tuo mazzo.', 'Epica', 'Magia', NULL, 0, NULL, NULL, 3, NULL, NULL, 'GANGS'),
('CFM_940', 'Protezione Testimoni', 'CFM_940.png', 'Rinvieni un servitore con Provocazione.', 'Comune', 'Magia', NULL, 0, NULL, NULL, 1, NULL, NULL, 'GANGS'),
('CS1_042', 'Fante di Borgodoro', 'CS1_042.png', 'Provocazione', 'Comune', 'Servitore', NULL, 0, 1, 2, 1, NULL, NULL, 'CORE'),
('CS1_069', 'Aberrazione delle Paludi', 'CS1_069.png', 'Provocazione', 'Comune', 'Servitore', NULL, 0, 3, 6, 5, NULL, NULL, 'EXPERT1'),
('CS1_112', 'Esplosione Sacra', 'CS1_112.png', 'Infligge 2 danni ai nemici. Rigenera 2 Salute ai tuoi personaggi.', 'Comune', 'Magia', NULL, 0, NULL, NULL, 5, NULL, NULL, 'CORE'),
('CS1_113', 'Controllo Mentale', 'CS1_113.png', 'Prendi il controllo di un servitore nemico.', 'Comune', 'Magia', NULL, 0, NULL, NULL, 10, NULL, NULL, 'CORE'),
('CS1_129', 'Fuoco Interiore', 'CS1_129.png', 'L''Attacco di un servitore diventa pari alla sua Salute.', 'Comune', 'Magia', NULL, 0, NULL, NULL, 1, NULL, NULL, 'EXPERT1'),
('CS1_130', 'Punizione Sacra', 'CS1_130.png', 'Infligge 2 danni.', 'Base', 'Magia', NULL, 0, NULL, NULL, 1, NULL, NULL, 'CORE'),
('CS2_003', 'Visione Mentale', 'CS2_003.png', 'Mette nella tua mano una copia di una carta casuale dalla mano dell''avversario.', 'Comune', 'Magia', NULL, 0, NULL, NULL, 1, NULL, NULL, 'CORE'),
('CS2_004', 'Parola del Potere: Scudo', 'CS2_004.png', '+2 Salute a un servitore. Pesca una carta.', 'Base', 'Magia', NULL, 0, NULL, NULL, 1, NULL, NULL, 'CORE'),
('CS2_005', 'Sfregio', 'CS2_005.png', '+2 Attacco al tuo eroe per questo turno e 2 Armatura.', 'Base', 'Magia', NULL, 0, NULL, NULL, 1, NULL, NULL, 'CORE'),
('CS2_007', 'Tocco Curativo', 'CS2_007.png', 'Rigenera 8 Salute.', 'Base', 'Magia', NULL, 0, NULL, NULL, 3, NULL, NULL, 'CORE'),
('CS2_008', 'Fuoco Lunare', 'CS2_008.png', 'Infligge 1 |4(danno', 'Comune', 'Magia', NULL, 0, NULL, NULL, 0, NULL, NULL, 'CORE');
INSERT INTO `card` (`card_id`, `name`, `image`, `description`, `rarity`, `c_type`, `c_race`, `wild`, `attack`, `health`, `mana`, `adventure_wing`, `adventure_name`, `expansion_name`) VALUES
('CS2_009', 'Marchio Selvaggio', 'CS2_009.png', '+2/+2 e Provocazione a un servitore.', 'Base', 'Magia', NULL, 0, NULL, NULL, 2, NULL, NULL, 'CORE'),
('CS2_011', 'Ruggito Selvaggio', 'CS2_011.png', '+2 Attacco ai tuoi personaggi per questo turno.', 'Comune', 'Magia', NULL, 0, NULL, NULL, 3, NULL, NULL, 'CORE'),
('CS2_012', 'Spazzata', 'CS2_012.png', 'Infligge 4 danni a un nemico e 1 |4(danno', 'Comune', 'Magia', NULL, 0, NULL, NULL, 4, NULL, NULL, 'CORE'),
('CS2_013', 'Crescita Rigogliosa', 'CS2_013.png', 'Fornisce 1 Cristallo di Mana vuoto.', 'Base', 'Magia', NULL, 0, NULL, NULL, 2, NULL, NULL, 'CORE'),
('CS2_022', 'Metamorfosi', 'CS2_022.png', 'Trasforma un servitore in una Pecora 1/1.', 'Base', 'Magia', NULL, 0, NULL, NULL, 4, NULL, NULL, 'CORE'),
('CS2_023', 'Intelletto Arcano', 'CS2_023.png', 'Pesca 2 carte.', 'Base', 'Magia', NULL, 0, NULL, NULL, 3, NULL, NULL, 'CORE'),
('CS2_024', 'Dardo di Gelo', 'CS2_024.png', 'Infligge 3 danni e Congela.', 'Comune', 'Magia', NULL, 0, NULL, NULL, 2, NULL, NULL, 'CORE'),
('CS2_025', 'Esplosione Arcana', 'CS2_025.png', 'Infligge 1 |4(danno', 'Base', 'Magia', NULL, 0, NULL, NULL, 2, NULL, NULL, 'CORE'),
('CS2_026', 'Esplosione Gelida', 'CS2_026.png', 'Congela i servitori nemici.', 'Comune', 'Magia', NULL, 0, NULL, NULL, 3, NULL, NULL, 'CORE'),
('CS2_027', 'Immagine Speculare', 'CS2_027.png', 'Evoca due servitori 0/2 con Provocazione.', 'Comune', 'Magia', NULL, 0, NULL, NULL, 1, NULL, NULL, 'CORE'),
('CS2_028', 'Tormenta', 'CS2_028.png', 'Infligge 2 danni ai servitori nemici e li Congela.', 'Rara', 'Magia', NULL, 0, NULL, NULL, 6, NULL, NULL, 'EXPERT1'),
('CS2_029', 'Palla di Fuoco', 'CS2_029.png', 'Infligge 6 danni.', 'Base', 'Magia', NULL, 0, NULL, NULL, 4, NULL, NULL, 'CORE'),
('CS2_031', 'Lancia di Ghiaccio', 'CS2_031.png', 'Congela un personaggio. Se &egrave; gi&agrave;  Congelato', 'Comune', 'Magia', NULL, 0, NULL, NULL, 1, NULL, NULL, 'EXPERT1'),
('CS2_032', 'Colonna di Fuoco', 'CS2_032.png', 'Infligge 4 danni ai servitori nemici.', 'Comune', 'Magia', NULL, 0, NULL, NULL, 7, NULL, NULL, 'CORE'),
('CS2_033', 'Elementale dell''Acqua', 'CS2_033.png', 'Congela i personaggi a cui infligge danni.', 'Comune', 'Servitore', NULL, 0, 3, 6, 4, NULL, NULL, 'CORE'),
('CS2_037', 'Folgore del Gelo', 'CS2_037.png', 'Infligge 1 |4(danno', 'Base', 'Magia', NULL, 0, NULL, NULL, 1, NULL, NULL, 'CORE'),
('CS2_038', 'Spirito Ancestrale', 'CS2_038.png', 'Fornisce Rantolo di Morte: rievoca questo servitore a un servitore.', 'Rara', 'Magia', NULL, 0, NULL, NULL, 2, NULL, NULL, 'EXPERT1'),
('CS2_039', 'Furia del Vento', 'CS2_039.png', 'Fornisce Furia del Vento a un servitore.', 'Base', 'Magia', NULL, 0, NULL, NULL, 2, NULL, NULL, 'CORE'),
('CS2_041', 'Guarigione Ancestrale', 'CS2_041.png', 'Rigenera la Salute di un servitore al massimo e gli fornisce Provocazione.', 'Base', 'Magia', NULL, 0, NULL, NULL, 0, NULL, NULL, 'CORE'),
('CS2_042', 'Elementale del Fuoco', 'CS2_042.png', 'Grido di Battaglia: infligge 3 danni.', 'Comune', 'Servitore', NULL, 0, 6, 5, 6, NULL, NULL, 'CORE'),
('CS2_045', 'Arma Roccia Dura', 'CS2_045.png', '+3 Attacco a un tuo personaggio per questo turno.', 'Base', 'Magia', NULL, 0, NULL, NULL, 2, NULL, NULL, 'CORE'),
('CS2_046', 'Brama di Sangue', 'CS2_046.png', '+3 Attacco ai tuoi servitori per questo turno.', 'Comune', 'Magia', NULL, 0, NULL, NULL, 5, NULL, NULL, 'CORE'),
('CS2_053', 'Sguardo Lontano', 'CS2_053.png', 'Pesca una carta. La carta pescata costa (3) in meno.', 'Epica', 'Magia', NULL, 0, NULL, NULL, 3, NULL, NULL, 'EXPERT1'),
('CS2_057', 'Dardo d''Ombra', 'CS2_057.png', 'Infligge 4 danni a un servitore.', 'Base', 'Magia', NULL, 0, NULL, NULL, 3, NULL, NULL, 'CORE'),
('CS2_059', 'Imp del Sangue', 'CS2_059.png', 'Furtivit&agrave; . Alla fine del tuo turno', 'Comune', 'Servitore', 'DEMON', 0, 0, 1, 1, NULL, NULL, 'EXPERT1'),
('CS2_061', 'Risucchio di Vita', 'CS2_061.png', 'Infligge 2 danni. Rigenera 2 Salute al tuo eroe.', 'Base', 'Magia', NULL, 0, NULL, NULL, 3, NULL, NULL, 'CORE'),
('CS2_062', 'Fuoco Infernale', 'CS2_062.png', 'Infligge 3 danni a TUTTI i personaggi.', 'Base', 'Magia', NULL, 0, NULL, NULL, 4, NULL, NULL, 'CORE'),
('CS2_063', 'Corruzione', 'CS2_063.png', 'Seleziona un servitore nemico. All''inizio del tuo turno', 'Comune', 'Magia', NULL, 0, NULL, NULL, 1, NULL, NULL, 'CORE'),
('CS2_064', 'Infernale del Terrore', 'CS2_064.png', 'Grido di Battaglia: infligge 1 danno a TUTTI gli altri personaggi.', 'Comune', 'Servitore', 'DEMON', 0, 6, 6, 6, NULL, NULL, 'CORE'),
('CS2_065', 'Ombra del Vuoto', 'CS2_065.png', 'Provocazione', 'Base', 'Servitore', 'DEMON', 0, 1, 3, 1, NULL, NULL, 'CORE'),
('CS2_072', 'Pugnalata alle Spalle', 'CS2_072.png', 'Infligge 2 danni a un servitore non danneggiato.', 'Base', 'Magia', NULL, 0, NULL, NULL, 0, NULL, NULL, 'CORE'),
('CS2_073', 'Sangue Freddo', 'CS2_073.png', '+2 Attacco a un servitore. Combo: +4 Attacco.', 'Comune', 'Magia', NULL, 0, NULL, NULL, 1, NULL, NULL, 'EXPERT1'),
('CS2_074', 'Veleno Mortale', 'CS2_074.png', '+2 Attacco alla tua Arma.', 'Base', 'Magia', NULL, 0, NULL, NULL, 1, NULL, NULL, 'CORE'),
('CS2_075', 'Assalto Funesto', 'CS2_075.png', 'Infligge 3 danni all''eroe nemico.', 'Base', 'Magia', NULL, 0, NULL, NULL, 1, NULL, NULL, 'CORE'),
('CS2_076', 'Assassinio', 'CS2_076.png', 'Distrugge un servitore nemico.', 'Base', 'Magia', NULL, 0, NULL, NULL, 5, NULL, NULL, 'CORE'),
('CS2_077', 'Scatto', 'CS2_077.png', 'Pesca 4 carte.', 'Comune', 'Magia', NULL, 0, NULL, NULL, 7, NULL, NULL, 'CORE'),
('CS2_080', 'Lama dell''Assassino', 'CS2_080.png', NULL, 'Comune', 'Arma', NULL, 0, 3, 4, 5, NULL, NULL, 'CORE'),
('CS2_084', 'Marchio del Cacciatore', 'CS2_084.png', 'Imposta la Salute di un servitore a 1.', 'Comune', 'Magia', NULL, 0, NULL, NULL, 1, NULL, NULL, 'CORE'),
('CS2_087', 'Benedizione: Vigore', 'CS2_087.png', '+3 Attacco a un servitore.', 'Base', 'Magia', NULL, 0, NULL, NULL, 1, NULL, NULL, 'CORE'),
('CS2_088', 'Guardiano dei Re', 'CS2_088.png', 'Grido di Battaglia: rigenera 6 Salute al tuo eroe.', 'Comune', 'Servitore', NULL, 0, 5, 6, 7, NULL, NULL, 'CORE'),
('CS2_089', 'Luce Sacra', 'CS2_089.png', 'Rigenera 6 Salute.', 'Base', 'Magia', NULL, 0, NULL, NULL, 2, NULL, NULL, 'CORE'),
('CS2_091', 'Giustizia della Luce', 'CS2_091.png', NULL, 'Base', 'Arma', NULL, 0, 1, 4, 1, NULL, NULL, 'CORE'),
('CS2_092', 'Benedizione dei Re', 'CS2_092.png', '+4/+4 a un servitore.', 'Comune', 'Magia', NULL, 0, NULL, NULL, 4, NULL, NULL, 'CORE'),
('CS2_093', 'Consacrazione', 'CS2_093.png', 'Infligge 2 danni ai nemici.', 'Comune', 'Magia', NULL, 0, NULL, NULL, 4, NULL, NULL, 'CORE'),
('CS2_094', 'Martello dell''Ira', 'CS2_094.png', 'Infligge 3 danni. Pesca una carta.', 'Base', 'Magia', NULL, 0, NULL, NULL, 4, NULL, NULL, 'CORE'),
('CS2_097', 'Spadone di Verargento', 'CS2_097.png', 'Quando il tuo eroe attacca', 'Comune', 'Arma', NULL, 0, 4, 2, 4, NULL, NULL, 'CORE'),
('CS2_103', 'Carica', 'CS2_103.png', 'Fornisce Carica a un tuo servitore. Non pu&ograve; attaccare gli eroi per questo turno.', 'Base', 'Magia', NULL, 0, NULL, NULL, 1, NULL, NULL, 'CORE'),
('CS2_104', 'Furia', 'CS2_104.png', '+3/+3 a un servitore danneggiato.', 'Comune', 'Magia', NULL, 0, NULL, NULL, 2, NULL, NULL, 'EXPERT1'),
('CS2_105', 'Assalto Eroico', 'CS2_105.png', '+4 Attacco al tuo eroe per questo turno.', 'Base', 'Magia', NULL, 0, NULL, NULL, 2, NULL, NULL, 'CORE'),
('CS2_106', 'Ascia Ardente', 'CS2_106.png', NULL, 'Base', 'Arma', NULL, 0, 3, 2, 2, NULL, NULL, 'CORE'),
('CS2_108', 'Esecuzione', 'CS2_108.png', 'Distrugge un servitore nemico danneggiato.', 'Base', 'Magia', NULL, 0, NULL, NULL, 2, NULL, NULL, 'CORE'),
('CS2_112', 'Mietimorte d''Arcanite', 'CS2_112.png', NULL, 'Comune', 'Arma', NULL, 0, 5, 2, 5, NULL, NULL, 'CORE'),
('CS2_114', 'Fendente', 'CS2_114.png', 'Infligge 2 danni a due servitori nemici casuali.', 'Comune', 'Magia', NULL, 0, NULL, NULL, 2, NULL, NULL, 'CORE'),
('CS2_117', 'Veggente della Terra', 'CS2_117.png', 'Grido di Battaglia: rigenera 3 Salute.', 'Comune', 'Servitore', NULL, 0, 3, 3, 3, NULL, NULL, 'EXPERT1'),
('CS2_118', 'Furia di Magma', 'CS2_118.png', NULL, 'Base', 'Servitore', NULL, 0, 5, 1, 3, NULL, NULL, 'CORE'),
('CS2_119', 'Tartarabbia dell''Oasi', 'CS2_119.png', NULL, 'Base', 'Servitore', 'BEAST', 0, 2, 7, 4, NULL, NULL, 'CORE'),
('CS2_120', 'Crocolisco di Fiume', 'CS2_120.png', NULL, 'Base', 'Servitore', 'BEAST', 0, 2, 3, 2, NULL, NULL, 'CORE'),
('CS2_121', 'Grunt dei Lupi Bianchi', 'CS2_121.png', 'Provocazione', 'Comune', 'Servitore', NULL, 0, 2, 2, 2, NULL, NULL, 'CORE'),
('CS2_122', 'Capoincursione', 'CS2_122.png', 'Gli altri tuoi servitori hanno +1 Attacco.', 'Base', 'Servitore', NULL, 0, 2, 2, 3, NULL, NULL, 'CORE'),
('CS2_124', 'Cavalcalupi', 'CS2_124.png', 'Carica', 'Base', 'Servitore', NULL, 0, 3, 1, 3, NULL, NULL, 'CORE'),
('CS2_125', 'Grizzly Peloduro', 'CS2_125.png', 'Provocazione', 'Comune', 'Servitore', 'BEAST', 0, 3, 3, 3, NULL, NULL, 'CORE'),
('CS2_127', 'Patriarca Mantoargenteo', 'CS2_127.png', 'Provocazione', 'Comune', 'Servitore', 'BEAST', 0, 1, 4, 3, NULL, NULL, 'CORE'),
('CS2_131', 'Cavaliere di Roccavento', 'CS2_131.png', 'Carica', 'Comune', 'Servitore', NULL, 0, 2, 5, 4, NULL, NULL, 'CORE'),
('CS2_141', 'Fuciliere Nano', 'CS2_141.png', 'Grido di Battaglia: infligge 1 danno.', 'Comune', 'Servitore', NULL, 0, 2, 2, 3, NULL, NULL, 'CORE'),
('CS2_142', 'Coboldo Geomante', 'CS2_142.png', '+1 Danni Magici', 'Comune', 'Servitore', NULL, 0, 2, 2, 2, NULL, NULL, 'CORE'),
('CS2_146', 'Tagliagole Acquanera', 'CS2_146.png', 'Ha Carica finch&agrave; hai un''Arma equipaggiata.', 'Comune', 'Servitore', 'PIRATE', 0, 2, 1, 1, NULL, NULL, 'EXPERT1'),
('CS2_147', 'Gnoma Inventrice', 'CS2_147.png', 'Grido di Battaglia: pesca una carta.', 'Comune', 'Servitore', NULL, 0, 2, 4, 4, NULL, NULL, 'CORE'),
('CS2_150', 'Commando Piccatonante', 'CS2_150.png', 'Grido di Battaglia: infligge 2 danni.', 'Comune', 'Servitore', NULL, 0, 4, 2, 5, NULL, NULL, 'CORE'),
('CS2_151', 'Cavaliere Mano d''Argento', 'CS2_151.png', 'Grido di Battaglia: evoca uno Scudiero 2/2.', 'Comune', 'Servitore', NULL, 0, 4, 4, 5, NULL, NULL, 'EXPERT1'),
('CS2_155', 'Arcimago', 'CS2_155.png', '+1 Danni Magici', 'Comune', 'Servitore', NULL, 0, 4, 7, 6, NULL, NULL, 'CORE'),
('CS2_161', 'Sicario di Corvolesto', 'CS2_161.png', 'Furtivit&agrave; ', 'Rara', 'Servitore', NULL, 0, 7, 5, 7, NULL, NULL, 'EXPERT1'),
('CS2_162', 'Campione dell''Arena', 'CS2_162.png', 'Provocazione', 'Comune', 'Servitore', NULL, 0, 6, 5, 6, NULL, NULL, 'CORE'),
('CS2_168', 'Murloc Incursore', 'CS2_168.png', NULL, 'Base', 'Servitore', 'Murloc', 0, 2, 1, 1, NULL, NULL, 'CORE'),
('CS2_169', 'Dragofalco Giovane', 'CS2_169.png', 'Furia del Vento', 'Comune', 'Servitore', 'BEAST', 0, 1, 1, 1, NULL, NULL, 'EXPERT1'),
('CS2_171', 'Cinghiale Scagliadura', 'CS2_171.png', 'Carica', 'Base', 'Servitore', 'BEAST', 0, 1, 1, 1, NULL, NULL, 'CORE'),
('CS2_172', 'Raptor Codarossa', 'CS2_172.png', NULL, 'Base', 'Servitore', 'BEAST', 0, 3, 2, 2, NULL, NULL, 'CORE'),
('CS2_173', 'Murloc Branchiazzurra', 'CS2_173.png', 'Carica', 'Comune', 'Servitore', 'Murloc', 0, 2, 1, 2, NULL, NULL, 'CORE'),
('CS2_179', 'Guardiano di Sen''jin', 'CS2_179.png', 'Provocazione', 'Base', 'Servitore', NULL, 0, 3, 5, 4, NULL, NULL, 'CORE'),
('CS2_181', 'Maestro di Spade Ferito', 'CS2_181.png', 'Grido di Battaglia: infligge 4 danni a SE STESSO.', 'Rara', 'Servitore', NULL, 0, 4, 7, 3, NULL, NULL, 'EXPERT1'),
('CS2_182', 'Yeti di Ventofreddo', 'CS2_182.png', NULL, 'Comune', 'Servitore', NULL, 0, 4, 5, 4, NULL, NULL, 'CORE'),
('CS2_186', 'Golem da Guerra', 'CS2_186.png', NULL, 'Comune', 'Servitore', NULL, 0, 7, 7, 7, NULL, NULL, 'CORE'),
('CS2_187', 'Scorta Goblin', 'CS2_187.png', 'Provocazione', 'Comune', 'Servitore', NULL, 0, 5, 4, 5, NULL, NULL, 'CORE'),
('CS2_188', 'Sergente Violento', 'CS2_188.png', 'Grido di Battaglia: +2 Attacco a un servitore per questo turno.', 'Comune', 'Servitore', NULL, 0, 1, 1, 1, NULL, NULL, 'EXPERT1'),
('CS2_189', 'Arciera Elfica', 'CS2_189.png', 'Grido di Battaglia: infligge 1 danno.', 'Comune', 'Servitore', NULL, 0, 1, 1, 1, NULL, NULL, 'CORE'),
('CS2_196', 'Cacciatrice Lamaspina', 'CS2_196.png', 'Grido di Battaglia: evoca un Cinghiale 1/1.', 'Comune', 'Servitore', NULL, 0, 2, 3, 3, NULL, NULL, 'CORE'),
('CS2_197', 'Magus Ogre', 'CS2_197.png', '+1 Danni Magici', 'Comune', 'Servitore', NULL, 0, 4, 4, 4, NULL, NULL, 'CORE'),
('CS2_200', 'Ogre Rocciadura', 'CS2_200.png', NULL, 'Base', 'Servitore', NULL, 0, 6, 7, 6, NULL, NULL, 'CORE'),
('CS2_201', 'Segugio del Nucleo', 'CS2_201.png', NULL, 'Comune', 'Servitore', 'BEAST', 0, 9, 5, 7, NULL, NULL, 'CORE'),
('CS2_203', 'Gufo Beccoforte', 'CS2_203.png', 'Grido di Battaglia: Silenzia un servitore.', 'Comune', 'Servitore', 'BEAST', 0, 2, 1, 3, NULL, NULL, 'EXPERT1'),
('CS2_213', 'Cavalcarazzi Folle', 'CS2_213.png', 'Carica', 'Base', 'Servitore', NULL, 0, 5, 2, 6, NULL, NULL, 'CORE'),
('CS2_221', 'Fabbro Astioso', 'CS2_221.png', 'Rabbia: la tua Arma ha +2 Attacco.', 'Comune', 'Servitore', NULL, 0, 4, 6, 5, NULL, NULL, 'EXPERT1'),
('CS2_222', 'Campione di Roccavento', 'CS2_222.png', 'Gli altri tuoi servitori hanno +1/+1.', 'Comune', 'Servitore', NULL, 0, 6, 6, 7, NULL, NULL, 'CORE'),
('CS2_226', 'Signore dei Lupi Bianchi', 'CS2_226.png', 'Grido di Battaglia: ottiene +1/+1 per ogni altro tuo servitore.', 'Comune', 'Servitore', NULL, 0, 4, 4, 5, NULL, NULL, 'CORE'),
('CS2_227', 'Mercenario Goblin', 'CS2_227.png', 'I tuoi servitori costano (3) in pi&ugrave;.', 'Comune', 'Servitore', NULL, 0, 7, 6, 5, NULL, NULL, 'EXPERT1'),
('CS2_231', 'Fuoco Fatuo', 'CS2_231.png', NULL, 'Comune', 'Servitore', NULL, 0, 1, 1, 0, NULL, NULL, 'EXPERT1'),
('CS2_232', 'Treant Legnoferreo', 'CS2_232.png', 'Provocazione', 'Comune', 'Servitore', NULL, 0, 8, 8, 8, NULL, NULL, 'CORE'),
('CS2_233', 'Vortice di Lame', 'CS2_233.png', 'Distrugge la tua Arma e infligge danni pari al suo attacco ai servitori nemici.', 'Rara', 'Magia', NULL, 0, NULL, NULL, 4, NULL, NULL, 'EXPERT1'),
('CS2_234', 'Parola d''Ombra: Dolore', 'CS2_234.png', 'Distrugge un servitore con Attacco pari a 3 o inferiore.', 'Base', 'Magia', NULL, 0, NULL, NULL, 2, NULL, NULL, 'CORE'),
('CS2_235', 'Chierica della Contea', 'CS2_235.png', 'Quando un servitore viene curato', 'Base', 'Servitore', NULL, 0, 1, 3, 1, NULL, NULL, 'CORE'),
('CS2_236', 'Spirito Divino', 'CS2_236.png', 'Raddoppia la Salute di un servitore.', 'Comune', 'Magia', NULL, 0, NULL, NULL, 2, NULL, NULL, 'CORE'),
('CS2_237', 'Condor Affamato', 'CS2_237.png', 'Quando viene evocata una Bestia sotto il tuo controllo', 'Comune', 'Servitore', 'BEAST', 0, 3, 2, 5, NULL, NULL, 'CORE'),
('DS1_055', 'Guaritrice Scagliascura', 'DS1_055.png', 'Grido di Battaglia: rigenera 2 Salute ai tuoi personaggi.', 'Comune', 'Servitore', NULL, 0, 4, 5, 5, NULL, NULL, 'CORE'),
('DS1_070', 'Maestro dei Segugi', 'DS1_070.png', 'Grido di Battaglia: +2/+2 e Provocazione a una tua Bestia.', 'Base', 'Servitore', NULL, 0, 4, 3, 4, NULL, NULL, 'CORE'),
('DS1_175', 'Lupo della Foresta', 'DS1_175.png', 'Le altre tue Bestie hanno +1 Attacco.', 'Base', 'Servitore', 'BEAST', 0, 1, 1, 1, NULL, NULL, 'CORE'),
('DS1_178', 'Rinoceronte Furioso', 'DS1_178.png', 'Le tue Bestie hanno Carica.', 'Comune', 'Servitore', 'BEAST', 0, 2, 5, 5, NULL, NULL, 'CORE'),
('DS1_183', 'Tiro Multiplo', 'DS1_183.png', 'Infligge 3 danni a due servitori nemici casuali.', 'Base', 'Magia', NULL, 0, NULL, NULL, 4, NULL, NULL, 'CORE'),
('DS1_184', 'Tracciamento', 'DS1_184.png', 'Guarda le prime 3 carte del tuo mazzo. Pescane una e scarta le altre.', 'Base', 'Magia', NULL, 0, NULL, NULL, 1, NULL, NULL, 'CORE'),
('DS1_185', 'Tiro Arcano', 'DS1_185.png', 'Infligge 2 danni.', 'Base', 'Magia', NULL, 0, NULL, NULL, 1, NULL, NULL, 'CORE'),
('DS1_188', 'Arco del Gladiatore', 'DS1_188.png', 'Il tuo eroe &egrave; Immune quando attacca.', 'Epica', 'Arma', NULL, 0, 5, 2, 7, NULL, NULL, 'EXPERT1'),
('DS1_233', 'Detonazione Mentale', 'DS1_233.png', 'Infligge 5 danni all''eroe nemico.', 'Base', 'Magia', NULL, 0, NULL, NULL, 2, NULL, NULL, 'CORE'),
('EX1_001', 'Custode della Luce', 'EX1_001.png', 'Ottiene +2 Attacco quando un personaggio viene curato.', 'Rara', 'Servitore', NULL, 0, 1, 2, 1, NULL, NULL, 'EXPERT1'),
('EX1_002', 'Cavaliere Nero', 'EX1_002.png', 'Grido di Battaglia: distrugge un servitore nemico con Provocazione.', 'Leggendaria', 'Servitore', NULL, 0, 4, 5, 6, NULL, NULL, 'EXPERT1'),
('EX1_004', 'Giovane Vestale', 'EX1_004.png', 'Alla fine del tuo turno', 'Rara', 'Servitore', NULL, 0, 2, 1, 1, NULL, NULL, 'EXPERT1'),
('EX1_005', 'Esperto di Caccia', 'EX1_005.png', 'Grido di Battaglia: distrugge un servitore con Attacco pari a 7 o superiore.', 'Epica', 'Servitore', NULL, 0, 4, 2, 5, NULL, NULL, 'EXPERT1'),
('EX1_006', 'Allarm-Bot', 'EX1_006.png', 'All''inizio del tuo turno, scambia questo servitore con un altro a caso nella tua mano.', 'Rara', 'Servitore', 'MECHANICAL', 0, 0, 3, 3, NULL, NULL, 'EXPERT1'),
('EX1_007', 'Accolito del Dolore', 'EX1_007.png', 'Quando subisce danni, pesca una carta', 'Comune', 'Servitore', NULL, 0, 1, 3, 3, NULL, NULL, 'EXPERT1'),
('EX1_008', 'Guardiana d''Argento', 'EX1_008.png', 'Scudo Divino', 'Comune', 'Servitore', NULL, 0, 1, 1, 1, NULL, NULL, 'EXPERT1'),
('EX1_009', 'Gallina Arrabbiata', 'EX1_009.png', 'Rabbia: +5 Attacco.', 'Rara', 'Servitore', 'BEAST', 0, 1, 1, 1, NULL, NULL, 'EXPERT1'),
('EX1_010', 'Infiltrato Worgen', 'EX1_010.png', 'Furtivit&agrave; ', 'Comune', 'Servitore', NULL, 0, 2, 1, 1, NULL, NULL, 'EXPERT1'),
('EX1_011', 'Taumaturgo Vud&ugrave;', 'EX1_011.png', 'Grido di Battaglia: rigenera 2 Salute.', 'Base', 'Servitore', NULL, 0, 2, 1, 1, NULL, NULL, 'CORE'),
('EX1_012', 'Thalnos', 'EX1_012.png', '+1 Danni Magici. Rantolo di Morte: pesca una carta.', 'Leggendaria', 'Servitore', NULL, 0, 1, 1, 2, NULL, NULL, 'EXPERT1'),
('EX1_014', 'Re Mukla', 'EX1_014.png', 'Grido di Battaglia: fornisce due Banane all''avversario.', 'Leggendaria', 'Servitore', 'BEAST', 0, 5, 5, 3, NULL, NULL, 'EXPERT1'),
('EX1_015', 'Ingegnera Novizia', 'EX1_015.png', 'Grido di Battaglia: pesca una carta.', 'Base', 'Servitore', NULL, 0, 1, 1, 2, NULL, NULL, 'CORE'),
('EX1_016', 'Sylvanas Ventolesto', 'EX1_016.png', 'Rantolo di Morte: prendi il controllo di un servitore nemico casuale.', 'Leggendaria', 'Servitore', NULL, 0, 5, 5, 6, NULL, NULL, 'EXPERT1'),
('EX1_017', 'Pantera della Giungla', 'EX1_017.png', 'Furtivit&agrave; ', 'Comune', 'Servitore', 'BEAST', 0, 4, 2, 3, NULL, NULL, 'EXPERT1'),
('EX1_019', 'Chierica Sole Infranto', 'EX1_019.png', 'Grido di Battaglia: +1/+1 a un tuo servitore.', 'Comune', 'Servitore', NULL, 0, 3, 2, 3, NULL, NULL, 'CORE'),
('EX1_020', 'Crociata Scarlatta', 'EX1_020.png', 'Scudo Divino', 'Comune', 'Servitore', NULL, 0, 3, 1, 3, NULL, NULL, 'EXPERT1'),
('EX1_021', 'Veggente di Thrallmar', 'EX1_021.png', 'Furia del Vento', 'Comune', 'Servitore', NULL, 0, 2, 3, 3, NULL, NULL, 'EXPERT1'),
('EX1_023', 'Guardia di Lunargenta', 'EX1_023.png', 'Scudo Divino', 'Comune', 'Servitore', NULL, 0, 3, 3, 4, NULL, NULL, 'EXPERT1'),
('EX1_025', 'Costruttrice di Draghi', 'EX1_025.png', 'Grido di Battaglia: evoca un Minidrago Meccanico 2/1.', 'Comune', 'Servitore', NULL, 0, 2, 4, 4, NULL, NULL, 'CORE'),
('EX1_028', 'Tigre di Rovotorto', 'EX1_028.png', 'Furtivit&agrave; ', 'Comune', 'Servitore', 'BEAST', 0, 5, 5, 5, NULL, NULL, 'EXPERT1'),
('EX1_029', 'Gnomo Contaminato', 'EX1_029.png', 'Rantolo di Morte: infligge 2 danni all''eroe nemico.', 'Comune', 'Servitore', NULL, 0, 1, 1, 1, NULL, NULL, 'EXPERT1'),
('EX1_032', 'Campionessa del Sole', 'EX1_032.png', 'Provocazione. Scudo Divino.', 'Rara', 'Servitore', NULL, 0, 4, 5, 6, NULL, NULL, 'EXPERT1'),
('EX1_033', 'Arpia Furia del Vento', 'EX1_033.png', 'Furia del Vento', 'Comune', 'Servitore', NULL, 0, 4, 5, 6, NULL, NULL, 'EXPERT1'),
('EX1_043', 'Draco del Crepuscolo', 'EX1_043.png', 'Grido di Battaglia: ottiene +1 Salute per ogni altra carta nella tua mano.', 'Rara', 'Servitore', 'DRAGON', 0, 4, 1, 4, NULL, NULL, 'EXPERT1'),
('EX1_044', 'Avventuriero Risoluto', 'EX1_044.png', 'Ottiene +1/+1 quando giochi una carta.', 'Rara', 'Servitore', NULL, 0, 2, 2, 3, NULL, NULL, 'EXPERT1'),
('EX1_045', 'Guardiano Antico', 'EX1_045.png', 'Non pu&ograve; attaccare.', 'Rara', 'Servitore', NULL, 0, 4, 5, 2, NULL, NULL, 'EXPERT1'),
('EX1_046', 'Nano Ferroscuro', 'EX1_046.png', 'Grido di Battaglia: +2 Attacco a un servitore per questo turno.', 'Comune', 'Servitore', NULL, 0, 4, 4, 4, NULL, NULL, 'EXPERT1'),
('EX1_048', 'Spezzamagie', 'EX1_048.png', 'Grido di Battaglia: Silenzia un servitore.', 'Comune', 'Servitore', NULL, 0, 4, 3, 4, NULL, NULL, 'EXPERT1'),
('EX1_049', 'Giovane Birraio', 'EX1_049.png', 'Grido di Battaglia: fa tornare un tuo servitore nella tua mano.', 'Comune', 'Servitore', NULL, 0, 3, 2, 2, NULL, NULL, 'EXPERT1'),
('EX1_050', 'Oracolo Lucefredda', 'EX1_050.png', 'Grido di Battaglia: ogni giocatore pesca 2 carte.', 'Rara', 'Servitore', 'Murloc', 0, 2, 2, 3, NULL, NULL, 'EXPERT1'),
('EX1_055', 'Manadipendente', 'EX1_055.png', 'Ottiene +2 Attacco per questo turno quando lanci una Magia.', 'Rara', 'Servitore', NULL, 0, 1, 3, 2, NULL, NULL, 'EXPERT1'),
('EX1_057', 'Mastro Birraio', 'EX1_057.png', 'Grido di Battaglia: fa tornare un tuo servitore nella tua mano.', 'Comune', 'Servitore', NULL, 0, 5, 4, 4, NULL, NULL, 'EXPERT1'),
('EX1_058', 'Guardia Furia del Sole', 'EX1_058.png', 'Grido di Battaglia: fornisce Provocazione ai servitori adiacenti.', 'Rara', 'Servitore', NULL, 0, 2, 3, 2, NULL, NULL, 'EXPERT1'),
('EX1_059', 'Alchimista Folle', 'EX1_059.png', 'Grido di Battaglia: scambia Attacco e Salute di un servitore.', 'Rara', 'Servitore', NULL, 0, 2, 2, 2, NULL, NULL, 'EXPERT1'),
('EX1_062', 'Vecchio Occhiobuio', 'EX1_062.png', 'Carica. Ha +1 Attacco per ogni altro Murloc sul campo.', 'Leggendaria', 'Servitore', 'Murloc', 0, 2, 4, 4, NULL, NULL, 'CORE'),
('EX1_066', 'Melma delle Paludi', 'EX1_066.png', 'Grido di Battaglia: distrugge l''Arma dell''avversario.', 'Comune', 'Servitore', NULL, 0, 3, 2, 2, NULL, NULL, 'CORE'),
('EX1_067', 'Ufficiale d''Argento', 'EX1_067.png', 'Carica. Scudo Divino.', 'Rara', 'Servitore', NULL, 0, 4, 2, 6, NULL, NULL, 'EXPERT1'),
('EX1_076', 'Evocatrice Minuta', 'EX1_076.png', 'Il primo servitore che giochi ogni turno costa (1) in meno.', 'Rara', 'Servitore', NULL, 0, 2, 2, 2, NULL, NULL, 'EXPERT1'),
('EX1_080', 'Custode dei Segreti', 'EX1_080.png', 'Ottiene +1/+1 quando viene giocato un Segreto.', 'Rara', 'Servitore', NULL, 0, 1, 2, 1, NULL, NULL, 'EXPERT1'),
('EX1_082', 'Bombarolo Pazzo', 'EX1_082.png', 'Grido di Battaglia: infligge 3 danni suddivisi casualmente tra TUTTI gli altri personaggi.', 'Comune', 'Servitore', NULL, 0, 3, 2, 2, NULL, NULL, 'EXPERT1'),
('EX1_083', 'Meccanista Granfavilla', 'EX1_083.png', 'Grido di Battaglia: trasforma un altro servitore casuale in un Gigantosauro 5/5 o in uno Scoiattolo 1/1.', 'Leggendaria', 'Servitore', NULL, 0, 3, 3, 3, NULL, NULL, 'EXPERT1'),
('EX1_084', 'Capitano Cantaguerra', 'EX1_084.png', 'I tuoi servitori con Carica hanno +1 Attacco.', 'Base', 'Servitore', NULL, 0, 2, 3, 3, NULL, NULL, 'CORE'),
('EX1_085', 'Tecnocontrollore', 'EX1_085.png', 'Grido di Battaglia: prendi il controllo di un servitore casuale se l''avversario ha almeno quattro servitori.', 'Rara', 'Servitore', NULL, 0, 3, 3, 3, NULL, NULL, 'EXPERT1'),
('EX1_089', 'Golem Arcano', 'EX1_089.png', 'Grido di Battaglia: fornisce 1 Cristallo di Mana all''avversario.', 'Rara', 'Servitore', NULL, 0, 4, 4, 3, NULL, NULL, 'EXPERT1'),
('EX1_091', 'Cabalista dell''Ombra', 'EX1_091.png', 'Grido di Battaglia: prendi il controllo di un servitore nemico con Attacco pari a 2 o inferiore.', 'Epica', 'Servitore', NULL, 0, 4, 5, 6, NULL, NULL, 'EXPERT1'),
('EX1_093', 'Difensore di Argus', 'EX1_093.png', 'Grido di Battaglia: +1/+1 e Provocazione ai servitori adiacenti.', 'Rara', 'Servitore', NULL, 0, 2, 3, 4, NULL, NULL, 'EXPERT1'),
('EX1_095', 'Banditore di Meccania', 'EX1_095.png', 'Quando lanci una Magia', 'Rara', 'Servitore', NULL, 0, 4, 4, 6, NULL, NULL, 'EXPERT1'),
('EX1_096', 'Razziatore di Bottini', 'EX1_096.png', 'Rantolo di Morte: pesca una carta.', 'Comune', 'Servitore', NULL, 0, 2, 1, 2, NULL, NULL, 'EXPERT1'),
('EX1_097', 'Abominio', 'EX1_097.png', 'Provocazione. Rantolo di Morte: infligge 2 danni a TUTTI i personaggi.', 'Rara', 'Servitore', NULL, 0, 4, 4, 5, NULL, NULL, 'EXPERT1'),
('EX1_100', 'Ramingo Cho', 'EX1_100.png', 'Quando un giocatore lancia una Magia', 'Leggendaria', 'Servitore', NULL, 0, 0, 4, 2, NULL, NULL, 'EXPERT1'),
('EX1_102', 'Demolitore', 'EX1_102.png', 'All''inizio del tuo turno', 'Rara', 'Servitore', 'MECHANICAL', 0, 1, 4, 3, NULL, NULL, 'EXPERT1'),
('EX1_103', 'Veggente Lucefredda', 'EX1_103.png', 'Grido di Battaglia: +2 Salute agli altri tuoi Murloc.', 'Rara', 'Servitore', 'Murloc', 0, 2, 3, 3, NULL, NULL, 'EXPERT1'),
('EX1_105', 'Gigante di Montagna', 'EX1_105.png', 'Costa (1) in meno per ogni altra carta nella tua mano.', 'Epica', 'Servitore', NULL, 0, 8, 8, 12, NULL, NULL, 'EXPERT1'),
('EX1_110', 'Cairne', 'EX1_110.png', 'Rantolo di Morte: evoca Baine 4/5.', 'Leggendaria', 'Servitore', NULL, 0, 4, 5, 6, NULL, NULL, 'EXPERT1'),
('EX1_112', 'Gelbin Meccatork', 'EX1_112.png', 'Grido di Battaglia: evoca una MERAVIGLIOSA invenzione.', 'Leggendaria', 'Servitore', NULL, 0, 6, 6, 6, NULL, NULL, 'CORE'),
('EX1_116', 'Leeroy Jenkins', 'EX1_116.png', 'Carica. Grido di Battaglia: evoca due Draghetti 1/1 sotto il controllo dell''avversario.', 'Leggendaria', 'Servitore', NULL, 0, 6, 2, 5, NULL, NULL, 'EXPERT1'),
('EX1_124', 'Sventramento', 'EX1_124.png', 'Infligge 2 danni. Combo: infligge 4 danni.', 'Comune', 'Magia', NULL, 0, NULL, NULL, 2, NULL, NULL, 'EXPERT1'),
('EX1_126', 'Tradimento', 'EX1_126.png', 'Costringe un servitore nemico a infliggere danni pari al suo attacco ai servitori adiacenti.', 'Comune', 'Magia', NULL, 0, NULL, NULL, 2, NULL, NULL, 'EXPERT1'),
('EX1_128', 'Copertura', 'EX1_128.png', 'Fornisce Furtivit&agrave;  ai tuoi servitori fino al tuo turno successivo.', 'Comune', 'Magia', NULL, 0, NULL, NULL, 1, NULL, NULL, 'EXPERT1'),
('EX1_129', 'Ventaglio di Lame', 'EX1_129.png', 'Infligge 1 |4(danno', 'Comune', 'Magia', NULL, 0, NULL, NULL, 3, NULL, NULL, 'CORE'),
('EX1_130', 'Nobile Sacrificio', 'EX1_130.png', 'Segreto: quando un nemico attacca', 'Comune', 'Magia', NULL, 0, NULL, NULL, 1, NULL, NULL, 'EXPERT1'),
('EX1_131', 'Capo dei Defias', 'EX1_131.png', 'Combo: evoca un Bandito dei Defias 2/1.', 'Comune', 'Servitore', NULL, 0, 2, 2, 2, NULL, NULL, 'EXPERT1'),
('EX1_132', 'Occhio per Occhio', 'EX1_132.png', 'Segreto: quando il tuo eroe subisce danni', 'Comune', 'Magia', NULL, 0, NULL, NULL, 1, NULL, NULL, 'EXPERT1'),
('EX1_133', 'Lama della Perdizione', 'EX1_133.png', 'Grido di Battaglia: infligge 1 danno. Combo: infligge 2 danni.', 'Rara', 'Arma', NULL, 0, 2, 2, 3, NULL, NULL, 'EXPERT1'),
('EX1_134', 'Agente dell''IR:7', 'EX1_134.png', 'Combo: infligge 2 danni.', 'Rara', 'Servitore', NULL, 0, 3, 3, 3, NULL, NULL, 'EXPERT1'),
('EX1_136', 'Redenzione', 'EX1_136.png', 'Segreto: quando un tuo servitore muore', 'Comune', 'Magia', NULL, 0, NULL, NULL, 1, NULL, NULL, 'EXPERT1'),
('EX1_137', 'Colpo alla Testa', 'EX1_137.png', 'Infligge 2 danni all''eroe nemico. Combo: torna nella tua mano alla fine del turno.', 'Rara', 'Magia', NULL, 0, NULL, NULL, 3, NULL, NULL, 'EXPERT1'),
('EX1_144', 'Passo nell''Ombra', 'EX1_144.png', 'Fa tornare un tuo servitore nella tua mano. Costa (2) in meno.', 'Comune', 'Magia', NULL, 0, NULL, NULL, 0, NULL, NULL, 'EXPERT1'),
('EX1_145', 'Preparazione', 'EX1_145.png', 'La prossima Magia che lanci in questo turno costa (3) in meno.', 'Epica', 'Magia', NULL, 0, NULL, NULL, 0, NULL, NULL, 'EXPERT1'),
('EX1_154', 'Ira Silvana', 'EX1_154.png', 'Scegli: infligge 3 danni a un servitore o infligge 1 |4(danno', 'Comune', 'Magia', NULL, 0, NULL, NULL, 2, NULL, NULL, 'EXPERT1'),
('EX1_155', 'Marchio della Natura', 'EX1_155.png', 'Scegli: +4 Attacco a un servitore o +4 Salute e Provocazione a un servitore.', 'Comune', 'Magia', NULL, 0, NULL, NULL, 3, NULL, NULL, 'EXPERT1'),
('EX1_158', 'Anima della Foresta', 'EX1_158.png', 'Fornisce Rantolo di Morte: evoca un Treant 2/2 ai tuoi servitori.', 'Comune', 'Magia', NULL, 0, NULL, NULL, 4, NULL, NULL, 'EXPERT1'),
('EX1_160', 'Potere della Natura', 'EX1_160.png', 'Scegli: +1/+1 ai tuoi servitori o evoca una Pantera 3/2.', 'Comune', 'Magia', NULL, 0, NULL, NULL, 2, NULL, NULL, 'EXPERT1'),
('EX1_161', 'Naturalizzazione', 'EX1_161.png', 'Distrugge un servitore. L''avversario pesca 2 carte.', 'Comune', 'Magia', NULL, 0, NULL, NULL, 1, NULL, NULL, 'EXPERT1'),
('EX1_162', 'Metalupo Alfa', 'EX1_162.png', 'I servitori adiacenti hanno +1 Attacco.', 'Comune', 'Servitore', 'BEAST', 0, 2, 2, 2, NULL, NULL, 'EXPERT1'),
('EX1_164', 'Nutrizione', 'EX1_164.png', 'Scegli: fornisce 2 Cristalli di Mana o pesca 3 carte.', 'Rara', 'Magia', NULL, 0, NULL, NULL, 5, NULL, NULL, 'EXPERT1'),
('EX1_165', 'Druido dell''Unghia', 'EX1_165.png', 'Scegli: ottiene Carica o +2 Salute e Provocazione.', 'Comune', 'Servitore', NULL, 0, 4, 4, 5, NULL, NULL, 'EXPERT1'),
('EX1_166', 'Custode del Bosco', 'EX1_166.png', 'Scegli: infligge 2 danni o Silenzia un servitore.', 'Rara', 'Servitore', NULL, 0, 2, 2, 4, NULL, NULL, 'EXPERT1'),
('EX1_169', 'Innervazione', 'EX1_169.png', 'Fornisce 2 Cristalli di Mana solo per questo turno.', 'Base', 'Magia', NULL, 0, NULL, NULL, 0, NULL, NULL, 'CORE'),
('EX1_170', 'Cobra Imperatore', 'EX1_170.png', 'Distrugge qualsiasi servitore danneggiato da questo servitore.', 'Rara', 'Servitore', 'BEAST', 0, 2, 3, 3, NULL, NULL, 'EXPERT1'),
('EX1_173', 'Fuoco Stellare', 'EX1_173.png', 'Infligge 5 danni. Pesca una carta.', 'Comune', 'Magia', NULL, 0, NULL, NULL, 6, NULL, NULL, 'CORE'),
('EX1_178', 'Antico della Guerra', 'EX1_178.png', 'Scegli: ottiene +5 Salute e Provocazione o +5 Attacco.', 'Epica', 'Servitore', NULL, 0, 5, 5, 7, NULL, NULL, 'EXPERT1'),
('EX1_238', 'Dardo Fulminante', 'EX1_238.png', 'Infligge 3 danni. Sovraccarico: (1)', 'Comune', 'Magia', NULL, 0, NULL, NULL, 1, NULL, NULL, 'EXPERT1'),
('EX1_241', 'Getto di Lava', 'EX1_241.png', 'Infligge 5 danni. Sovraccarico: (2)', 'Rara', 'Magia', NULL, 0, NULL, NULL, 3, NULL, NULL, 'EXPERT1'),
('EX1_243', 'Diavolo di Sabbia', 'EX1_243.png', 'Furia del Vento. Sovraccarico: (2)', 'Comune', 'Servitore', NULL, 0, 3, 1, 1, NULL, NULL, 'EXPERT1'),
('EX1_244', 'Vigore Totemico', 'EX1_244.png', '+2 Salute ai tuoi Totem.', 'Comune', 'Magia', NULL, 0, NULL, NULL, 0, NULL, NULL, 'CORE'),
('EX1_245', 'Folgore della Terra', 'EX1_245.png', 'Silenzia un servitore e gli infligge 1 |4(danno', 'Comune', 'Magia', NULL, 0, NULL, NULL, 1, NULL, NULL, 'EXPERT1'),
('EX1_246', 'Maleficio', 'EX1_246.png', 'Trasforma un servitore in una Rana 0/1 con Provocazione.', 'Base', 'Magia', NULL, 0, NULL, NULL, 3, NULL, NULL, 'CORE'),
('EX1_247', 'Ascia dei Forgiatuono', 'EX1_247.png', 'Sovraccarico: (1)', 'Comune', 'Arma', NULL, 0, 2, 3, 2, NULL, NULL, 'EXPERT1'),
('EX1_248', 'Lupi Spirituali', 'EX1_248.png', 'Evoca due Lupi Spirituali 2/3 con Provocazione. Sovraccarico: (2)', 'Rara', 'Magia', NULL, 0, NULL, NULL, 3, NULL, NULL, 'EXPERT1'),
('EX1_249', 'Barone Geddon', 'EX1_249.png', 'Alla fine del tuo turno', 'Leggendaria', 'Servitore', NULL, 0, 7, 5, 7, NULL, NULL, 'EXPERT1'),
('EX1_250', 'Elementale della Terra', 'EX1_250.png', 'Provocazione. Sovraccarico: (3)', 'Epica', 'Servitore', NULL, 0, 7, 8, 5, NULL, NULL, 'EXPERT1'),
('EX1_251', 'Fulmine Biforcuto', 'EX1_251.png', 'Infligge 2 danni a due servitori nemici casuali. Sovraccarico: (2)', 'Comune', 'Magia', NULL, 0, NULL, NULL, 1, NULL, NULL, 'EXPERT1'),
('EX1_258', 'Elementale Indomito', 'EX1_258.png', 'Ottiene +1/+1 quando giochi una carta con Sovraccarico.', 'Comune', 'Servitore', NULL, 0, 2, 4, 3, NULL, NULL, 'EXPERT1'),
('EX1_259', 'Tempesta di Fulmini', 'EX1_259.png', 'Infligge da 2 a 3 danni ai servitori nemici. Sovraccarico: (2)', 'Rara', 'Magia', NULL, 0, NULL, NULL, 3, NULL, NULL, 'EXPERT1'),
('EX1_274', 'Arcanista Etereo', 'EX1_274.png', 'Ottiene +2/+2 se controlli un Segreto alla fine del tuo turno.', 'Rara', 'Servitore', NULL, 0, 3, 3, 4, NULL, NULL, 'EXPERT1'),
('EX1_275', 'Cono di Freddo', 'EX1_275.png', 'Infligge 1 |4(danno', 'Comune', 'Magia', NULL, 0, NULL, NULL, 4, NULL, NULL, 'EXPERT1'),
('EX1_277', 'Missili Arcani', 'EX1_277.png', 'Infligge 3 danni suddivisi casualmente tra i nemici.', 'Base', 'Magia', NULL, 0, NULL, NULL, 1, NULL, NULL, 'CORE'),
('EX1_278', 'Stilettata', 'EX1_278.png', 'Infligge 1 |4(danno', 'Comune', 'Magia', NULL, 0, NULL, NULL, 2, NULL, NULL, 'CORE'),
('EX1_279', 'Pirosfera', 'EX1_279.png', 'Infligge 10 danni.', 'Epica', 'Magia', NULL, 0, NULL, NULL, 10, NULL, NULL, 'EXPERT1'),
('EX1_283', 'Elementale del Gelo', 'EX1_283.png', 'Grido di Battaglia: Congela un personaggio.', 'Comune', 'Servitore', NULL, 0, 5, 5, 6, NULL, NULL, 'EXPERT1'),
('EX1_284', 'Draco di Zaffiro', 'EX1_284.png', '+1 Danni Magici. Grido di Battaglia: pesca una carta.', 'Rara', 'Servitore', 'DRAGON', 0, 4, 4, 5, NULL, NULL, 'EXPERT1'),
('EX1_287', 'Controincantesimo', 'EX1_287.png', 'Segreto: quando l''avversario lancia una Magia', 'Rara', 'Magia', NULL, 0, NULL, NULL, 3, NULL, NULL, 'EXPERT1'),
('EX1_289', 'Barriera di Ghiaccio', 'EX1_289.png', 'Segreto: quando il tuo eroe viene attaccato', 'Comune', 'Magia', NULL, 0, NULL, NULL, 3, NULL, NULL, 'EXPERT1'),
('EX1_294', 'Entit&agrave;  Speculare', 'EX1_294.png', 'Segreto: dopo che l''avversario gioca un servitore', 'Comune', 'Magia', NULL, 0, NULL, NULL, 3, NULL, NULL, 'EXPERT1'),
('EX1_295', 'Blocco di Ghiaccio', 'EX1_295.png', 'Segreto: quando il tuo eroe subisce danni fatali', 'Epica', 'Magia', NULL, 0, NULL, NULL, 3, NULL, NULL, 'EXPERT1'),
('EX1_298', 'Ragnaros', 'EX1_298.png', 'Non pu&ograve; attaccare. Alla fine del tuo turno', 'Leggendaria', 'Servitore', NULL, 0, 8, 8, 8, NULL, NULL, 'EXPERT1'),
('EX1_301', 'Vilguardia', 'EX1_301.png', 'Provocazione. Grido di Battaglia: distrugge un tuo Cristallo di Mana.', 'Rara', 'Servitore', 'DEMON', 0, 3, 5, 3, NULL, NULL, 'EXPERT1'),
('EX1_302', 'Spira Letale', 'EX1_302.png', 'Infligge 1 |4(danno', 'Comune', 'Magia', NULL, 0, NULL, NULL, 1, NULL, NULL, 'CORE'),
('EX1_303', 'Ombrofuoco', 'EX1_303.png', 'Distrugge un tuo servitore e infligge danni pari al suo Attacco ai servitori nemici.', 'Rara', 'Magia', NULL, 0, NULL, NULL, 4, NULL, NULL, 'EXPERT1'),
('EX1_304', 'Terrore del Vuoto', 'EX1_304.png', 'Grido di Battaglia: distrugge i servitori adiacenti e ne ottiene Attacco e Salute.', 'Rara', 'Servitore', 'DEMON', 0, 3, 3, 3, NULL, NULL, 'EXPERT1'),
('EX1_306', 'Succube', 'EX1_306.png', 'Grido di Battaglia: scarta una carta casuale.', 'Base', 'Servitore', 'DEMON', 0, 4, 3, 2, NULL, NULL, 'CORE'),
('EX1_308', 'Fuoco dell''Anima', 'EX1_308.png', 'Infligge 4 danni. Scarta una carta casuale.', 'Comune', 'Magia', NULL, 0, NULL, NULL, 1, NULL, NULL, 'CORE'),
('EX1_309', 'Risucchio d''Anima', 'EX1_309.png', 'Distrugge un servitore. Rigenera 3 Salute al tuo eroe.', 'Rara', 'Magia', NULL, 0, NULL, NULL, 6, NULL, NULL, 'EXPERT1'),
('EX1_310', 'Demone Guardiano', 'EX1_310.png', 'Carica. Grido di Battaglia: scarta 2 carte casuali.', 'Rara', 'Servitore', 'DEMON', 0, 5, 7, 5, NULL, NULL, 'EXPERT1'),
('EX1_312', 'Distorsione Fatua', 'EX1_312.png', 'Distrugge TUTTI i servitori.', 'Epica', 'Magia', NULL, 0, NULL, NULL, 8, NULL, NULL, 'EXPERT1'),
('EX1_313', 'Signore delle Fosse', 'EX1_313.png', 'Grido di Battaglia: infligge 5 danni al tuo eroe.', 'Epica', 'Servitore', 'DEMON', 0, 5, 6, 4, NULL, NULL, 'EXPERT1'),
('EX1_315', 'Portale d''Evocazione', 'EX1_315.png', 'I tuoi servitori costano (2) in meno', 'Comune', 'Servitore', NULL, 0, 0, 4, 4, NULL, NULL, 'EXPERT1'),
('EX1_316', 'Potere Travolgente', 'EX1_316.png', '+4/+4 a un tuo servitore fino alla fine del turno. Poi muore in modo orribile.', 'Comune', 'Magia', NULL, 0, NULL, NULL, 1, NULL, NULL, 'EXPERT1'),
('EX1_317', 'Percepisci Demoni', 'EX1_317.png', 'Pesca due Demoni casuali dal tuo mazzo.', 'Comune', 'Magia', NULL, 0, NULL, NULL, 3, NULL, NULL, 'EXPERT1'),
('EX1_319', 'Imp delle Fiamme', 'EX1_319.png', 'Grido di Battaglia: infligge 3 danni al tuo eroe.', 'Comune', 'Servitore', 'DEMON', 0, 3, 2, 1, NULL, NULL, 'EXPERT1'),
('EX1_320', 'Anatema della Rovina', 'EX1_320.png', 'Infligge 2 danni. Se il bersaglio muore, evoca un demone casuale.', 'Epica', 'Magia', NULL, 0, NULL, NULL, 5, NULL, NULL, 'EXPERT1'),
('EX1_323', 'Sire Jaraxxus', 'EX1_323.png', 'Grido di Battaglia: distrugge il tuo eroe e lo sostituisce con Sire Jaraxxus.', 'Leggendaria', 'Servitore', 'DEMON', 0, 3, 15, 9, NULL, NULL, 'EXPERT1'),
('EX1_332', 'Silenzio', 'EX1_332.png', 'Silenzia un servitore.', 'Comune', 'Magia', NULL, 0, NULL, NULL, 0, NULL, NULL, 'EXPERT1'),
('EX1_334', 'Follia d''Ombra', 'EX1_334.png', 'Prendi il controllo di un servitore nemico con Attacco pari a 3 o inferiore fino alla fine del turno.', 'Rara', 'Magia', NULL, 0, NULL, NULL, 4, NULL, NULL, 'EXPERT1'),
('EX1_335', 'Prole della Luce', 'EX1_335.png', 'L''Attacco di questo servitore &egrave; sempre pari alla sua Salute.', 'Comune', 'Servitore', NULL, 0, 0, 5, 4, NULL, NULL, 'EXPERT1'),
('EX1_339', 'Furto del Pensiero', 'EX1_339.png', 'Copia 2 carte casuali dal mazzo dell''avversario e le mette nella tua mano.', 'Comune', 'Magia', NULL, 0, NULL, NULL, 3, NULL, NULL, 'EXPERT1'),
('EX1_341', 'Pozzo di Luce', 'EX1_341.png', 'All''inizio del tuo turno', 'Rara', 'Servitore', NULL, 0, 0, 5, 2, NULL, NULL, 'EXPERT1'),
('EX1_345', 'Giochi Mentali', 'EX1_345.png', 'Mette sul campo una copia di un servitore casuale dal mazzo dell''avversario.', 'Epica', 'Magia', NULL, 0, NULL, NULL, 4, NULL, NULL, 'EXPERT1'),
('EX1_349', 'Favore Divino', 'EX1_349.png', 'Pesca delle carte finch&agrave; non ne hai lo stesso numero dell''avversario.', 'Rara', 'Magia', NULL, 0, NULL, NULL, 3, NULL, NULL, 'EXPERT1'),
('EX1_350', 'Profeta Velen', 'EX1_350.png', 'Raddoppia i danni e le cure delle tue Magie e del Potere Eroe.', 'Leggendaria', 'Servitore', NULL, 0, 7, 7, 7, NULL, NULL, 'EXPERT1'),
('EX1_354', 'Mano Celestiale', 'EX1_354.png', 'Rigenera 8 Salute. Pesca 3 carte.', 'Epica', 'Magia', NULL, 0, NULL, NULL, 8, NULL, NULL, 'EXPERT1'),
('EX1_355', 'Campione Benedetto', 'EX1_355.png', 'Raddoppia l''Attacco di un servitore.', 'Rara', 'Magia', NULL, 0, NULL, NULL, 5, NULL, NULL, 'EXPERT1'),
('EX1_360', 'Umilt&agrave; ', 'EX1_360.png', 'Imposta l''Attacco di un servitore a 1.', 'Comune', 'Magia', NULL, 0, NULL, NULL, 1, NULL, NULL, 'CORE'),
('EX1_362', 'Protettore d''Argento', 'EX1_362.png', 'Grido di Battaglia: fornisce Scudo Divino a un tuo servitore.', 'Comune', 'Servitore', NULL, 0, 2, 2, 2, NULL, NULL, 'EXPERT1'),
('EX1_363', 'Benedizione: Saggezza', 'EX1_363.png', 'Seleziona un servitore. Quando attacca', 'Comune', 'Magia', NULL, 0, NULL, NULL, 1, NULL, NULL, 'EXPERT1'),
('EX1_365', 'Ira Sacra', 'EX1_365.png', 'Pesca una carta e infligge danni pari al suo costo.', 'Rara', 'Magia', NULL, 0, NULL, NULL, 5, NULL, NULL, 'EXPERT1'),
('EX1_366', 'Spada della Giustizia', 'EX1_366.png', 'Dopo che viene evocato un servitore sotto il tuo controllo', 'Epica', 'Arma', NULL, 0, 1, 5, 3, NULL, NULL, 'EXPERT1'),
('EX1_371', 'Imposizione: Protezione', 'EX1_371.png', 'Fornisce Scudo Divino a un servitore.', 'Base', 'Magia', NULL, 0, NULL, NULL, 1, NULL, NULL, 'CORE'),
('EX1_379', 'Penitenza', 'EX1_379.png', 'Segreto: dopo che l''avversario gioca un servitore', 'Comune', 'Magia', NULL, 0, NULL, NULL, 1, NULL, NULL, 'EXPERT1'),
('EX1_382', 'Pacificatore Aldor', 'EX1_382.png', 'Grido di Battaglia: imposta l''Attacco di un servitore nemico a 1.', 'Rara', 'Servitore', NULL, 0, 3, 3, 3, NULL, NULL, 'EXPERT1'),
('EX1_383', 'Tirion Fordring', 'EX1_383.png', 'Scudo Divino. Provocazione. Rantolo di Morte: equipaggia una Brandicenere 5/3.', 'Leggendaria', 'Servitore', NULL, 0, 6, 6, 8, NULL, NULL, 'EXPERT1'),
('EX1_384', 'Ira Vendicatrice', 'EX1_384.png', 'Infligge 8 danni suddivisi casualmente tra i nemici.', 'Epica', 'Magia', NULL, 0, NULL, NULL, 6, NULL, NULL, 'EXPERT1'),
('EX1_390', 'Guerriero Tauren', 'EX1_390.png', 'Provocazione. Rabbia: +3 Attacco.', 'Comune', 'Servitore', NULL, 0, 2, 3, 3, NULL, NULL, 'EXPERT1'),
('EX1_391', 'Contusione', 'EX1_391.png', 'Infligge 2 danni a un servitore. Se sopravvive', 'Comune', 'Magia', NULL, 0, NULL, NULL, 2, NULL, NULL, 'EXPERT1'),
('EX1_392', 'Furia Battagliera', 'EX1_392.png', 'Pesca una carta per ogni tuo personaggio danneggiato.', 'Comune', 'Magia', NULL, 0, NULL, NULL, 2, NULL, NULL, 'EXPERT1'),
('EX1_393', 'Berserker Amani', 'EX1_393.png', 'Rabbia: +3 Attacco.', 'Comune', 'Servitore', NULL, 0, 2, 3, 2, NULL, NULL, 'EXPERT1'),
('EX1_396', 'Custode Mogu''shan', 'EX1_396.png', 'Provocazione', 'Comune', 'Servitore', NULL, 0, 1, 7, 4, NULL, NULL, 'EXPERT1'),
('EX1_398', 'Fabbro d''Arathi', 'EX1_398.png', 'Grido di Battaglia: equipaggia un''Arma 2/2.', 'Comune', 'Servitore', NULL, 0, 3, 3, 4, NULL, NULL, 'EXPERT1'),
('EX1_399', 'Berserker Gurubashi', 'EX1_399.png', 'Quando subisce danni', 'Comune', 'Servitore', NULL, 0, 2, 7, 5, NULL, NULL, 'CORE'),
('EX1_400', 'Turbine', 'EX1_400.png', 'Infligge 1 |4(danno', 'Comune', 'Magia', NULL, 0, NULL, NULL, 1, NULL, NULL, 'CORE'),
('EX1_402', 'Fabbro d''Armature', 'EX1_402.png', 'Quando un tuo servitore subisce danni', 'Rara', 'Servitore', NULL, 0, 1, 4, 2, NULL, NULL, 'EXPERT1'),
('EX1_405', 'Portascudi', 'EX1_405.png', 'Provocazione', 'Comune', 'Servitore', NULL, 0, 0, 4, 1, NULL, NULL, 'EXPERT1'),
('EX1_407', 'Rissa', 'EX1_407.png', 'Distrugge TUTTI i servitori tranne uno scelto casualmente.', 'Epica', 'Magia', NULL, 0, NULL, NULL, 5, NULL, NULL, 'EXPERT1'),
('EX1_408', 'Assalto Mortale', 'EX1_408.png', 'Infligge 4 danni. Se il tuo eroe ha Salute pari a 12 o inferiore', 'Rara', 'Magia', NULL, 0, NULL, NULL, 4, NULL, NULL, 'EXPERT1'),
('EX1_409', 'Potenziamento', 'EX1_409.png', 'Se possiedi un''Arma', 'Rara', 'Magia', NULL, 0, NULL, NULL, 1, NULL, NULL, 'EXPERT1'),
('EX1_410', 'Colpo di Scudo', 'EX1_410.png', 'Infligge 1 danno a un servitore per ogni punto Armatura del tuo eroe.', 'Epica', 'Magia', NULL, 0, NULL, NULL, 1, NULL, NULL, 'EXPERT1'),
('EX1_411', 'Urloatroce', 'EX1_411.png', 'Attaccare un servitore costa 1 punto Attacco invece che 1 Integrit&agrave; .', 'Epica', 'Arma', NULL, 0, 7, 1, 7, NULL, NULL, 'EXPERT1'),
('EX1_412', 'Worgen Furente', 'EX1_412.png', 'Rabbia: Furia del Vento e +1 Attacco.', 'Comune', 'Servitore', NULL, 0, 3, 3, 3, NULL, NULL, 'EXPERT1'),
('EX1_414', 'Grommash Malogrido', 'EX1_414.png', 'Carica. Rabbia: +6 Attacco.', 'Leggendaria', 'Servitore', NULL, 0, 4, 9, 8, NULL, NULL, 'EXPERT1'),
('EX1_506', 'Murloc Cacciamaree', 'EX1_506.png', 'Grido di Battaglia: evoca un Murloc Esploratore 1/1.', 'Comune', 'Servitore', 'Murloc', 0, 2, 1, 2, NULL, NULL, 'CORE'),
('EX1_507', 'Condottiero Murloc', 'EX1_507.png', 'Gli altri tuoi Murloc hanno +2/+1.', 'Epica', 'Servitore', 'Murloc', 0, 3, 3, 3, NULL, NULL, 'EXPERT1'),
('EX1_508', 'Oracolo Scagliasalda', 'EX1_508.png', 'Gli altri tuoi Murloc hanno +1 Attacco.', 'Comune', 'Servitore', 'Murloc', 0, 1, 1, 1, NULL, NULL, 'CORE'),
('EX1_509', 'Murloc Invocamaree', 'EX1_509.png', 'Ottiene +1 Attacco quando viene evocato un Murloc sotto il tuo controllo.', 'Rara', 'Servitore', 'Murloc', 0, 1, 2, 1, NULL, NULL, 'EXPERT1'),
('EX1_522', 'Assassino Paziente', 'EX1_522.png', 'Furtivit&agrave; . Distrugge qualsiasi servitore danneggiato da questo servitore.', 'Epica', 'Servitore', NULL, 0, 1, 1, 2, NULL, NULL, 'EXPERT1'),
('EX1_531', 'Iena Rovistatrice', 'EX1_531.png', 'Ottiene +2/+1 quando muore una tua Bestia.', 'Comune', 'Servitore', 'BEAST', 0, 2, 2, 2, NULL, NULL, 'EXPERT1'),
('EX1_533', 'Depistaggio', 'EX1_533.png', 'Segreto: quando un nemico attacca il tuo eroe', 'Rara', 'Magia', NULL, 0, NULL, NULL, 2, NULL, NULL, 'EXPERT1'),
('EX1_534', 'Altocrine delle Savane', 'EX1_534.png', 'Rantolo di Morte: evoca due Iene 2/2.', 'Rara', 'Servitore', 'BEAST', 0, 6, 5, 6, NULL, NULL, 'EXPERT1'),
('EX1_536', 'Arco del Falco', 'EX1_536.png', 'Ottiene +1 Integrit&agrave;  quando viene rivelato un tuo Segreto.', 'Rara', 'Arma', NULL, 0, 3, 2, 3, NULL, NULL, 'EXPERT1'),
('EX1_537', 'Tiro Esplosivo', 'EX1_537.png', 'Infligge 5 danni a un servitore e 2 danni ai servitori adiacenti.', 'Rara', 'Magia', NULL, 0, NULL, NULL, 5, NULL, NULL, 'EXPERT1'),
('EX1_538', 'Sguinzaglia i Segugi', 'EX1_538.png', 'Evoca un Segugio 1/1 con Carica per ogni servitore nemico sul campo.', 'Comune', 'Magia', NULL, 0, NULL, NULL, 3, NULL, NULL, 'EXPERT1'),
('EX1_539', 'Ordine di Morte', 'EX1_539.png', 'Infligge 3 danni. Se controlli una Bestia', 'Comune', 'Magia', NULL, 0, NULL, NULL, 3, NULL, NULL, 'CORE'),
('EX1_543', 'Re Krush', 'EX1_543.png', 'Carica', 'Leggendaria', 'Servitore', 'BEAST', 0, 8, 8, 9, NULL, NULL, 'EXPERT1'),
('EX1_544', 'Bengala', 'EX1_544.png', 'TUTTI i servitori perdono Furtivit&agrave; . Distrugge i Segreti nemici. Pesca una carta.', 'Rara', 'Magia', NULL, 0, NULL, NULL, 2, NULL, NULL, 'EXPERT1'),
('EX1_549', 'Ira Bestiale', 'EX1_549.png', 'Immune e +2 Attacco a una tua Bestia per questo turno.', 'Epica', 'Magia', NULL, 0, NULL, NULL, 1, NULL, NULL, 'EXPERT1'),
('EX1_554', 'Trappola di Serpi', 'EX1_554.png', 'Segreto: quando un tuo servitore viene attaccato', 'Epica', 'Magia', NULL, 0, NULL, NULL, 2, NULL, NULL, 'EXPERT1'),
('EX1_556', 'Golem Mietitore', 'EX1_556.png', 'Rantolo di Morte: evoca un Golem Danneggiato 2/1.', 'Comune', 'Servitore', 'MECHANICAL', 0, 2, 3, 3, NULL, NULL, 'EXPERT1'),
('EX1_557', 'Nat Pagle', 'EX1_557.png', 'All''inizio del tuo turno', 'Leggendaria', 'Servitore', NULL, 0, 0, 4, 2, NULL, NULL, 'EXPERT1'),
('EX1_558', 'Harrison Jones', 'EX1_558.png', 'Grido di Battaglia: distrugge l''Arma dell''avversario e pesca un numero di carte pari alla sua Integrit&agrave; .', 'Leggendaria', 'Servitore', NULL, 0, 5, 4, 5, NULL, NULL, 'EXPERT1'),
('EX1_559', 'Arcimago Antonidas', 'EX1_559.png', 'Quando lanci una Magia', 'Leggendaria', 'Servitore', NULL, 0, 5, 7, 7, NULL, NULL, 'EXPERT1'),
('EX1_560', 'Nozdormu', 'EX1_560.png', 'I giocatori hanno solo 15 secondi per completare il proprio turno.', 'Leggendaria', 'Servitore', 'DRAGON', 0, 8, 8, 9, NULL, NULL, 'EXPERT1'),
('EX1_561', 'Alexstrasza', 'EX1_561.png', 'Grido di Battaglia: imposta la Salute restante di un eroe a 15.', 'Leggendaria', 'Servitore', 'DRAGON', 0, 8, 8, 9, NULL, NULL, 'EXPERT1'),
('EX1_562', 'Onyxia', 'EX1_562.png', 'Grido di Battaglia: evoca Draghetti 1/1 fino a riempire il tuo lato del campo.', 'Leggendaria', 'Servitore', 'DRAGON', 0, 8, 8, 9, NULL, NULL, 'EXPERT1'),
('EX1_563', 'Malygos', 'EX1_563.png', '+5 Danni Magici', 'Leggendaria', 'Servitore', 'DRAGON', 0, 4, 12, 9, NULL, NULL, 'EXPERT1'),
('EX1_564', 'Senzavolto Mutante', 'EX1_564.png', 'Grido di Battaglia: seleziona un servitore. Il Senzavolto Mutante diventa una sua copia.', 'Epica', 'Servitore', NULL, 0, 3, 3, 5, NULL, NULL, 'EXPERT1'),
('EX1_565', 'Totem del Fuoco', 'EX1_565.png', 'I servitori adiacenti hanno +2 Attacco.', 'Comune', 'Servitore', 'TOTEM', 0, 0, 3, 2, NULL, NULL, 'CORE'),
('EX1_567', 'Martelfato', 'EX1_567.png', 'Furia del Vento. Sovraccarico: (2)', 'Epica', 'Arma', NULL, 0, 2, 8, 5, NULL, NULL, 'EXPERT1'),
('EX1_570', 'Morso', 'EX1_570.png', '+4 Attacco al tuo eroe per questo turno e 4 Armatura.', 'Rara', 'Magia', NULL, 0, NULL, NULL, 4, NULL, NULL, 'EXPERT1'),
('EX1_571', 'Forza della Natura', 'EX1_571.png', 'Evoca tre Treant 2/2.', 'Epica', 'Magia', NULL, 0, NULL, NULL, 5, NULL, NULL, 'EXPERT1'),
('EX1_572', 'Ysera', 'EX1_572.png', 'Alla fine del tuo turno', 'Leggendaria', 'Servitore', 'DRAGON', 0, 4, 12, 9, NULL, NULL, 'EXPERT1'),
('EX1_573', 'Cenarius', 'EX1_573.png', 'Scegli: +2/+2 agli altri tuoi servitori o evoca due Treant 2/2 con Provocazione.', 'Leggendaria', 'Servitore', NULL, 0, 5, 8, 9, NULL, NULL, 'EXPERT1'),
('EX1_575', 'Totem del Mana', 'EX1_575.png', 'Alla fine del tuo turno', 'Rara', 'Servitore', 'TOTEM', 0, 0, 3, 3, NULL, NULL, 'EXPERT1'),
('EX1_577', 'La Bestia', 'EX1_577.png', 'Rantolo di Morte: evoca Finkle Cascorotto 3/3 sotto il controllo dell''avversario.', 'Leggendaria', 'Servitore', 'BEAST', 0, 9, 7, 6, NULL, NULL, 'EXPERT1'),
('EX1_578', 'Ferocia', 'EX1_578.png', 'Infligge danni pari all''Attacco del tuo eroe a un servitore.', 'Rara', 'Magia', NULL, 0, NULL, NULL, 1, NULL, NULL, 'EXPERT1'),
('EX1_581', 'Tramortimento', 'EX1_581.png', 'Fa tornare un servitore nemico nella mano dell''avversario.', 'Base', 'Magia', NULL, 0, NULL, NULL, 2, NULL, NULL, 'CORE'),
('EX1_582', 'Mago di Dalaran', 'EX1_582.png', '+1 Danni Magici', 'Comune', 'Servitore', NULL, 0, 1, 4, 3, NULL, NULL, 'CORE'),
('EX1_583', 'Sacerdotessa di Elune', 'EX1_583.png', 'Grido di Battaglia: rigenera 4 Salute al tuo eroe.', 'Comune', 'Servitore', NULL, 0, 5, 4, 6, NULL, NULL, 'EXPERT1'),
('EX1_584', 'Mago Anziano', 'EX1_584.png', 'Grido di Battaglia: +1 Danni Magici ai servitori adiacenti.', 'Rara', 'Servitore', NULL, 0, 2, 5, 4, NULL, NULL, 'EXPERT1'),
('EX1_586', 'Gigante di Mare', 'EX1_586.png', 'Costa (1) in meno per ogni servitore sul campo.', 'Epica', 'Servitore', NULL, 0, 8, 8, 10, NULL, NULL, 'EXPERT1'),
('EX1_587', 'Oratore del Vento', 'EX1_587.png', 'Grido di Battaglia: fornisce Furia del Vento a un tuo servitore.', 'Comune', 'Servitore', NULL, 0, 3, 3, 4, NULL, NULL, 'CORE'),
('EX1_590', 'Cavaliere del Sangue', 'EX1_590.png', 'Grido di Battaglia: TUTTI i servitori perdono Scudo Divino. Ottiene +3/+3 per ogni Scudo Divino dissolto.', 'Epica', 'Servitore', NULL, 0, 3, 3, 3, NULL, NULL, 'EXPERT1'),
('EX1_591', 'Vestale Auchenai', 'EX1_591.png', 'Le tue carte e i tuoi poteri che rigenerano Salute infliggono danni.', 'Rara', 'Servitore', NULL, 0, 3, 5, 4, NULL, NULL, 'EXPERT1'),
('EX1_593', 'Lamascura', 'EX1_593.png', 'Grido di Battaglia: infligge 3 danni all''eroe nemico.', 'Base', 'Servitore', NULL, 0, 4, 4, 5, NULL, NULL, 'CORE'),
('EX1_594', 'Vaporizzazione', 'EX1_594.png', 'Segreto: quando un servitore attacca il tuo eroe', 'Rara', 'Magia', NULL, 0, NULL, NULL, 3, NULL, NULL, 'EXPERT1'),
('EX1_595', 'Maestra del Culto', 'EX1_595.png', 'Quando uno degli altri tuoi servitori muore', 'Comune', 'Servitore', NULL, 0, 4, 2, 4, NULL, NULL, 'EXPERT1'),
('EX1_596', 'Fuoco Demoniaco', 'EX1_596.png', 'Infligge 2 danni a un servitore. Se &egrave; un tuo Demone', 'Comune', 'Magia', NULL, 0, NULL, NULL, 2, NULL, NULL, 'EXPERT1');
INSERT INTO `card` (`card_id`, `name`, `image`, `description`, `rarity`, `c_type`, `c_race`, `wild`, `attack`, `health`, `mana`, `adventure_wing`, `adventure_name`, `expansion_name`) VALUES
('EX1_597', 'Signora degli Imp', 'EX1_597.png', 'Alla fine del tuo turno', 'Rara', 'Servitore', NULL, 0, 1, 5, 3, NULL, NULL, 'EXPERT1'),
('EX1_603', 'Comandante Crudele', 'EX1_603.png', 'Grido di Battaglia: infligge 1 danno a un servitore ma gli fornisce +2 Attacco.', 'Comune', 'Servitore', NULL, 0, 2, 2, 2, NULL, NULL, 'EXPERT1'),
('EX1_604', 'Berserker Rabbioso', 'EX1_604.png', 'Ottiene +1 Attacco quando un servitore subisce danni.', 'Rara', 'Servitore', NULL, 0, 2, 4, 3, NULL, NULL, 'EXPERT1'),
('EX1_606', 'Scudo Saldo', 'EX1_606.png', 'Fornisce 5 Armatura. Pesca una carta.', 'Comune', 'Magia', NULL, 0, NULL, NULL, 3, NULL, NULL, 'CORE'),
('EX1_607', 'Rabbia Interiore', 'EX1_607.png', 'Infligge 1 |4(danno', 'Comune', 'Magia', NULL, 0, NULL, NULL, 0, NULL, NULL, 'EXPERT1'),
('EX1_608', 'Novizia Occultista', 'EX1_608.png', 'Le tue Magie costano (1) in meno.', 'Comune', 'Servitore', NULL, 0, 3, 2, 2, NULL, NULL, 'EXPERT1'),
('EX1_609', 'Colpo da Cecchino', 'EX1_609.png', 'Segreto: dopo che l''avversario gioca un servitore', 'Comune', 'Magia', NULL, 0, NULL, NULL, 2, NULL, NULL, 'EXPERT1'),
('EX1_610', 'Trappola Esplosiva', 'EX1_610.png', 'Segreto: quando il tuo eroe viene attaccato', 'Comune', 'Magia', NULL, 0, NULL, NULL, 2, NULL, NULL, 'EXPERT1'),
('EX1_611', 'Trappola Congelante', 'EX1_611.png', 'Segreto: quando un servitore nemico attacca', 'Comune', 'Magia', NULL, 0, NULL, NULL, 2, NULL, NULL, 'EXPERT1'),
('EX1_612', 'Maga del Kirin Tor', 'EX1_612.png', 'Grido di Battaglia: il prossimo Segreto che giochi in questo turno costa (0).', 'Rara', 'Servitore', NULL, 0, 4, 3, 3, NULL, NULL, 'EXPERT1'),
('EX1_613', 'Edwin VanCleef', 'EX1_613.png', 'Combo: ottiene +2/+2 per ogni carta giocata precedentemente in questo turno.', 'Leggendaria', 'Servitore', NULL, 0, 2, 2, 3, NULL, NULL, 'EXPERT1'),
('EX1_614', 'Illidan Grantempesta', 'EX1_614.png', 'Quando giochi una carta', 'Leggendaria', 'Servitore', 'DEMON', 0, 7, 5, 6, NULL, NULL, 'EXPERT1'),
('EX1_616', 'Presenza di Mana', 'EX1_616.png', 'TUTTI i servitori costano (1) in pi&ugrave;.', 'Rara', 'Servitore', NULL, 0, 2, 2, 2, NULL, NULL, 'EXPERT1'),
('EX1_617', 'Tiro Mortale', 'EX1_617.png', 'Distrugge un servitore nemico casuale.', 'Comune', 'Magia', NULL, 0, NULL, NULL, 3, NULL, NULL, 'EXPERT1'),
('EX1_619', 'Eguaglianza', 'EX1_619.png', 'Imposta la Salute di TUTTI i servitori a 1.', 'Rara', 'Magia', NULL, 0, NULL, NULL, 2, NULL, NULL, 'EXPERT1'),
('EX1_620', 'Gigante di Magma', 'EX1_620.png', 'Costa (1) in meno per ogni danno subito dal tuo eroe.', 'Epica', 'Servitore', NULL, 0, 8, 8, 25, NULL, NULL, 'EXPERT1'),
('EX1_621', 'Circolo di Guarigione', 'EX1_621.png', 'Rigenera 4 Salute a TUTTI i servitori.', 'Comune', 'Magia', NULL, 0, NULL, NULL, 0, NULL, NULL, 'EXPERT1'),
('EX1_622', 'Parola d''Ombra: Morte', 'EX1_622.png', 'Distrugge un servitore con Attacco pari a 5 o superiore.', 'Comune', 'Magia', NULL, 0, NULL, NULL, 3, NULL, NULL, 'CORE'),
('EX1_623', 'Protettore del Tempio', 'EX1_623.png', 'Grido di Battaglia: +3 Salute a un tuo servitore.', 'Comune', 'Servitore', NULL, 0, 6, 6, 6, NULL, NULL, 'EXPERT1'),
('EX1_624', 'Fuoco Sacro', 'EX1_624.png', 'Infligge 5 danni. Rigenera 5 Salute al tuo eroe.', 'Rara', 'Magia', NULL, 0, NULL, NULL, 6, NULL, NULL, 'EXPERT1'),
('EX1_625', 'Forma d''Ombra', 'EX1_625.png', 'Il tuo Potere Eroe diventa Infligge 2 danni. Se gi&agrave;  in Forma d''Ombra', 'Epica', 'Magia', NULL, 0, NULL, NULL, 3, NULL, NULL, 'EXPERT1'),
('EX1_626', 'Dissoluzione di Massa', 'EX1_626.png', 'Silenzia i servitori nemici. Pesca una carta.', 'Rara', 'Magia', NULL, 0, NULL, NULL, 4, NULL, NULL, 'EXPERT1'),
('FP1_001', 'Masticatore Zombi', 'FP1_001.png', 'Rantolo di Morte: rigenera 5 Salute all''eroe nemico.', 'Comune', 'Servitore', NULL, 0, 2, 3, 1, 4, 'NAXX', 'NAXX'),
('FP1_002', 'Ragno Infestato', 'FP1_002.png', 'Rantolo di Morte: evoca due Ragni Spettrali 1/1.', 'Comune', 'Servitore', 'BEAST', 0, 1, 2, 2, 1, 'NAXX', 'NAXX'),
('FP1_003', 'Melma Echeggiante', 'FP1_003.png', 'Grido di Battaglia: alla fine del turno', 'Epica', 'Servitore', NULL, 0, 1, 2, 2, 5, 'NAXX', 'NAXX'),
('FP1_004', 'Scienziato Pazzo', 'FP1_004.png', 'Rantolo di Morte: mette in gioco un Segreto casuale dal tuo mazzo.', 'Comune', 'Servitore', NULL, 0, 2, 2, 2, 4, 'NAXX', 'NAXX'),
('FP1_005', 'Ombra di Naxxramas', 'FP1_005.png', 'Furtivit&agrave; . Ottiene +1/+1 all''inizio del tuo turno.', 'Epica', 'Servitore', NULL, 0, 2, 2, 3, 5, 'NAXX', 'NAXX'),
('FP1_007', 'Uovo di Nerubiano', 'FP1_007.png', 'Rantolo di Morte: evoca un Nerubiano 4/4.', 'Rara', 'Servitore', NULL, 0, 0, 2, 2, 1, 'NAXX', 'NAXX'),
('FP1_008', 'Comandante Spettrale', 'FP1_008.png', 'Non pu&ograve; essere il bersaglio di Magie o Poteri Eroe.', 'Comune', 'Servitore', NULL, 0, 4, 6, 5, 3, 'NAXX', 'NAXX'),
('FP1_009', 'Signore della Morte', 'FP1_009.png', 'Provocazione. Rantolo di Morte: l''avversario mette sul campo un servitore casuale dal suo mazzo.', 'Rara', 'Servitore', NULL, 0, 2, 8, 3, 3, 'NAXX', 'NAXX'),
('FP1_010', 'Maexxna', 'FP1_010.png', 'Distrugge qualsiasi servitore danneggiato da questo servitore.', 'Leggendaria', 'Servitore', 'BEAST', 0, 2, 8, 6, 1, 'NAXX', 'NAXX'),
('FP1_011', 'Tessitela', 'FP1_011.png', 'Rantolo di Morte: mette nella tua mano una Bestia casuale.', 'Comune', 'Servitore', 'BEAST', 0, 1, 1, 1, 1, 'NAXX', 'NAXX'),
('FP1_012', 'Sputafango', 'FP1_012.png', 'Provocazione. Rantolo di Morte: evoca una Melma 1/2 con Provocazione.', 'Rara', 'Servitore', NULL, 0, 3, 5, 5, 2, 'NAXX', 'NAXX'),
('FP1_013', 'Kel''Thuzad', 'FP1_013.png', 'Alla fine di ogni turno', 'Leggendaria', 'Servitore', NULL, 0, 6, 8, 8, 5, 'NAXX', 'NAXX'),
('FP1_014', 'Stalagg', 'FP1_014.png', 'Rantolo di Morte: se anche Feugen &egrave; morto in questa partita', 'Leggendaria', 'Servitore', NULL, 0, 7, 4, 5, 4, 'NAXX', 'NAXX'),
('FP1_015', 'Feugen', 'FP1_015.png', 'Rantolo di Morte: se anche Stalagg &egrave; morto in questa partita', 'Leggendaria', 'Servitore', NULL, 0, 4, 7, 5, 4, 'NAXX', 'NAXX'),
('FP1_016', 'Anima Lamentosa', 'FP1_016.png', 'Grido di Battaglia: Silenzia gli altri tuoi servitori.', 'Rara', 'Servitore', NULL, 0, 3, 5, 4, 4, 'NAXX', 'NAXX'),
('FP1_017', 'Signore delle Tele', 'FP1_017.png', 'I servitori con Grido di Battaglia costano (2) in pi&ugrave;.', 'Comune', 'Servitore', NULL, 0, 1, 4, 2, 1, 'NAXX', 'NAXX'),
('FP1_018', 'Duplicazione', 'FP1_018.png', 'Segreto: quando un tuo servitore muore', 'Comune', 'Magia', NULL, 0, NULL, NULL, 3, 2, 'NAXX', 'NAXX'),
('FP1_019', 'Semi Venefici', 'FP1_019.png', 'Distrugge TUTTI i servitori ed evoca al loro posto dei Treant 2/2.', 'Comune', 'Magia', NULL, 0, NULL, NULL, 4, 3, 'NAXX', 'NAXX'),
('FP1_020', 'Ritorsione', 'FP1_020.png', 'Segreto: quando un tuo servitore muore', 'Comune', 'Magia', NULL, 0, NULL, NULL, 1, 4, 'NAXX', 'NAXX'),
('FP1_021', 'Morso della Morte', 'FP1_021.png', 'Rantolo di Morte: infligge 1 danno a TUTTI i servitori.', 'Comune', 'Arma', NULL, 0, 4, 2, 4, 4, 'NAXX', 'NAXX'),
('FP1_022', 'Invocatore del Vuoto', 'FP1_022.png', 'Rantolo di Morte: mette sul campo un Demone casuale dalla tua mano.', 'Comune', 'Servitore', 'DEMON', 0, 3, 4, 4, 3, 'NAXX', 'NAXX'),
('FP1_023', 'Cultista Oscuro', 'FP1_023.png', 'Rantolo di Morte: +3 Salute a un tuo servitore casuale.', 'Comune', 'Servitore', NULL, 0, 3, 4, 3, 5, 'NAXX', 'NAXX'),
('FP1_024', 'Ghoul Instabile', 'FP1_024.png', 'Provocazione. Rantolo di Morte: infligge 1 danno a TUTTI i servitori.', 'Comune', 'Servitore', NULL, 0, 1, 3, 2, 2, 'NAXX', 'NAXX'),
('FP1_025', 'Reincarnazione', 'FP1_025.png', 'Distrugge un servitore e lo riporta in vita con la Salute al massimo.', 'Comune', 'Magia', NULL, 0, NULL, NULL, 2, 2, 'NAXX', 'NAXX'),
('FP1_026', 'Aggressore di Anub''ar', 'FP1_026.png', 'Rantolo di Morte: fa tornare un tuo servitore casuale nella tua mano.', 'Comune', 'Servitore', NULL, 0, 5, 5, 4, 1, 'NAXX', 'NAXX'),
('FP1_027', 'Gargoyle Pellepietrosa', 'FP1_027.png', 'All''inizio del tuo turno', 'Comune', 'Servitore', NULL, 0, 1, 4, 3, 2, 'NAXX', 'NAXX'),
('FP1_028', 'Becchino', 'FP1_028.png', 'Ottiene +1 Attacco quando viene evocato un servitore con Rantolo di Morte sotto il tuo controllo.', 'Comune', 'Servitore', NULL, 0, 1, 2, 1, 4, 'NAXX', 'NAXX'),
('FP1_029', 'Spade Danzanti', 'FP1_029.png', 'Rantolo di Morte: l''avversario pesca una carta.', 'Comune', 'Servitore', NULL, 0, 4, 4, 3, 3, 'NAXX', 'NAXX'),
('FP1_030', 'Loatheb', 'FP1_030.png', 'Grido di Battaglia: nel turno successivo', 'Leggendaria', 'Servitore', NULL, 0, 5, 5, 5, 2, 'NAXX', 'NAXX'),
('FP1_031', 'Barone Fieramorte', 'FP1_031.png', 'I tuoi servitori attivano due volte il proprio Rantolo di Morte.', 'Leggendaria', 'Servitore', NULL, 0, 1, 7, 4, 3, 'NAXX', 'NAXX'),
('GVG_001', 'Sputafiamme', 'GVG_001.png', 'Infligge 4 danni a un servitore nemico casuale.', 'Comune', 'Magia', NULL, 0, NULL, NULL, 2, NULL, NULL, 'GVG'),
('GVG_002', 'Sbuffaneve', 'GVG_002.png', 'Congela i personaggi a cui infligge danni.', 'Comune', 'Servitore', 'MECHANICAL', 0, 2, 3, 2, NULL, NULL, 'GVG'),
('GVG_003', 'Portale Instabile', 'GVG_003.png', 'Mette nella tua mano un servitore casuale. Costa (3) in meno.', 'Rara', 'Magia', NULL, 0, NULL, NULL, 2, NULL, NULL, 'GVG'),
('GVG_004', 'Tecnomago Goblin', 'GVG_004.png', 'Grido di Battaglia: se controlli un Robot', 'Rara', 'Servitore', NULL, 0, 5, 4, 4, NULL, NULL, 'GVG'),
('GVG_005', 'Eco di Medivh', 'GVG_005.png', 'Mette una copia di ogni servitore che controlli nella tua mano.', 'Epica', 'Magia', NULL, 0, NULL, NULL, 4, NULL, NULL, 'GVG'),
('GVG_006', 'Roboevocatore', 'GVG_006.png', 'I tuoi Robot costano (1) in meno.', 'Comune', 'Servitore', 'MECHANICAL', 0, 2, 3, 2, NULL, NULL, 'GVG'),
('GVG_007', 'Leviatano delle Fiamme', 'GVG_007.png', 'Quando peschi questa carta', 'Leggendaria', 'Servitore', 'MECHANICAL', 0, 7, 7, 7, NULL, NULL, 'GVG'),
('GVG_008', 'Bomba Fotonica', 'GVG_008.png', 'Infligge danni a TUTTI i servitori pari al loro attacco.', 'Epica', 'Magia', NULL, 0, NULL, NULL, 6, NULL, NULL, 'GVG'),
('GVG_009', 'Ombromante Torva', 'GVG_009.png', 'Grido di Battaglia: infligge 3 danni a entrambi gli eroi.', 'Epica', 'Servitore', NULL, 0, 2, 1, 1, NULL, NULL, 'GVG'),
('GVG_010', 'Prescelto da Velen', 'GVG_010.png', '+2/+4 e +1 Danni Magici a un servitore.', 'Comune', 'Magia', NULL, 0, NULL, NULL, 3, NULL, NULL, 'GVG'),
('GVG_011', 'Mastro Riduttore', 'GVG_011.png', 'Grido di Battaglia: -2 Attacco a un servitore per questo turno.', 'Comune', 'Servitore', NULL, 0, 3, 2, 2, NULL, NULL, 'GVG'),
('GVG_012', 'Luce dei Naaru', 'GVG_012.png', 'Rigenera 3 Salute. Se il bersaglio &egrave; ancora danneggiato', 'Rara', 'Magia', NULL, 0, NULL, NULL, 1, NULL, NULL, 'GVG'),
('GVG_013', 'Tecnoingegnere', 'GVG_013.png', 'Ha +2 Attacco finch&agrave; controlli un Robot.', 'Comune', 'Servitore', NULL, 0, 1, 2, 1, NULL, NULL, 'GVG'),
('GVG_014', 'Vol''jin', 'GVG_014.png', 'Grido di Battaglia: scambia la sua Salute con quella di un servitore.', 'Leggendaria', 'Servitore', NULL, 0, 6, 2, 5, NULL, NULL, 'GVG'),
('GVG_015', 'Bomba Oscura', 'GVG_015.png', 'Infligge 3 danni.', 'Comune', 'Magia', NULL, 0, NULL, NULL, 2, NULL, NULL, 'GVG'),
('GVG_016', 'Vilrazziatore', 'GVG_016.png', 'Quando l''avversario gioca una carta', 'Epica', 'Servitore', 'MECHANICAL', 0, 8, 8, 5, NULL, NULL, 'GVG'),
('GVG_017', 'Richiamo Famiglio', 'GVG_017.png', 'Pesca una carta. Se &egrave; una Bestia', 'Rara', 'Magia', NULL, 0, NULL, NULL, 2, NULL, NULL, 'GVG'),
('GVG_018', 'Signora del Dolore', 'GVG_018.png', 'Quando infligge danni', 'Rara', 'Servitore', 'DEMON', 0, 1, 4, 2, NULL, NULL, 'GVG'),
('GVG_019', 'Cuore Demoniaco', 'GVG_019.png', 'Infligge 5 danni a un servitore. Se &egrave; un tuo Demone', 'Epica', 'Magia', NULL, 0, NULL, NULL, 5, NULL, NULL, 'GVG'),
('GVG_020', 'Vilcannone', 'GVG_020.png', 'Alla fine del tuo turno', 'Rara', 'Servitore', 'MECHANICAL', 0, 3, 5, 4, NULL, NULL, 'GVG'),
('GVG_021', 'Mal''Ganis', 'GVG_021.png', 'Gli altri tuoi Demoni hanno +2/+2. Il tuo eroe &egrave; Immune.', 'Leggendaria', 'Servitore', 'DEMON', 0, 9, 7, 9, NULL, NULL, 'GVG'),
('GVG_022', 'Tecnofluidificatore', 'GVG_022.png', '+3 Attacco alla tua Arma. Combo: inoltre', 'Comune', 'Magia', NULL, 0, NULL, NULL, 4, NULL, NULL, 'GVG'),
('GVG_023', 'Robobarbiere Goblin', 'GVG_023.png', 'Grido di Battaglia: +1 Attacco alla tua Arma.', 'Comune', 'Servitore', 'MECHANICAL', 0, 3, 2, 2, NULL, NULL, 'GVG'),
('GVG_024', 'Svitabulloni', 'GVG_024.png', 'Ha +2 Attacco finch&agrave; controlli un Robot.', 'Epica', 'Arma', NULL, 0, 1, 3, 3, NULL, NULL, 'GVG'),
('GVG_025', 'Truffatore Guercio', 'GVG_025.png', 'Ottiene Furtivit&agrave;  quando viene evocato un Pirata sotto il tuo controllo.', 'Rara', 'Servitore', 'PIRATE', 0, 4, 1, 2, NULL, NULL, 'GVG'),
('GVG_026', 'Morte Apparente', 'GVG_026.png', 'I tuoi servitori attivano il proprio Rantolo di Morte.', 'Epica', 'Magia', NULL, 0, NULL, NULL, 2, NULL, NULL, 'GVG'),
('GVG_027', 'Sensei di Ferro', 'GVG_027.png', 'Alla fine del tuo turno', 'Rara', 'Servitore', 'MECHANICAL', 0, 2, 2, 3, NULL, NULL, 'GVG'),
('GVG_028', 'Principe Gallywix', 'GVG_028.png', 'Quando l''avversario lancia una Magia', 'Leggendaria', 'Servitore', NULL, 0, 5, 8, 6, NULL, NULL, 'GVG'),
('GVG_029', 'Richiamo Ancestrale', 'GVG_029.png', 'Mette sul campo un servitore casuale dalla mano di ogni giocatore.', 'Epica', 'Magia', NULL, 0, NULL, NULL, 4, NULL, NULL, 'GVG'),
('GVG_030', 'Orsetto Anodizzato', 'GVG_030.png', 'Provocazione. Scegli: +1 Attacco o +1 Salute.', 'Comune', 'Servitore', 'MECHANICAL', 0, 2, 2, 2, NULL, NULL, 'GVG'),
('GVG_031', 'Riciclo', 'GVG_031.png', 'Fa tornare un servitore nemico nel mazzo dell''avversario.', 'Rara', 'Magia', NULL, 0, NULL, NULL, 6, NULL, NULL, 'GVG'),
('GVG_032', 'Driade dei Boschi', 'GVG_032.png', 'Scegli: fornisce 1 Cristallo di Mana a ogni giocatore o ogni giocatore pesca una carta.', 'Rara', 'Servitore', NULL, 0, 2, 4, 3, NULL, NULL, 'GVG'),
('GVG_033', 'Albero della Vita', 'GVG_033.png', 'Rigenera la Salute di TUTTI i personaggi al massimo.', 'Epica', 'Magia', NULL, 0, NULL, NULL, 9, NULL, NULL, 'GVG'),
('GVG_034', 'Gattorso Robot', 'GVG_034.png', 'Quando subisce danni', 'Rara', 'Servitore', 'MECHANICAL', 0, 7, 6, 6, NULL, NULL, 'GVG'),
('GVG_035', 'Malorne', 'GVG_035.png', 'Rantolo di Morte: torna nel tuo mazzo.', 'Leggendaria', 'Servitore', 'BEAST', 0, 9, 7, 7, NULL, NULL, 'GVG'),
('GVG_036', 'Mazza Protonica', 'GVG_036.png', 'Rantolo di Morte: +2/+2 a un tuo Robot casuale.', 'Rara', 'Arma', NULL, 0, 3, 2, 3, NULL, NULL, 'GVG'),
('GVG_037', 'Folgoratic Rotante', 'GVG_037.png', 'Furia del Vento', 'Comune', 'Servitore', 'MECHANICAL', 0, 3, 2, 2, NULL, NULL, 'GVG'),
('GVG_038', 'Crepitio', 'GVG_038.png', 'Infligge da 3 a 6 danni. Sovraccarico: (1)', 'Comune', 'Magia', NULL, 0, NULL, NULL, 2, NULL, NULL, 'GVG'),
('GVG_039', 'Totem della Salute', 'GVG_039.png', 'Alla fine del tuo turno', 'Rara', 'Servitore', 'TOTEM', 0, 0, 3, 2, NULL, NULL, 'GVG'),
('GVG_040', 'Murloc Cavalcaspiriti', 'GVG_040.png', 'Quando un altro tuo Murloc muore', 'Epica', 'Servitore', 'Murloc', 0, 2, 5, 4, NULL, NULL, 'GVG'),
('GVG_041', 'Sussurri Fatui', 'GVG_041.png', 'Scegli: evoca cinque Fuochi Fatui o +5/+5 e Provocazione a un servitore.', 'Epica', 'Magia', NULL, 0, NULL, NULL, 6, NULL, NULL, 'GVG'),
('GVG_042', 'Neptulon', 'GVG_042.png', 'Grido di Battaglia: mette nella tua mano quattro Murloc casuali. Sovraccarico: (3)', 'Leggendaria', 'Servitore', NULL, 0, 7, 7, 7, NULL, NULL, 'GVG'),
('GVG_043', 'Sparalame', 'GVG_043.png', 'Grido di Battaglia: +1 Attacco a un tuo servitore casuale.', 'Comune', 'Arma', NULL, 0, 2, 2, 2, NULL, NULL, 'GVG'),
('GVG_044', 'Carroragno', 'GVG_044.png', NULL, 'Comune', 'Servitore', 'MECHANICAL', 0, 3, 4, 3, NULL, NULL, 'GVG'),
('GVG_045', 'Imp-losione', 'GVG_045.png', 'Infligge da 2 a 4 danni a un servitore. Evoca un Imp 1/1 per ogni danno inflitto.', 'Rara', 'Magia', NULL, 0, NULL, NULL, 4, NULL, NULL, 'GVG'),
('GVG_046', 'Re delle Bestie', 'GVG_046.png', 'Provocazione. Grido di Battaglia: ottiene +1 Attacco per ogni altra tua Bestia.', 'Rara', 'Servitore', 'BEAST', 0, 2, 6, 5, NULL, NULL, 'GVG'),
('GVG_047', 'Sabotaggio', 'GVG_047.png', 'Distrugge un servitore nemico casuale. Combo: inoltre', 'Epica', 'Magia', NULL, 0, NULL, NULL, 4, NULL, NULL, 'GVG'),
('GVG_048', 'Belva Zannaferrea', 'GVG_048.png', 'Grido di Battaglia: +2 Attacco agli altri tuoi Robot.', 'Rara', 'Servitore', 'MECHANICAL', 0, 3, 3, 3, NULL, NULL, 'GVG'),
('GVG_049', 'Gahz''rilla', 'GVG_049.png', 'Quando subisce danni', 'Leggendaria', 'Servitore', 'BEAST', 0, 6, 9, 7, NULL, NULL, 'GVG'),
('GVG_050', 'Lama Rimbalzante', 'GVG_050.png', 'Infligge 1 |4(danno', 'Epica', 'Magia', NULL, 0, NULL, NULL, 3, NULL, NULL, 'GVG'),
('GVG_051', 'Robot da Guerra', 'GVG_051.png', 'Rabbia: +1 Attacco.', 'Comune', 'Servitore', 'MECHANICAL', 0, 1, 3, 1, NULL, NULL, 'GVG'),
('GVG_052', 'Schiacciamento', 'GVG_052.png', 'Distrugge un servitore. Se controlli un servitore danneggiato', 'Epica', 'Magia', NULL, 0, NULL, NULL, 7, NULL, NULL, 'GVG'),
('GVG_053', 'Signora dello Scudo', 'GVG_053.png', 'Grido di Battaglia: fornisce 5 Armatura.', 'Rara', 'Servitore', NULL, 0, 5, 5, 6, NULL, NULL, 'GVG'),
('GVG_054', 'Maglio degli Ogre', 'GVG_054.png', 'Probabilit&agrave;  del 50% di attaccare il nemico sbagliato.', 'Comune', 'Arma', NULL, 0, 4, 2, 3, NULL, NULL, 'GVG'),
('GVG_055', 'Piegalamiere', 'GVG_055.png', 'Grido di Battaglia: +2/+2 a un tuo Robot.', 'Rara', 'Servitore', 'MECHANICAL', 0, 2, 5, 4, NULL, NULL, 'GVG'),
('GVG_056', 'Mastodonte di Ferro', 'GVG_056.png', 'Grido di Battaglia: mette una mina nel mazzo dell''avversario. Quando viene pescata', 'Leggendaria', 'Servitore', 'MECHANICAL', 0, 6, 5, 6, NULL, NULL, 'GVG'),
('GVG_057', 'Sigillo della Luce', 'GVG_057.png', 'Rigenera 4 Salute al tuo eroe e gli fornisce +2 Attacco per questo turno.', 'Comune', 'Magia', NULL, 0, NULL, NULL, 2, NULL, NULL, 'GVG'),
('GVG_058', 'Minibot Scudato', 'GVG_058.png', 'Scudo Divino', 'Comune', 'Servitore', 'MECHANICAL', 0, 2, 2, 2, NULL, NULL, 'GVG'),
('GVG_059', 'Meccanomazza', 'GVG_059.png', 'Grido di Battaglia: fornisce Scudo Divino e Provocazione a un tuo servitore casuale.', 'Epica', 'Arma', NULL, 0, 2, 3, 3, NULL, NULL, 'GVG'),
('GVG_060', 'Quartiermastro', 'GVG_060.png', 'Grido di Battaglia: +2/+2 alle tue Reclute Mano d''Argento.', 'Epica', 'Servitore', NULL, 0, 2, 5, 5, NULL, NULL, 'GVG'),
('GVG_061', 'Adunata Militare', 'GVG_061.png', 'Evoca tre Reclute Mano d''Argento 1/1. Equipaggia un''Arma 1/4.', 'Rara', 'Magia', NULL, 0, NULL, NULL, 3, NULL, NULL, 'GVG'),
('GVG_062', 'Guardia di Cobalto', 'GVG_062.png', 'Ottiene Scudo Divino quando viene evocato un Robot sotto il tuo controllo.', 'Rara', 'Servitore', 'MECHANICAL', 0, 6, 3, 5, NULL, NULL, 'GVG'),
('GVG_063', 'Bolvar Domadraghi', 'GVG_063.png', 'Finch&agrave; resta nella tua mano', 'Leggendaria', 'Servitore', NULL, 0, 1, 7, 5, NULL, NULL, 'GVG'),
('GVG_064', 'Pestapaludi', 'GVG_064.png', NULL, 'Comune', 'Servitore', 'Murloc', 0, 3, 2, 2, NULL, NULL, 'GVG'),
('GVG_065', 'Bruto Ogre', 'GVG_065.png', 'Probabilit&agrave;  del 50% di attaccare il nemico sbagliato.', 'Comune', 'Servitore', NULL, 0, 4, 4, 3, NULL, NULL, 'GVG'),
('GVG_066', 'Sciamano Mazzaduna', 'GVG_066.png', 'Furia del Vento. Probabilit&agrave;  del 50% di attaccare il nemico sbagliato. Sovraccarico: (1)', 'Rara', 'Servitore', NULL, 0, 5, 4, 4, NULL, NULL, 'GVG'),
('GVG_067', 'Trogg Scheggiadura', 'GVG_067.png', 'Ottiene +1 Attacco quando l''avversario lancia una Magia.', 'Comune', 'Servitore', NULL, 0, 2, 3, 2, NULL, NULL, 'GVG'),
('GVG_068', 'Trogg Faucisalde', 'GVG_068.png', 'Ottiene +2 Attacco quando l''avversario lancia una Magia.', 'Comune', 'Servitore', NULL, 0, 3, 5, 4, NULL, NULL, 'GVG'),
('GVG_069', 'Curabot Antico', 'GVG_069.png', 'Grido di Battaglia: rigenera 8 Salute al tuo eroe.', 'Comune', 'Servitore', 'MECHANICAL', 0, 3, 3, 5, NULL, NULL, 'GVG'),
('GVG_070', 'Lupo di Mare', 'GVG_070.png', NULL, 'Comune', 'Servitore', 'PIRATE', 0, 7, 4, 5, NULL, NULL, 'GVG'),
('GVG_071', 'Zampalunga Perduto', 'GVG_071.png', NULL, 'Comune', 'Servitore', 'BEAST', 0, 5, 4, 4, NULL, NULL, 'GVG'),
('GVG_072', 'Sanitarizzatore', 'GVG_072.png', 'Quando viene curato un personaggio', 'Rara', 'Servitore', 'MECHANICAL', 0, 2, 3, 2, NULL, NULL, 'GVG'),
('GVG_073', 'Tiro del Cobra', 'GVG_073.png', 'Infligge 3 danni a un servitore e all''eroe nemico.', 'Comune', 'Magia', NULL, 0, NULL, NULL, 5, NULL, NULL, 'GVG'),
('GVG_074', 'Mistica di Kezan', 'GVG_074.png', 'Grido di Battaglia: prendi il controllo di un Segreto casuale dell''avversario.', 'Rara', 'Servitore', NULL, 0, 4, 3, 4, NULL, NULL, 'GVG'),
('GVG_075', 'Cannone Nautico', 'GVG_075.png', 'Dopo che viene evocato un Pirata sotto il tuo controllo', 'Comune', 'Servitore', NULL, 0, 2, 3, 2, NULL, NULL, 'GVG'),
('GVG_076', 'Pecora Esplosiva', 'GVG_076.png', 'Rantolo di Morte: infligge 2 danni a TUTTI i servitori.', 'Comune', 'Servitore', 'MECHANICAL', 0, 1, 1, 2, NULL, NULL, 'GVG'),
('GVG_077', 'Golem dell''Anima', 'GVG_077.png', 'Alla fine di ogni turno', 'Epica', 'Servitore', 'MECHANICAL', 0, 9, 9, 6, NULL, NULL, 'GVG'),
('GVG_078', 'Yeti Meccanico', 'GVG_078.png', 'Rantolo di Morte: ogni giocatore ottiene un Gadget.', 'Comune', 'Servitore', 'MECHANICAL', 0, 4, 5, 4, NULL, NULL, 'GVG'),
('GVG_079', 'Supercarro MAX', 'GVG_079.png', 'Scudo Divino', 'Comune', 'Servitore', 'MECHANICAL', 0, 7, 7, 8, NULL, NULL, 'GVG'),
('GVG_080', 'Druido della Zanna', 'GVG_080.png', 'Grido di Battaglia: si trasforma in un servitore 7/7 se controlli una Bestia.', 'Comune', 'Servitore', NULL, 0, 4, 4, 5, NULL, NULL, 'GVG'),
('GVG_081', 'Inseguitore Branclin', 'GVG_081.png', 'Furtivit&agrave; ', 'Comune', 'Servitore', NULL, 0, 2, 3, 2, NULL, NULL, 'GVG'),
('GVG_082', 'Gnomo Meccanico', 'GVG_082.png', 'Rantolo di Morte: mette nella tua mano un Gadget.', 'Comune', 'Servitore', 'MECHANICAL', 0, 2, 1, 1, NULL, NULL, 'GVG'),
('GVG_083', 'Riparabot Migliorato', 'GVG_083.png', 'Grido di Battaglia: +4 Salute a un tuo Robot.', 'Rara', 'Servitore', 'MECHANICAL', 0, 5, 5, 5, NULL, NULL, 'GVG'),
('GVG_084', 'Macchina Volante', 'GVG_084.png', 'Furia del Vento', 'Comune', 'Servitore', 'MECHANICAL', 0, 1, 4, 3, NULL, NULL, 'GVG'),
('GVG_085', 'Fastidiobot', 'GVG_085.png', 'Provocazione. Scudo Divino.', 'Comune', 'Servitore', 'MECHANICAL', 0, 1, 2, 2, NULL, NULL, 'GVG'),
('GVG_086', 'Macchina d''Assedio', 'GVG_086.png', 'Ottiene +1 Attacco quando il tuo eroe ottiene Armatura.', 'Rara', 'Servitore', 'MECHANICAL', 0, 5, 5, 5, NULL, NULL, 'GVG'),
('GVG_087', 'Cecchino Spargifumo', 'GVG_087.png', 'Il tuo Potere Eroe pu&ograve; essere usato sui servitori.', 'Epica', 'Servitore', NULL, 0, 2, 3, 2, NULL, NULL, 'GVG'),
('GVG_088', 'Ogre Ninja', 'GVG_088.png', 'Furtivit&agrave; . Probabilit&agrave;  del 50% di attaccare il nemico sbagliato.', 'Rara', 'Servitore', NULL, 0, 6, 6, 5, NULL, NULL, 'GVG'),
('GVG_089', 'Illuminatrice', 'GVG_089.png', 'Se controlli un Segreto alla fine del tuo turno', 'Rara', 'Servitore', NULL, 0, 2, 4, 3, NULL, NULL, 'GVG'),
('GVG_090', 'Bombarolo Pi&ugrave; Pazzo', 'GVG_090.png', 'Grido di Battaglia: infligge 6 danni suddivisi casualmente tra TUTTI gli altri personaggi.', 'Rara', 'Servitore', NULL, 0, 5, 4, 5, NULL, NULL, 'GVG'),
('GVG_091', 'Nullificatore X-21', 'GVG_091.png', 'Provocazione. Non pu&ograve; essere il bersaglio di Magie o Poteri Eroe.', 'Rara', 'Servitore', 'MECHANICAL', 0, 2, 5, 4, NULL, NULL, 'GVG'),
('GVG_092', 'Ricercatore Svitato', 'GVG_092.png', 'Grido di Battaglia: pesca una carta. Se &egrave; un servitore', 'Rara', 'Servitore', NULL, 0, 3, 2, 3, NULL, NULL, 'GVG'),
('GVG_093', 'Manichino a Molla', 'GVG_093.png', 'Provocazione', 'Rara', 'Servitore', 'MECHANICAL', 0, 0, 2, 0, NULL, NULL, 'GVG'),
('GVG_094', 'Alfred', 'GVG_094.png', 'Alla fine del turno di ogni giocatore, quest pesca fino a quando non ha 3 carte.', 'Rara', 'Servitore', 'MECHANICAL', 0, 1, 4, 4, NULL, NULL, 'GVG'),
('GVG_095', 'Geniere Goblin', 'GVG_095.png', 'Ha +4 Attacco finch&agrave; l''avversario ha 6 o pi&ugrave; carte in mano.', 'Rara', 'Servitore', NULL, 0, 2, 4, 3, NULL, NULL, 'GVG'),
('GVG_096', 'Segatronchi Pilotato', 'GVG_096.png', 'Rantolo di Morte: evoca un servitore casuale da 2 Mana.', 'Comune', 'Servitore', 'MECHANICAL', 0, 4, 3, 4, NULL, NULL, 'GVG'),
('GVG_097', 'Piccola Esorcista', 'GVG_097.png', 'Provocazione. Grido di Battaglia: ottiene +1/+1 per ogni servitore nemico con Rantolo di Morte.', 'Rara', 'Servitore', NULL, 0, 2, 3, 3, NULL, NULL, 'GVG'),
('GVG_098', 'Fante di Gnomeregan', 'GVG_098.png', 'Carica. Provocazione.', 'Comune', 'Servitore', NULL, 0, 1, 4, 3, NULL, NULL, 'GVG'),
('GVG_099', 'Lanciatore di Bombe', 'GVG_099.png', 'Grido di Battaglia: infligge 4 danni a un servitore nemico casuale.', 'Rara', 'Servitore', NULL, 0, 3, 3, 5, NULL, NULL, 'GVG'),
('GVG_100', 'Osservatore', 'GVG_100.png', 'Ottiene +2/+2 quando il tuo eroe subisce danni nel tuo turno.', 'Comune', 'Servitore', 'DEMON', 0, 4, 4, 5, NULL, NULL, 'GVG'),
('GVG_101', 'Epuratore Scarlatto', 'GVG_101.png', 'Grido di Battaglia: infligge 2 danni a TUTTI i servitori con Rantolo di Morte.', 'Rara', 'Servitore', NULL, 0, 4, 3, 3, NULL, NULL, 'GVG'),
('GVG_102', 'Gnomo Aggiustatutto', 'GVG_102.png', 'Grido di Battaglia: ottiene +1/+1 e mette nella tua mano un Gadget se controlli un Robot.', 'Comune', 'Servitore', NULL, 0, 3, 3, 3, NULL, NULL, 'GVG'),
('GVG_103', 'Micro-Macchina', 'GVG_103.png', 'All''inizio di ogni turno', 'Comune', 'Servitore', 'MECHANICAL', 0, 1, 2, 2, NULL, NULL, 'GVG'),
('GVG_104', 'Hobgoblin', 'GVG_104.png', 'Quando giochi un servitore con 1 Attacco', 'Epica', 'Servitore', NULL, 0, 2, 3, 3, NULL, NULL, 'GVG'),
('GVG_105', 'Supergolem Pilotato', 'GVG_105.png', 'Rantolo di Morte: evoca un servitore casuale da 4 Mana.', 'Epica', 'Servitore', 'MECHANICAL', 0, 6, 4, 6, NULL, NULL, 'GVG'),
('GVG_106', 'Riciclobot', 'GVG_106.png', 'Ottiene +2/+2 quando un tuo Robot muore.', 'Epica', 'Servitore', 'MECHANICAL', 0, 1, 5, 5, NULL, NULL, 'GVG'),
('GVG_107', 'Potenziabot', 'GVG_107.png', 'Grido di Battaglia: fornisce casualmente agli altri tuoi servitori Furia del Vento', 'Epica', 'Servitore', 'MECHANICAL', 0, 3, 2, 4, NULL, NULL, 'GVG'),
('GVG_108', 'Trasmutatore', 'GVG_108.png', 'Grido di Battaglia: trasforma un tuo servitore in un servitore casuale con lo stesso costo.', 'Epica', 'Servitore', NULL, 0, 3, 2, 2, NULL, NULL, 'GVG'),
('GVG_109', 'Minimago', 'GVG_109.png', 'Furtivit&agrave; . +1 Danni Magici.', 'Epica', 'Servitore', NULL, 0, 4, 1, 4, NULL, NULL, 'GVG'),
('GVG_110', 'Dott. Boom', 'GVG_110.png', 'Grido di Battaglia: evoca due Robobombe 1/1. <i>ATTENZIONE: le Robobombe possono esplodere.</i>', 'Leggendaria', 'Servitore', NULL, 0, 7, 7, 7, NULL, NULL, 'GVG'),
('GVG_111', 'Testa di Mimiron', 'GVG_111.png', 'All''inizio del tuo turno distrugge i tuoi Robot', 'Leggendaria', 'Servitore', 'MECHANICAL', 0, 4, 5, 5, NULL, NULL, 'GVG'),
('GVG_112', 'Mogor l''Ogre', 'GVG_112.png', 'TUTTI i servitori hanno una probabilit&agrave;  del 50% di attaccare il nemico sbagliato.', 'Leggendaria', 'Servitore', NULL, 0, 7, 6, 6, NULL, NULL, 'GVG'),
('GVG_113', 'Mietinemici 4000', 'GVG_113.png', 'Infligge danni anche ai servitori adiacenti a quello attaccato.', 'Leggendaria', 'Servitore', 'MECHANICAL', 0, 6, 9, 8, NULL, NULL, 'GVG'),
('GVG_114', 'Segatronchi di Sneed', 'GVG_114.png', 'Rantolo di Morte: evoca un servitore Leggendario casuale.', 'Leggendaria', 'Servitore', 'MECHANICAL', 0, 5, 7, 8, NULL, NULL, 'GVG'),
('GVG_115', 'Toshley', 'GVG_115.png', 'Grido di Battaglia e Rantolo di Morte: mette nella tua mano un Gadget.', 'Leggendaria', 'Servitore', NULL, 0, 5, 7, 6, NULL, NULL, 'GVG'),
('GVG_116', 'Mekgeniere Termospin', 'GVG_116.png', 'Quando un servitore nemico muore', 'Leggendaria', 'Servitore', 'MECHANICAL', 0, 9, 7, 9, NULL, NULL, 'GVG'),
('GVG_117', 'Sparachiodi', 'GVG_117.png', 'Quando lanci una Magia da 1 Mana', 'Leggendaria', 'Servitore', NULL, 0, 3, 6, 6, NULL, NULL, 'GVG'),
('GVG_118', 'Troggzor Terrestrator', 'GVG_118.png', 'Quando l''avversario lancia una Magia', 'Leggendaria', 'Servitore', NULL, 0, 6, 6, 7, NULL, NULL, 'GVG'),
('GVG_119', 'Orotron 3000', 'GVG_119.png', 'Grido di Battaglia: ogni giocatore equipaggia un''Arma casuale.', 'Leggendaria', 'Servitore', 'MECHANICAL', 0, 3, 4, 5, NULL, NULL, 'GVG'),
('GVG_120', 'Hemet Nesingwary', 'GVG_120.png', 'Grido di Battaglia: distrugge una Bestia.', 'Leggendaria', 'Servitore', NULL, 0, 6, 3, 5, NULL, NULL, 'GVG'),
('GVG_121', 'Gigante Meccanico', 'GVG_121.png', 'Costa (1) in meno per ogni carta nella mano dell''avversario.', 'Epica', 'Servitore', 'MECHANICAL', 0, 8, 8, 12, NULL, NULL, 'GVG'),
('GVG_122', 'Miniabiuratrice', 'GVG_122.png', 'I servitori adiacenti non possono essere il bersaglio di Magie o Poteri Eroe.', 'Epica', 'Servitore', NULL, 0, 2, 5, 4, NULL, NULL, 'GVG'),
('GVG_123', 'Spargicenere', 'GVG_123.png', '+1 Danni Magici', 'Rara', 'Servitore', 'MECHANICAL', 0, 3, 3, 3, NULL, NULL, 'GVG'),
('KAR_004', 'Trucco Felino', 'KAR_004.png', 'Segreto: dopo che l''avversario ha lanciato una Magia', 'Rara', 'Magia', NULL, 0, NULL, NULL, 2, 4, 'KARA', 'KARA'),
('KAR_005', 'Tenera Nonnina', 'KAR_005.png', 'Rantolo di Morte: evoca un Lupo Cattivo 3/2.', 'Comune', 'Servitore', 'BEAST', 0, 1, 1, 2, 3, 'KARA', 'KARA'),
('KAR_006', 'Cacciatrice Mascherata', 'KAR_006.png', 'I tuoi Segreti costano (0).', 'Comune', 'Servitore', NULL, 0, 3, 4, 3, 2, 'KARA', 'KARA'),
('KAR_009', 'Libro Chiacchierone', 'KAR_009.png', 'Grido di Battaglia: mette nella tua mano una Magia casuale del Mago.', 'Rara', 'Servitore', NULL, 0, 1, 1, 1, 4, 'KARA', 'KARA'),
('KAR_010', 'Templare di Noctumor', 'KAR_010.png', 'Grido di Battaglia: evoca due Draghetti 1/1 se hai un Drago in mano.', 'Comune', 'Servitore', NULL, 0, 2, 3, 3, 4, 'KARA', 'KARA'),
('KAR_011', 'Attore Spocchioso', 'KAR_011.png', 'Provocazione', 'Comune', 'Servitore', NULL, 0, 3, 2, 2, 3, 'KARA', 'KARA'),
('KAR_013', 'Purificazione', 'KAR_013.png', 'Silenzia un tuo servitore. Pesca una carta.', 'Comune', 'Magia', NULL, 0, NULL, NULL, 2, 4, 'KARA', 'KARA'),
('KAR_021', 'Taumaturga Malvagia', 'KAR_021.png', 'Quando lanci una Magia', 'Comune', 'Servitore', NULL, 0, 3, 4, 4, 3, 'KARA', 'KARA'),
('KAR_025', 'Abra Cadabra!', 'KAR_025.png', 'Evoca una Candela 1/1, una Scopa 2/2 e una Teiera 3/3.', 'Comune', 'Magia', NULL, 0, NULL, NULL, 5, 3, 'KARA', 'KARA'),
('KAR_026', 'Proteggete il Re!', 'KAR_026.png', 'Evoca un Pedone 1/1 con Provocazione per ogni servitore nemico sul campo.', 'Rara', 'Magia', NULL, 0, NULL, NULL, 3, 2, 'KARA', 'KARA'),
('KAR_028', 'Flagello dello Stolto', 'KAR_028.png', 'Permette attacchi illimitati. Non pu&ograve; attaccare gli eroi.', 'Comune', 'Arma', NULL, 0, 3, 4, 5, 4, 'KARA', 'KARA'),
('KAR_029', 'Uovo Runico', 'KAR_029.png', 'Rantolo di Morte: pesca una carta.', 'Comune', 'Servitore', NULL, 0, 0, 2, 1, 4, 'KARA', 'KARA'),
('KAR_030a', 'Ragno delle Dispense', 'KAR_030a.png', 'Grido di Battaglia: evoca un Ragno 1/3.', 'Comune', 'Servitore', 'BEAST', 0, 1, 3, 3, 2, 'KARA', 'KARA'),
('KAR_033', 'Dragone di Biblioteca', 'KAR_033.png', 'Grido di Battaglia: distrugge un servitore nemico con Attacco pari a 3 o inferiore se hai un Drago in mano.', 'Rara', 'Servitore', 'DRAGON', 0, 3, 6, 6, 5, 'KARA', 'KARA'),
('KAR_035', 'Sacerdote del Banchetto', 'KAR_035.png', 'Quando lanci una Magia', 'Comune', 'Servitore', NULL, 0, 3, 6, 4, 2, 'KARA', 'KARA'),
('KAR_036', 'Anomalia Arcana', 'KAR_036.png', 'Ottiene +1 Salute quando lanci una Magia.', 'Comune', 'Servitore', NULL, 0, 2, 1, 1, 2, 'KARA', 'KARA'),
('KAR_037', 'Rapace Guardiano', 'KAR_037.png', 'Grido di Battaglia: ottiene +1/+1 e Provocazione se controlli un Segreto.', 'Rara', 'Servitore', NULL, 0, 3, 6, 5, 4, 'KARA', 'KARA'),
('KAR_041', 'Mostro del Fossato', 'KAR_041.png', 'Grido di Battaglia: distrugge un servitore. Rantolo di Morte: rievoca quel servitore.', 'Rara', 'Servitore', NULL, 0, 3, 3, 6, 3, 'KARA', 'KARA'),
('KAR_044', 'Moroes', 'KAR_044.png', 'Furtivit&agrave; . Alla fine del tuo turno', 'Leggendaria', 'Servitore', NULL, 0, 1, 1, 3, 2, 'KARA', 'KARA'),
('KAR_057', 'Cavallo d''Avorio', 'KAR_057.png', 'Grido di Battaglia: Rinvieni una Magia. Rigenera Salute al tuo eroe pari al suo costo.', 'Rara', 'Servitore', NULL, 0, 4, 4, 6, 2, 'KARA', 'KARA'),
('KAR_061', 'Curatore', 'KAR_061.png', 'Provocazione. Grido di Battaglia: pesca una Bestia', 'Leggendaria', 'Servitore', 'MECHANICAL', 0, 4, 6, 7, 4, 'KARA', 'KARA'),
('KAR_062', 'Storica di Scagliafatua', 'KAR_062.png', 'Grido di Battaglia: Rinvieni un Drago se hai un Drago in mano.', 'Comune', 'Servitore', NULL, 0, 1, 3, 2, 5, 'KARA', 'KARA'),
('KAR_063', 'Artigli Spiritici', 'KAR_063.png', 'Ha +2 Attacco finch&agrave; hai un bonus ai Danni Magici.', 'Comune', 'Arma', NULL, 0, 1, 3, 1, 5, 'KARA', 'KARA'),
('KAR_065', 'Custode del Serraglio', 'KAR_065.png', 'Grido di Battaglia: seleziona una tua Bestia. Ne evoca una copia.', 'Comune', 'Servitore', NULL, 0, 5, 5, 6, 4, 'KARA', 'KARA'),
('KAR_069', 'Pirata Festaiolo', 'KAR_069.png', 'Grido di Battaglia: mette nella tua mano una carta casuale della classe dell''avversario.', 'Comune', 'Servitore', 'PIRATE', 0, 1, 1, 1, 2, 'KARA', 'KARA'),
('KAR_070', 'Venditrice Eterea', 'KAR_070.png', 'Grido di Battaglia: riduce di (2) il costo delle carte di classe non del Ladro nella tua mano.', 'Rara', 'Servitore', NULL, 0, 5, 6, 5, 5, 'KARA', 'KARA'),
('KAR_073', 'Portale: Maelstrom', 'KAR_073.png', 'Infligge 1 |4(danno', 'Rara', 'Magia', NULL, 0, NULL, NULL, 2, 2, 'KARA', 'KARA'),
('KAR_075', 'Portale: Radaluna', 'KAR_075.png', 'Rigenera 6 Salute. Evoca un servitore casuale da 6 Mana.', 'Rara', 'Magia', NULL, 0, NULL, NULL, 6, 5, 'KARA', 'KARA'),
('KAR_076', 'Portale: Terre del Fuoco', 'KAR_076.png', 'Infligge 5 danni. Evoca un servitore casuale da 5 Mana.', 'Comune', 'Magia', NULL, 0, NULL, NULL, 7, 1, 'KARA', 'KARA'),
('KAR_077', 'Portale: Lunargenta', 'KAR_077.png', '+2/+2 a un servitore. Evoca un servitore casuale da 2 Mana.', 'Comune', 'Magia', NULL, 0, NULL, NULL, 4, 3, 'KARA', 'KARA'),
('KAR_089', 'Imp di Malchezaar', 'KAR_089.png', 'Quando scarti una carta', 'Comune', 'Servitore', 'DEMON', 0, 1, 3, 1, 5, 'KARA', 'KARA'),
('KAR_091', 'Portale: Forgiardente', 'KAR_091.png', 'Fornisce 4 Armatura. Evoca un servitore casuale da 4 Mana.', 'Comune', 'Magia', NULL, 0, NULL, NULL, 5, 5, 'KARA', 'KARA'),
('KAR_092', 'Valletto di Medivh', 'KAR_092.png', 'Grido di Battaglia: infligge 3 danni se controlli un Segreto.', 'Comune', 'Servitore', NULL, 0, 2, 3, 2, 5, 'KARA', 'KARA'),
('KAR_094', 'Forchetta Mortale', 'KAR_094.png', 'Rantolo di Morte: mette nella tua mano un''Arma 3/2.', 'Comune', 'Servitore', NULL, 0, 3, 2, 3, 2, 'KARA', 'KARA'),
('KAR_095', 'Zoobot', 'KAR_095.png', 'Grido di Battaglia: +1/+1 a una tua Bestia', 'Comune', 'Servitore', 'MECHANICAL', 0, 3, 3, 3, 4, 'KARA', 'KARA'),
('KAR_096', 'Principe Malchezaar', 'KAR_096.png', 'All''inizio della partita', 'Leggendaria', 'Servitore', 'DEMON', 0, 5, 6, 5, 5, 'KARA', 'KARA'),
('KAR_097', 'Medivh il Guardiano', 'KAR_097.png', 'Grido di Battaglia: equipaggia Atiesh', 'Leggendaria', 'Servitore', NULL, 0, 7, 7, 8, 5, 'KARA', 'KARA'),
('KAR_114', 'Barnes', 'KAR_114.png', 'Grido di Battaglia: evoca una copia 1/1 di un servitore casuale nel tuo mazzo.', 'Leggendaria', 'Servitore', NULL, 0, 3, 4, 4, 3, 'KARA', 'KARA'),
('KAR_204', 'Alfiere d''Ebano', 'KAR_204.png', 'Grido di Battaglia: evoca un tuo servitore casuale morto in questa partita.', 'Rara', 'Servitore', NULL, 0, 3, 4, 5, 3, 'KARA', 'KARA'),
('KAR_205', 'Golem dell''Argenteria', 'KAR_205.png', 'Se scarti questo servitore', 'Rara', 'Servitore', NULL, 0, 3, 3, 3, 2, 'KARA', 'KARA'),
('KAR_300', 'Corvo Incantato', 'KAR_300.png', NULL, 'Comune', 'Servitore', 'BEAST', 0, 2, 2, 1, 1, 'KARA', 'KARA'),
('KAR_702', 'Mago del Serraglio', 'KAR_702.png', 'Grido di Battaglia: +2/+2 a una tua Bestia', 'Comune', 'Servitore', NULL, 0, 4, 4, 5, 4, 'KARA', 'KARA'),
('KAR_710', 'Fabbro Arcano', 'KAR_710.png', 'Grido di Battaglia: evoca uno Scudo Animato 0/5 con Provocazione.', 'Comune', 'Servitore', NULL, 0, 3, 2, 4, 2, 'KARA', 'KARA'),
('KAR_711', 'Gigante Arcano', 'KAR_711.png', 'Costa (1) in meno per ogni Magia che hai lanciato in questa partita.', 'Epica', 'Servitore', NULL, 0, 8, 8, 12, 3, 'KARA', 'KARA'),
('KAR_712', 'Illusionista Violacea', 'KAR_712.png', 'Il tuo eroe &egrave; Immune nel tuo turno.', 'Comune', 'Servitore', NULL, 0, 4, 3, 3, 5, 'KARA', 'KARA'),
('LOEA10_3', 'Murlocchino', 'LOEA10_3.png', NULL, 'Comune', 'Servitore', 'Murloc', 0, 1, 1, 0, 3, 'LOE', 'LOE'),
('LOE_002', 'Torcia Abbandonata', 'LOE_002.png', 'Infligge 3 danni. Mette nel tuo mazzo una Torcia Divampante che infligge 6 danni.', 'Comune', 'Magia', NULL, 0, NULL, NULL, 3, 2, 'LOE', 'LOE'),
('LOE_003', 'Evocatore Etereo', 'LOE_003.png', 'Grido di Battaglia: Rinvieni una Magia.', 'Comune', 'Servitore', NULL, 0, 6, 3, 5, 2, 'LOE', 'LOE'),
('LOE_006', 'Curatore del Museo', 'LOE_006.png', 'Grido di Battaglia: Rinvieni una carta con Rantolo di Morte.', 'Comune', 'Servitore', NULL, 0, 1, 2, 2, 4, 'LOE', 'LOE'),
('LOE_007', 'Maledizione di Rafaam', 'LOE_007.png', 'Mette nella mano dell''avversario una Maledizione. Finch&agrave; resta nella sua mano', 'Comune', 'Magia', NULL, 0, NULL, NULL, 2, 4, 'LOE', 'LOE'),
('LOE_009', 'Protettore d''Ossidiana', 'LOE_009.png', 'Alla fine del tuo turno', 'Comune', 'Servitore', NULL, 0, 7, 7, 7, 1, 'LOE', 'LOE'),
('LOE_010', 'Serpente della Fossa', 'LOE_010.png', 'Distrugge qualsiasi servitore danneggiato da questo servitore.', 'Comune', 'Servitore', 'BEAST', 0, 2, 1, 1, 3, 'LOE', 'LOE'),
('LOE_011', 'Reno Jackson', 'LOE_011.png', 'Grido di Battaglia: se il tuo mazzo ha attualmente una sola copia per carta', 'Leggendaria', 'Servitore', NULL, 0, 4, 6, 6, 1, 'LOE', 'LOE'),
('LOE_012', 'Predatore di Tombe', 'LOE_012.png', 'Rantolo di Morte: mette nella tua mano una Moneta.', 'Comune', 'Servitore', NULL, 0, 5, 4, 4, 4, 'LOE', 'LOE'),
('LOE_016', 'Elementale Instabile', 'LOE_016.png', 'Dopo che giochi un servitore con Grido di Battaglia', 'Comune', 'Servitore', NULL, 0, 2, 6, 4, 1, 'LOE', 'LOE'),
('LOE_017', 'Guardiana di Uldaman', 'LOE_017.png', 'Grido di Battaglia: imposta l''Attacco e la Salute di un servitore a 3.', 'Comune', 'Servitore', NULL, 0, 3, 4, 4, 2, 'LOE', 'LOE'),
('LOE_018', 'Trogg delle Gallerie', 'LOE_018.png', 'Quando attivi Sovraccarico', 'Comune', 'Servitore', NULL, 0, 1, 3, 1, 2, 'LOE', 'LOE'),
('LOE_019', 'Raptor Riesumato', 'LOE_019.png', 'Grido di Battaglia: seleziona un tuo servitore. Il Raptor Riesumato copia il suo Rantolo di Morte.', 'Rara', 'Servitore', NULL, 0, 3, 4, 3, 2, 'LOE', 'LOE'),
('LOE_020', 'Dromedario Errante', 'LOE_020.png', 'Grido di Battaglia: mette sul campo un servitore casuale da 1 Mana dal mazzo di ogni giocatore.', 'Comune', 'Servitore', 'BEAST', 0, 2, 4, 3, 4, 'LOE', 'LOE'),
('LOE_021', 'Trappola di Dardi', 'LOE_021.png', 'Segreto: dopo che l''avversario usa il suo Potere Eroe', 'Comune', 'Magia', NULL, 0, NULL, NULL, 2, 2, 'LOE', 'LOE'),
('LOE_022', 'Scimmia Feroce', 'LOE_022.png', 'Provocazione', 'Comune', 'Servitore', 'BEAST', 0, 3, 4, 3, 2, 'LOE', 'LOE'),
('LOE_023', 'Losco Venditore', 'LOE_023.png', 'Grido di Battaglia: Rinvieni una carta da 1 Mana.', 'Comune', 'Servitore', NULL, 0, 2, 2, 2, 1, 'LOE', 'LOE'),
('LOE_026', 'Alba dei Murloc Viventi', 'LOE_026.png', 'Evoca sette Murloc morti in questa partita.', 'Rara', 'Magia', NULL, 0, NULL, NULL, 10, 3, 'LOE', 'LOE'),
('LOE_027', 'Sacra Prova', 'LOE_027.png', 'Segreto: se l''avversario ha almeno tre servitori', 'Comune', 'Magia', NULL, 0, NULL, NULL, 1, 1, 'LOE', 'LOE'),
('LOE_029', 'Scarabeo Ingioiellato', 'LOE_029.png', 'Grido di Battaglia: Rinvieni una carta da 3 Mana.', 'Comune', 'Servitore', 'BEAST', 0, 1, 1, 2, 1, 'LOE', 'LOE'),
('LOE_038', 'Strega di Mare Naga', 'LOE_038.png', 'Le tue carte costano (5).', 'Epica', 'Servitore', NULL, 0, 5, 5, 5, 3, 'LOE', 'LOE'),
('LOE_039', 'Gorillabot A-3', 'LOE_039.png', 'Grido di Battaglia: se controlli un altro Robot', 'Comune', 'Servitore', 'MECHANICAL', 0, 3, 4, 4, 3, 'LOE', 'LOE'),
('LOE_046', 'Rospo Gigante', 'LOE_046.png', 'Rantolo di Morte: infligge 1 danno a un nemico casuale.', 'Comune', 'Servitore', 'BEAST', 0, 3, 2, 2, 3, 'LOE', 'LOE'),
('LOE_047', 'Ragno delle Tombe', 'LOE_047.png', 'Grido di Battaglia: Rinvieni una Bestia.', 'Comune', 'Servitore', 'BEAST', 0, 3, 3, 4, 2, 'LOE', 'LOE'),
('LOE_050', 'Raptor Cavalcabile', 'LOE_050.png', 'Rantolo di Morte: evoca un servitore casuale da 1 Mana.', 'Comune', 'Servitore', 'BEAST', 0, 3, 2, 3, 2, 'LOE', 'LOE'),
('LOE_051', 'Lunagufo Silvano', 'LOE_051.png', '+2 Danni Magici a ogni giocatore.', 'Rara', 'Servitore', 'BEAST', 0, 4, 4, 4, 3, 'LOE', 'LOE'),
('LOE_053', 'Djinn degli Zefiri', 'LOE_053.png', 'Dopo che hai lanciato una Magia su un altro tuo servitore', 'Epica', 'Servitore', NULL, 0, 4, 6, 5, 1, 'LOE', 'LOE'),
('LOE_061', 'Sentinella Anubisath', 'LOE_061.png', 'Rantolo di Morte: +3/+3 a un tuo servitore casuale.', 'Comune', 'Servitore', NULL, 0, 4, 4, 5, 1, 'LOE', 'LOE'),
('LOE_073', 'Gigantosauro Fossile', 'LOE_073.png', 'Grido di Battaglia: ottiene Provocazione se controlli una Bestia.', 'Comune', 'Servitore', NULL, 0, 8, 8, 8, 4, 'LOE', 'LOE'),
('LOE_076', 'Ser Pinnus Mrrgglton', 'LOE_076.png', 'Grido di Battaglia: Rinvieni un nuovo Potere Eroe di base.', 'Leggendaria', 'Servitore', 'Murloc', 0, 1, 3, 1, 3, 'LOE', 'LOE'),
('LOE_077', 'Brann Barbabronzea', 'LOE_077.png', 'Le tue carte attivano due volte il proprio Grido di Battaglia.', 'Leggendaria', 'Servitore', NULL, 0, 2, 4, 3, 2, 'LOE', 'LOE'),
('LOE_079', 'Elise Cercastelle', 'LOE_079.png', 'Grido di Battaglia: mette la Mappa per la Scimmia Dorata nel tuo mazzo.', 'Leggendaria', 'Servitore', NULL, 0, 3, 5, 4, 4, 'LOE', 'LOE'),
('LOE_086', 'Pietra d''Evocazione', 'LOE_086.png', 'Quando lanci una Magia', 'Rara', 'Servitore', NULL, 0, 0, 6, 5, 1, 'LOE', 'LOE'),
('LOE_089', 'Pigmei Barcollanti', 'LOE_089.png', 'Rantolo di Morte: evoca tre Pigmei 2/2.', 'Rara', 'Servitore', NULL, 0, 2, 6, 6, 4, 'LOE', 'LOE'),
('LOE_092', 'Arciladro Rafaam', 'LOE_092.png', 'Grido di Battaglia: Rinvieni un potente manufatto.', 'Leggendaria', 'Servitore', NULL, 0, 7, 8, 9, 4, 'LOE', 'LOE'),
('LOE_104', 'Tumulazione', 'LOE_104.png', 'Sposta un servitore nemico nel tuo mazzo.', 'Comune', 'Magia', NULL, 0, NULL, NULL, 6, 3, 'LOE', 'LOE'),
('LOE_105', 'Cappello da Viaggio', 'LOE_105.png', '+1/+1 e Rantolo di Morte: mette un Cappello da Viaggio nella tua mano a un servitore.', 'Rara', 'Magia', NULL, 0, NULL, NULL, 2, 2, 'LOE', 'LOE'),
('LOE_107', 'Statua Misteriosa', 'LOE_107.png', 'Non pu&ograve; attaccare se ci sono altri servitori sul campo.', 'Rara', 'Servitore', NULL, 0, 7, 7, 4, 4, 'LOE', 'LOE'),
('LOE_110', 'Ombra Antica', 'LOE_110.png', 'Grido di Battaglia: mette un''Antica Maledizione nel tuo mazzo. Quando viene pescata', 'Rara', 'Servitore', NULL, 0, 7, 4, 4, 1, 'LOE', 'LOE'),
('LOE_111', 'Male Dissepolto', 'LOE_111.png', 'Infligge 3 danni a TUTTI i servitori. Metti questa carta nel mazzo dell''avversario.', 'Rara', 'Magia}', NULL, 0, NULL, NULL, 5, 2, 'LOE', 'LOE'),
('LOE_113', 'Alta Marea', 'LOE_113.png', '+2/+2 ai tuoi servitori. Costa (1) in meno per ogni tuo Murloc.', 'Rara', 'Magia', NULL, 0, NULL, NULL, 7, 3, 'LOE', 'LOE'),
('LOE_115', 'Idolo del Corvo', 'LOE_115.png', 'Scegli: Rinvieni un servitore o Rinvieni una Magia.', 'Comune', 'Magia', NULL, 0, NULL, NULL, 1, 4, 'LOE', 'LOE'),
('LOE_116', 'Cacciatrice di Reliquie', 'LOE_116.png', 'Grido di Battaglia: ottiene +4/+4 se controlli altri sei servitori.', 'Rara', 'Servitore', NULL, 0, 1, 1, 1, 2, 'LOE', 'LOE'),
('LOE_118', 'Lama Maledetta', 'LOE_118.png', 'Raddoppia tutti i danni subiti dal tuo eroe.', 'Rara', 'Arma', NULL, 0, 2, 3, 1, 4, 'LOE', 'LOE'),
('LOE_119', 'Armatura Fantasma', 'LOE_119.png', 'Il tuo eroe pu&ograve; subire al massimo 1 danno alla volta.', 'Rara', 'Servitore', NULL, 0, 4, 4, 4, 2, 'LOE', 'LOE'),
('NEW1_003', 'Patto Sacrificale', 'NEW1_003.png', 'Distrugge un Demone. Rigenera 5 Salute al tuo eroe.', 'Comune', 'Magia', NULL, 0, NULL, NULL, 0, NULL, NULL, 'CORE'),
('NEW1_004', 'Sparizione', 'NEW1_004.png', 'Fa tornare TUTTI i servitori nella mano di chi li controlla.', 'Comune', 'Magia', NULL, 0, NULL, NULL, 6, NULL, NULL, 'CORE'),
('NEW1_005', 'Sequestratore', 'NEW1_005.png', 'Combo: fa tornare un servitore nella mano di chi lo controlla.', 'Epica', 'Servitore', NULL, 0, 5, 3, 6, NULL, NULL, 'EXPERT1'),
('NEW1_007', 'Pioggia di Stelle', 'NEW1_007.png', 'Scegli: infligge 5 danni a un servitore o 2 danni ai servitori nemici.', 'Rara', 'Magia', NULL, 0, NULL, NULL, 5, NULL, NULL, 'EXPERT1'),
('NEW1_008', 'Antico del Sapere', 'NEW1_008.png', 'Scegli: pesca una carta o rigenera 5 Salute.', 'Epica', 'Servitore', NULL, 0, 5, 5, 7, NULL, NULL, 'EXPERT1'),
('NEW1_010', 'Al''Akir', 'NEW1_010.png', 'Furia del Vento. Carica. Scudo Divino. Provocazione.', 'Leggendaria', 'Servitore', NULL, 0, 3, 5, 8, NULL, NULL, 'EXPERT1'),
('NEW1_011', 'Elite Kor''kron', 'NEW1_011.png', 'Carica', 'Comune', 'Servitore', NULL, 0, 4, 3, 4, NULL, NULL, 'CORE'),
('NEW1_012', 'Dragone di Mana', 'NEW1_012.png', 'Ottiene +1 Attacco quando lanci una Magia.', 'Comune', 'Servitore', NULL, 0, 1, 3, 1, NULL, NULL, 'EXPERT1'),
('NEW1_014', 'Maestra di Inganni', 'NEW1_014.png', 'Grido di Battaglia: fornisce Furtivit&agrave;  a un tuo servitore fino al tuo turno successivo.', 'Rara', 'Servitore', NULL, 0, 4, 4, 4, NULL, NULL, 'EXPERT1'),
('NEW1_016', 'Pappagallo del Pirata', 'NEW1_016.png', 'Grido di Battaglia: pesca un Pirata casuale dal tuo mazzo.', 'Epica', 'Servitore', 'BEAST', 0, 1, 1, 2, NULL, NULL, 'CORE'),
('NEW1_017', 'Granchio Affamato', 'NEW1_017.png', 'Grido di Battaglia: distrugge un Murloc e ottiene +2/+2.', 'Epica', 'Servitore', 'BEAST', 0, 1, 2, 1, NULL, NULL, 'EXPERT1'),
('NEW1_018', 'Incursore Velerosse', 'NEW1_018.png', 'Grido di Battaglia: ottiene un incremento all''Attacco pari all''Attacco della tua Arma.', 'Comune', 'Servitore', 'PIRATE', 0, 2, 3, 2, NULL, NULL, 'EXPERT1'),
('NEW1_019', 'Lanciatore di Coltelli', 'NEW1_019.png', 'Dopo che viene evocato un servitore sotto il tuo controllo', 'Rara', 'Servitore', NULL, 0, 2, 2, 2, NULL, NULL, 'EXPERT1'),
('NEW1_020', 'Piromante Selvaggio', 'NEW1_020.png', 'Dopo che hai lanciato una Magia', 'Rara', 'Servitore', NULL, 0, 3, 2, 2, NULL, NULL, 'EXPERT1'),
('NEW1_021', 'Vate della Rovina', 'NEW1_021.png', 'All''inizio del tuo turno', 'Epica', 'Servitore', NULL, 0, 0, 7, 2, NULL, NULL, 'EXPERT1'),
('NEW1_022', 'Corsaro del Terrore', 'NEW1_022.png', 'Provocazione. Costa (1) in meno per ogni punto Attacco della tua Arma.', 'Comune', 'Servitore', 'PIRATE', 0, 3, 3, 4, NULL, NULL, 'EXPERT1'),
('NEW1_023', 'Drago Fatato', 'NEW1_023.png', 'Non pu&ograve; essere il bersaglio di Magie o Poteri Eroe.', 'Comune', 'Servitore', 'DRAGON', 0, 3, 2, 2, NULL, NULL, 'EXPERT1'),
('NEW1_024', 'Capitano Pelleverde', 'NEW1_024.png', 'Grido di Battaglia: +1/+1 alla tua Arma.', 'Leggendaria', 'Servitore', 'PIRATE', 0, 5, 4, 5, NULL, NULL, 'EXPERT1'),
('NEW1_025', 'Corsaro Velerosse', 'NEW1_025.png', 'Grido di Battaglia: rimuove 1 Integrit&agrave;  dall''Arma dell''avversario.', 'Rara', 'Servitore', 'PIRATE', 0, 1, 2, 1, NULL, NULL, 'EXPERT1'),
('NEW1_026', 'Insegnante Violacea', 'NEW1_026.png', 'Quando lanci una Magia', 'Rara', 'Servitore', NULL, 0, 3, 5, 4, NULL, NULL, 'EXPERT1'),
('NEW1_027', 'Bucaniere Acquanera', 'NEW1_027.png', 'Gli altri tuoi Pirati hanno +1/+1.', 'Epica', 'Servitore', 'PIRATE', 0, 3, 3, 3, NULL, NULL, 'EXPERT1'),
('NEW1_029', 'Millhouse Manalampo', 'NEW1_029.png', 'Grido di Battaglia: nel turno successivo', 'Leggendaria', 'Servitore', NULL, 0, 4, 4, 2, NULL, NULL, 'EXPERT1'),
('NEW1_030', 'Alamorte', 'NEW1_030.png', 'Grido di Battaglia: distrugge TUTTI gli altri servitori e scarta le carte nella tua mano.', 'Leggendaria', 'Servitore', 'DRAGON', 0, 12, 12, 10, NULL, NULL, 'EXPERT1'),
('NEW1_031', 'Famiglio Animale', 'NEW1_031.png', 'Evoca una Bestia casuale fra Huffer', 'Comune', 'Magia', NULL, 0, NULL, NULL, 3, NULL, NULL, 'CORE'),
('NEW1_036', 'Urlo di Comando', 'NEW1_036.png', 'Per questo turno', 'Rara', 'Magia', NULL, 0, NULL, NULL, 2, NULL, NULL, 'EXPERT1'),
('NEW1_037', 'Fabbro di Spade', 'NEW1_037.png', 'Alla fine del tuo turno', 'Rara', 'Servitore', NULL, 0, 1, 3, 2, NULL, NULL, 'EXPERT1'),
('NEW1_038', 'Gruul', 'NEW1_038.png', 'Alla fine di ogni turno', 'Leggendaria', 'Servitore', NULL, 0, 7, 7, 8, NULL, NULL, 'EXPERT1'),
('NEW1_040', 'Boccalarga', 'NEW1_040.png', 'Alla fine del tuo turno', 'Leggendaria', 'Servitore', NULL, 0, 4, 4, 6, NULL, NULL, 'EXPERT1'),
('NEW1_041', 'Kodo Impetuoso', 'NEW1_041.png', 'Grido di Battaglia: distrugge un servitore nemico casuale con Attacco pari a 2 o inferiore.', 'Rara', 'Servitore', 'BEAST', 0, 3, 5, 5, NULL, NULL, 'EXPERT1'),
('OG_006', 'Inquisitore Pinnavile', 'OG_006.png', 'Grido di Battaglia: il tuo Potere Eroe diventa Evoca un Murloc 1/1.', 'Epica', 'Servitore', 'Murloc', 0, 1, 3, 1, NULL, NULL, 'OG'),
('OG_023', 'Fusione Primordiale', 'OG_023.png', '+1/+1 a un servitore per ogni tuo Totem.', 'Comune', 'Magia', NULL, 0, NULL, NULL, 1, NULL, NULL, 'OG'),
('OG_024', 'Senzavolto Ardente', 'OG_024.png', 'Sovraccarico: (2)', 'Comune', 'Servitore', NULL, 0, 7, 7, 4, NULL, NULL, 'OG'),
('OG_026', 'Sentinella Eterna', 'OG_026.png', 'Grido di Battaglia: sblocca i Cristalli di Mana in Sovraccarico.', 'Epica', 'Servitore', NULL, 0, 3, 2, 2, NULL, NULL, 'OG'),
('OG_027', 'Evoluzione', 'OG_027.png', 'Trasforma i tuoi servitori in servitori casuali che costano (1) in pi&ugrave;.', 'Rara', 'Magia', NULL, 0, NULL, NULL, 1, NULL, NULL, 'OG'),
('OG_028', 'Cosa dal Profondo', 'OG_028.png', 'Provocazione. Costa (1) in meno per ogni Totem che hai evocato in questa partita.', 'Rara', 'Servitore', NULL, 0, 5, 5, 6, NULL, NULL, 'OG'),
('OG_031', 'Martello del Crepuscolo', 'OG_031.png', 'Rantolo di Morte: evoca un Elementale 4/2.', 'Epica', 'Arma', NULL, 0, 4, 2, 5, NULL, NULL, 'OG'),
('OG_033', 'Tentacoli Eterni', 'OG_033.png', 'Rantolo di Morte: torna nella tua mano.', 'Epica', 'Arma', NULL, 0, 2, 2, 5, NULL, NULL, 'OG'),
('OG_034', 'Brulicatore Silitide', 'OG_034.png', 'Pu&ograve; attaccare solo se il tuo eroe ha attaccato in questo turno.', 'Rara', 'Servitore', 'BEAST', 0, 3, 5, 3, NULL, NULL, 'OG');
INSERT INTO `card` (`card_id`, `name`, `image`, `description`, `rarity`, `c_type`, `c_race`, `wild`, `attack`, `health`, `mana`, `adventure_wing`, `adventure_name`, `expansion_name`) VALUES
('OG_042', 'Y''shaarj', 'OG_042.png', 'Alla fine del tuo turno', 'Leggendaria', 'Servitore', NULL, 0, 10, 10, 10, NULL, NULL, 'OG'),
('OG_044', 'Fandral Elmocervo', 'OG_044.png', 'Le tue carte con Scegli attivano entrambi gli effetti.', 'Leggendaria', 'Servitore', NULL, 0, 3, 5, 4, NULL, NULL, 'OG'),
('OG_045', 'Infestazione', 'OG_045.png', 'Fornisce Rantolo di Morte: mette nella tua mano una Bestia casuale. ai tuoi servitori.', 'Rara', 'Magia', NULL, 0, NULL, NULL, 3, NULL, NULL, 'OG'),
('OG_047', 'Rabbia Ferina', 'OG_047.png', 'Scegli: +4 attacco al tuo eroe per questo turno o fornisce 8 Armatura.', 'Comune', 'Magia', NULL, 0, NULL, NULL, 3, NULL, NULL, 'OG'),
('OG_048', 'Marchio di Y''shaarj', 'OG_048.png', '+2/+2 a un servitore. Se &egrave; una Bestia', 'Comune', 'Magia', NULL, 0, NULL, NULL, 2, NULL, NULL, 'OG'),
('OG_051', 'Antico Proibito', 'OG_051.png', 'Grido di Battaglia: consuma tutto il tuo Mana e ottiene +1/+1 per ogni Mana cos&igrave; speso.', 'Epica', 'Servitore', NULL, 0, 1, 1, 1, NULL, NULL, 'OG'),
('OG_061', 'A Caccia', 'OG_061.png', 'Infligge 1 danno. Evoca un Mastino 1/1.', 'Comune', 'Magia', NULL, 0, NULL, NULL, 1, NULL, NULL, 'OG'),
('OG_070', 'Cultista delle Lame', 'OG_070.png', 'Combo: ottiene +1/+1.', 'Comune', 'Servitore', NULL, 0, 1, 2, 1, NULL, NULL, 'OG'),
('OG_072', 'Viaggio Sotterraneo', 'OG_072.png', 'Rinvieni una carta con Rantolo di Morte.', 'Rara', 'Magia', NULL, 0, NULL, NULL, 1, NULL, NULL, 'OG'),
('OG_073', 'T&egrave; al Cardo', 'OG_073.png', 'Pesca una carta. Ne mette due copie aggiuntive nella tua mano.', 'Rara', 'Magia', NULL, 0, NULL, NULL, 6, NULL, NULL, 'OG'),
('OG_080', 'Xaril', 'OG_080.png', 'Grido di Battaglia e Rantolo di Morte: mette nella tua mano una Tossina casuale.', 'Leggendaria', 'Servitore', NULL, 0, 3, 2, 4, NULL, NULL, 'OG'),
('OG_081', 'Frantumazione', 'OG_081.png', 'Distrugge un servitore Congelato.', 'Comune', 'Magia', NULL, 0, NULL, NULL, 2, NULL, NULL, 'OG'),
('OG_082', 'Coboldo Evoluto', 'OG_082.png', '+2 Danni Magici', 'Comune', 'Servitore', NULL, 0, 2, 2, 4, NULL, NULL, 'OG'),
('OG_083', 'Piromante del Crepuscolo', 'OG_083.png', 'Grido di Battaglia: infligge 1 danno ai servitori nemici.', 'Comune', 'Servitore', NULL, 0, 2, 2, 3, NULL, NULL, 'OG'),
('OG_085', 'Evocaghiacci Folle', 'OG_085.png', 'Dopo che hai lanciato una Magia', 'Rara', 'Servitore', NULL, 0, 2, 4, 4, NULL, NULL, 'OG'),
('OG_086', 'Fiamma Proibita', 'OG_086.png', 'Consuma tutto il tuo Mana e infligge danni a un servitore pari al Mana cos&igrave; speso.', 'Epica', 'Magia', NULL, 0, NULL, NULL, 0, NULL, NULL, 'OG'),
('OG_087', 'Servo di Yogg-Saron', 'OG_087.png', 'Grido di Battaglia: lancia una Magia casuale da 5 o meno Mana su bersagli casuali.', 'Rara', 'Servitore', NULL, 0, 5, 4, 5, NULL, NULL, 'OG'),
('OG_090', 'Tomo del Cabalista', 'OG_090.png', 'Mette nella tua mano 3 Magie casuali del Mago.', 'Epica', 'Magia', NULL, 0, NULL, NULL, 5, NULL, NULL, 'OG'),
('OG_094', 'Parola del Potere: Tentacoli', 'OG_094.png', '+2/+6 a un servitore.', 'Comune', 'Magia', NULL, 0, NULL, NULL, 5, NULL, NULL, 'OG'),
('OG_096', 'Guaritrice del Crepuscolo', 'OG_096.png', 'Grido di Battaglia: se il tuo C''thun ha almeno 10 Attacco', 'Rara', 'Servitore', NULL, 0, 6, 5, 5, NULL, NULL, 'OG'),
('OG_100', 'Parola d''Ombra: Orrore', 'OG_100.png', 'Distrugge TUTTI i servitori con Attacco pari a 2 o inferiore.', 'Rara', 'Magia', NULL, 0, NULL, NULL, 4, NULL, NULL, 'OG'),
('OG_101', 'Forma Proibita', 'OG_101.png', 'Consuma tutto il tuo Mana ed evoca un servitore casuale con costo pari al Mana cos&igrave; speso.', 'Epica', 'Magia', NULL, 0, NULL, NULL, 0, NULL, NULL, 'OG'),
('OG_102', 'Oratore Oscuro', 'OG_102.png', 'Grido di Battaglia: scambia le statistiche con quelle di un tuo servitore.', 'Epica', 'Servitore', NULL, 0, 3, 6, 5, NULL, NULL, 'OG'),
('OG_104', 'Abbraccio dell''Ombra.', 'OG_104.png', 'Per questo turno, le tue carte e i tuoi poteri che rigenerano Salute infliggono danni', 'Epica', 'Magia', NULL, 0, NULL, NULL, 2, NULL, NULL, 'OG'),
('OG_109', 'Studiosa di Borgoscuro', 'OG_109.png', 'Grido di Battaglia: scarta una carta casuale. Rantolo di Morte: pesca una carta.', 'Rara', 'Servitore', NULL, 0, 3, 2, 2, NULL, NULL, 'OG'),
('OG_113', 'Ministro di Borgoscuro', 'OG_113.png', 'Ottiene +1 Attacco dopo che viene evocato un servitore sotto il tuo controllo.', 'Comune', 'Servitore', NULL, 0, 1, 5, 3, NULL, NULL, 'OG'),
('OG_114', 'Rituale Proibito', 'OG_114.png', 'Consuma tutto il tuo Mana ed evoca un numero di Tentacoli 1/1 pari al Mana cos&igrave; speso.', 'Rara', 'Magia', NULL, 0, NULL, NULL, 0, NULL, NULL, 'OG'),
('OG_116', 'Follia Incontrollata', 'OG_116.png', 'Infligge 9 danni suddivisi casualmente tra TUTTI i personaggi.', 'Rara', 'Magia', NULL, 0, NULL, NULL, 3, NULL, NULL, 'OG'),
('OG_118', 'Abiura', 'OG_118.png', 'Sostituisce il tuo Potere Eroe e le tue carte da Stregone con quelli di un''altra classe. Queste carte costano (1) in meno.', 'Epica', 'Magia', NULL, 0, NULL, NULL, 2, NULL, NULL, 'OG'),
('OG_120', 'Anomalus', 'OG_120.png', 'Rantolo di Morte: infligge 8 danni a TUTTI i servitori.', 'Leggendaria', 'Servitore', NULL, 0, 8, 6, 8, NULL, NULL, 'OG'),
('OG_121', 'Cho''gall', 'OG_121.png', 'Grido di Battaglia: la prossima Magia che lanci in questo turno costa Salute invece di Mana.', 'Leggendaria', 'Servitore', NULL, 0, 7, 7, 7, NULL, NULL, 'OG'),
('OG_122', 'Mukla Tiranno', 'OG_122.png', 'Grido di Battaglia: mette nella tua mano 2 Banane.', 'Leggendaria', 'Servitore', 'BEAST', 0, 5, 5, 6, NULL, NULL, 'OG'),
('OG_123', 'Mutaforma Zerus', 'OG_123.png', 'Finch&agrave; resta nella tua mano', 'Leggendaria', 'Servitore', NULL, 0, 1, 1, 1, NULL, NULL, 'OG'),
('OG_131', 'Imperatore Vek''lor', 'OG_131.png', 'Provocazione. Grido di Battaglia: se il tuo C''thun ha almeno 10 Attacco', 'Leggendaria', 'Servitore', NULL, 0, 4, 6, 7, NULL, NULL, 'OG'),
('OG_133', 'N''zoth', 'OG_133.png', 'Grido di Battaglia: evoca i tuoi servitori con Rantolo di Morte morti in questa partita.', 'Leggendaria', 'Servitore', NULL, 0, 5, 7, 10, NULL, NULL, 'OG'),
('OG_134', 'Yogg-Saron', 'OG_134.png', 'Grido di Battaglia: per ogni Magia che hai lanciato in questa partita', 'Leggendaria', 'Servitore', NULL, 0, 7, 5, 10, NULL, NULL, 'OG'),
('OG_138', 'Profeta Nerubiano', 'OG_138.png', 'All''inizio del tuo turno', 'Comune', 'Servitore', NULL, 0, 4, 4, 6, NULL, NULL, 'OG'),
('OG_141', 'Behemoth Senzavolto', 'OG_141.png', NULL, 'Comune', 'Servitore', NULL, 0, 10, 10, 10, NULL, NULL, 'OG'),
('OG_142', 'Orrore Onirico', 'OG_142.png', NULL, 'Comune', 'Servitore', NULL, 0, 6, 10, 8, NULL, NULL, 'OG'),
('OG_145', 'Psicobot', 'OG_145.png', 'Provocazione. Scudo Divino.', 'Comune', 'Servitore', 'MECHANICAL', 0, 3, 4, 5, NULL, NULL, 'OG'),
('OG_147', 'Curabot Corrotto', 'OG_147.png', 'Rantolo di Morte: rigenera 8 Salute all''eroe nemico.', 'Rara', 'Servitore', 'MECHANICAL', 0, 6, 6, 5, NULL, NULL, 'OG'),
('OG_149', 'Ghoul Famelico', 'OG_149.png', 'Grido di Battaglia: infligge 1 danno a TUTTI gli altri servitori.', 'Comune', 'Servitore', NULL, 0, 3, 3, 3, NULL, NULL, 'OG'),
('OG_150', 'Berserker Aberrante', 'OG_150.png', 'Rabbia: +2 Attacco.', 'Comune', 'Servitore', NULL, 0, 3, 5, 4, NULL, NULL, 'OG'),
('OG_151', 'Tentacolo di N''zoth', 'OG_151.png', 'Rantolo di Morte: infligge 1 danno a TUTTI i servitori.', 'Comune', 'Servitore', NULL, 0, 1, 1, 1, NULL, NULL, 'OG'),
('OG_152', 'Dragofalco Grottesco', 'OG_152.png', 'Furia del Vento', 'Comune', 'Servitore', 'BEAST', 0, 5, 5, 7, NULL, NULL, 'OG'),
('OG_153', 'Orrore del Pantano', 'OG_153.png', 'Provocazione', 'Comune', 'Servitore', NULL, 0, 6, 8, 7, NULL, NULL, 'OG'),
('OG_156', 'Cacciamaree Pinnatorva', 'OG_156.png', 'Grido di Battaglia: evoca una Fanghiglia 1/1 con Provocazione.', 'Comune', 'Servitore', 'Murloc', 0, 2, 1, 2, NULL, NULL, 'OG'),
('OG_158', 'Iniziato Zelante', 'OG_158.png', 'Rantolo di Morte: +1/+1 a un tuo servitore casuale.', 'Comune', 'Servitore', NULL, 0, 1, 1, 1, NULL, NULL, 'OG'),
('OG_161', 'Veggente Corrotto', 'OG_161.png', 'Grido di Battaglia: infligge 2 danni a TUTTI i servitori non Murloc.', 'Rara', 'Servitore', 'Murloc', 0, 2, 3, 6, NULL, NULL, 'OG'),
('OG_162', 'Discepolo di C''thun', 'OG_162.png', 'Grido di Battaglia: infligge 2 danni. +2/+2 al tuo C''thun <i>dovunque sia</i>.', 'Rara', 'Servitore', NULL, 0, 2, 1, 3, NULL, NULL, 'OG'),
('OG_173', 'Sangue dell''Antico', 'OG_173.png', 'Alla fine del tuo turno', 'Epica', 'Servitore', NULL, 0, 9, 9, 9, NULL, NULL, 'OG'),
('OG_174', 'Errante Senzavolto', 'OG_174.png', 'Provocazione. Grido di Battaglia: copia Attacco e Salute di un tuo servitore.', 'Epica', 'Servitore', NULL, 0, 1, 1, 4, NULL, NULL, 'OG'),
('OG_176', 'Assalto dell''Ombra', 'OG_176.png', 'Infligge 5 danni a un personaggio non danneggiato.', 'Comune', 'Magia', NULL, 0, NULL, NULL, 3, NULL, NULL, 'OG'),
('OG_179', 'Pipistrello del Fuoco', 'OG_179.png', 'Rantolo di Morte: infligge 1 danno a un nemico casuale.', 'Comune', 'Servitore', 'BEAST', 0, 2, 1, 1, NULL, NULL, 'OG'),
('OG_188', 'Tessitore d''Ambra Klaxxi', 'OG_188.png', 'Grido di Battaglia: ottiene +5 Salute se il tuo C''thun ha almeno 10 Attacco.', 'Rara', 'Servitore', NULL, 0, 4, 5, 4, NULL, NULL, 'OG'),
('OG_195', 'Fuochi Fatui degli Antichi', 'OG_195.png', 'Scegli: evoca sette Fuochi Fatui o +2/+2 ai tuoi servitori.', 'Epica', 'Magia', NULL, 0, NULL, NULL, 7, NULL, NULL, 'OG'),
('OG_198', 'Cura Proibita', 'OG_198.png', 'Consuma tutto il tuo Mana e rigenera Salute pari al doppio del Mana cos&igrave; speso.', 'Epica', 'Magia', NULL, 0, NULL, NULL, 0, NULL, NULL, 'OG'),
('OG_200', 'Vate della Rovina Fedele', 'OG_200.png', 'All''inizio del tuo turno', 'Epica', 'Servitore', NULL, 0, 0, 7, 5, NULL, NULL, 'OG'),
('OG_202', 'Custode della Palude', 'OG_202.png', 'Scegli: evoca una Melma 2/2 o fornisce 1 Cristallo di Mana vuoto.', 'Rara', 'Servitore', NULL, 0, 3, 3, 4, NULL, NULL, 'OG'),
('OG_206', 'Schianto del Tuono', 'OG_206.png', 'Infligge 4 danni a un servitore. Sovraccarico: (1)', 'Comune', 'Magia', NULL, 0, NULL, NULL, 2, NULL, NULL, 'OG'),
('OG_207', 'Evocatore Senzavolto', 'OG_207.png', 'Grido di Battaglia: evoca un servitore casuale da 3 Mana.', 'Comune', 'Servitore', NULL, 0, 5, 5, 6, NULL, NULL, 'OG'),
('OG_209', 'Hallazeal l''Asceso', 'OG_209.png', 'Quando le tue Magie infliggono danni', 'Leggendaria', 'Servitore', NULL, 0, 4, 6, 5, NULL, NULL, 'OG'),
('OG_211', 'Richiamo della Selva', 'OG_211.png', 'Evoca Huffer', 'Epica', 'Magia', NULL, 0, NULL, NULL, 9, NULL, NULL, 'OG'),
('OG_216', 'Lupo Infestato', 'OG_216.png', 'Rantolo di Morte: evoca due Ragni 1/1.', 'Rara', 'Servitore', 'BEAST', 0, 3, 3, 4, NULL, NULL, 'OG'),
('OG_218', 'Combattente Tauren', 'OG_218.png', 'Provocazione. Rabbia: +3 Attacco.', 'Comune', 'Servitore', NULL, 0, 2, 6, 4, NULL, NULL, 'OG'),
('OG_220', 'Malkorok', 'OG_220.png', 'Grido di Battaglia: equipaggia un''Arma casuale.', 'Leggendaria', 'Servitore', NULL, 0, 6, 5, 7, NULL, NULL, 'OG'),
('OG_221', 'Campionessa Altruista', 'OG_221.png', 'Rantolo di Morte: fornisce Scudo Divino a un tuo servitore casuale.', 'Rara', 'Servitore', NULL, 0, 2, 1, 1, NULL, NULL, 'OG'),
('OG_222', 'Lama dell''Adunata', 'OG_222.png', 'Grido di Battaglia: +1/+1 ai tuoi servitori con Scudo Divino.', 'Rara', '\n', NULL, 0, 3, NULL, 3, NULL, NULL, 'OG'),
('OG_223', 'Forza Divina', 'OG_223.png', '+1/+2 a un servitore.', 'Comune', 'Magia', NULL, 0, NULL, NULL, 1, NULL, NULL, 'OG'),
('OG_229', 'Ragnaros Illuminato', 'OG_229.png', 'Alla fine del tuo turno', 'Leggendaria', 'Servitore', NULL, 0, 8, 8, 8, NULL, NULL, 'OG'),
('OG_234', 'Alchimista di Borgoscuro', 'OG_234.png', 'Grido di Battaglia: rigenera 5 Salute.', 'Comune', 'Servitore', NULL, 0, 4, 5, 5, NULL, NULL, 'OG'),
('OG_239', 'ROVINA!', 'OG_239.png', 'Distrugge TUTTI i servitori. Pesca una carta per ogni servitore morto.', 'Epica', 'Magia', NULL, 0, NULL, NULL, 10, NULL, NULL, 'OG'),
('OG_241', 'Paesano Posseduto', 'OG_241.png', 'Rantolo di Morte: evoca una Bestia dell''Ombra 1/1.', 'Comune', 'Servitore', NULL, 0, 1, 1, 1, NULL, NULL, 'OG'),
('OG_247', 'Worgen Corrotto', 'OG_247.png', 'Furtivit&agrave; ', 'Comune', 'Servitore', NULL, 0, 3, 1, 2, NULL, NULL, 'OG'),
('OG_248', 'Furia Am''gam', 'OG_248.png', NULL, 'Comune', 'Servitore', NULL, 0, 1, 5, 3, NULL, NULL, 'OG'),
('OG_249', 'Tauren Infestato', 'OG_249.png', 'Provocazione. Rantolo di Morte: evoca una Melma 2/2.', 'Comune', 'Servitore', NULL, 0, 2, 3, 4, NULL, NULL, 'OG'),
('OG_254', 'Divoratore di Segreti', 'OG_254.png', 'Grido di Battaglia: distrugge i Segreti dell''avversario. Ottiene +1/+1 per ogni Segreto distrutto.', 'Rara', 'Servitore', NULL, 0, 2, 4, 4, NULL, NULL, 'OG'),
('OG_255', 'Invocatore della Rovina', 'OG_255.png', 'Grido di Battaglia: +2/+2 al tuo C''thun <i>dovunque sia</i>. Se C''thun &egrave; morto', 'Rara', 'Servitore', NULL, 0, 7, 9, 8, NULL, NULL, 'OG'),
('OG_256', 'Prole di N''zoth', 'OG_256.png', 'Rantolo di Morte: +1/+1 ai tuoi servitori.', 'Comune', 'Servitore', NULL, 0, 2, 2, 3, NULL, NULL, 'OG'),
('OG_267', 'Capitan Calamaro', 'OG_267.png', 'Rantolo di Morte: +2 Attacco alla tua Arma.', 'Comune', 'Servitore', 'PIRATE', 0, 4, 4, 4, NULL, NULL, 'OG'),
('OG_271', 'Incubo a Scaglie', 'OG_271.png', 'All''inizio del tuo turno', 'Epica', 'Servitore', 'DRAGON', 0, 2, 8, 6, NULL, NULL, 'OG'),
('OG_272', 'Evocatore del Crepuscolo', 'OG_272.png', 'Rantolo di Morte: evoca un Distruttore Senzavolto 5/5.', 'Epica', 'Servitore', NULL, 0, 1, 1, 4, NULL, NULL, 'OG'),
('OG_273', 'Resistenza all''Oscurit&agrave; ', 'OG_273.png', 'Evoca cinque Reclute Mano d''Argento 1/1.', 'Comune', 'Magia', NULL, 0, NULL, NULL, 5, NULL, NULL, 'OG'),
('OG_276', 'Guerrieri di Sangue', 'OG_276.png', 'Mette nella tua mano una copia di ogni tuo servitore danneggiato.', 'Epica', 'Magia', NULL, 0, NULL, NULL, 3, NULL, NULL, 'OG'),
('OG_280', 'C''thun', 'OG_280.png', 'Grido di Battaglia: infligge danni pari al proprio Attacco suddivisi casualmente tra i nemici.', 'Leggendaria', 'Servitore', NULL, 0, 6, 6, 10, NULL, NULL, 'OG'),
('OG_281', 'Invocatrice del Male', 'OG_281.png', 'Grido di Battaglia: +2/+2 al tuo C''thun <i>dovunque sia</i>.', 'Comune', 'Servitore', NULL, 0, 2, 3, 2, NULL, NULL, 'OG'),
('OG_282', 'Assassino di C''thun', 'OG_282.png', 'Grido di Battaglia: distrugge un servitore e aggiunge il suo Attacco e la sua Salute al tuo C''thun <i>dovunque sia</i>.', 'Epica', 'Servitore', NULL, 0, 4, 4, 9, NULL, NULL, 'OG'),
('OG_283', 'Prescelta di C''thun', 'OG_283.png', 'Scudo Divino. Grido di Battaglia: +2/+2 al tuo C''thun <i>dovunque sia</i>.', 'Comune', 'Servitore', NULL, 0, 4, 2, 4, NULL, NULL, 'OG'),
('OG_284', 'Geomante del Crepuscolo', 'OG_284.png', 'Provocazione. Grido di Battaglia: fornisce Provocazione al tuo C''thun <i>dovunque sia</i>.', 'Comune', 'Servitore', NULL, 0, 1, 4, 2, NULL, NULL, 'OG'),
('OG_286', 'Anziano del Crepuscolo', 'OG_286.png', 'Alla fine del tuo turno, +1/+1 al tuo C', 'Comune', 'Servitore', NULL, 0, 3, 4, 3, NULL, NULL, 'OG'),
('OG_290', 'Messaggera Antica', 'OG_290.png', 'All''inizio del tuo turno', 'Epica', 'Servitore', NULL, 0, 4, 6, 6, NULL, NULL, 'OG'),
('OG_291', 'Maga d''Ombra', 'OG_291.png', 'Grido di Battaglia: seleziona un tuo servitore. Ne mette una copia 1/1 nella tua mano che costa (1).', 'Epica', 'Servitore', NULL, 0, 4, 4, 5, NULL, NULL, 'OG'),
('OG_292', 'Inseguitore Infausto', 'OG_292.png', 'Grido di Battaglia: +1/+1 ai servitori con Rantolo di Morte nella tua mano.', 'Rara', 'Servitore', NULL, 0, 4, 2, 3, NULL, NULL, 'OG'),
('OG_293', 'Arakkoa Oscuro', 'OG_293.png', 'Provocazione. Grido di Battaglia: +3/+3 al tuo C''thun <i>dovunque sia</i>.', 'Comune', 'Servitore', NULL, 0, 5, 7, 6, NULL, NULL, 'OG'),
('OG_295', 'Speziale del Culto', 'OG_295.png', 'Grido di Battaglia: rigenera 2 Salute al tuo eroe per ogni servitore nemico sul campo.', 'Comune', 'Servitore', NULL, 0, 4, 4, 5, NULL, NULL, 'OG'),
('OG_300', 'Mostruosit&agrave;  Oscura', 'OG_300.png', 'Ottiene +2/+2 quando attacca e distrugge un servitore.', 'Leggendaria', 'Servitore', NULL, 0, 6, 7, 8, NULL, NULL, 'OG'),
('OG_301', 'Portascudi Antica', 'OG_301.png', 'Grido di Battaglia: se il tuo C''thun ha almeno 10 Attacco', 'Rara', 'Servitore', NULL, 0, 6, 6, 7, NULL, NULL, 'OG'),
('OG_302', 'Usciera delle Anime', 'OG_302.png', 'Quando un tuo servitore muore', 'Comune', 'Servitore', NULL, 0, 5, 6, 5, NULL, NULL, 'OG'),
('OG_303', 'Strega del Culto', 'OG_303.png', '+1 Danni Magici. Dopo che hai lanciato una Magia', 'Rara', 'Servitore', NULL, 0, 3, 2, 2, NULL, NULL, 'OG'),
('OG_308', 'Verme della Sabbia', 'OG_308.png', 'Quando attacca e distrugge un servitore', 'Epica', 'Servitore', 'BEAST', 0, 8, 8, 8, NULL, NULL, 'OG'),
('OG_309', 'Principessa Huhuran', 'OG_309.png', 'Grido di Battaglia: attiva il Rantolo di Morte di un tuo servitore.', 'Leggendaria', 'Servitore', 'BEAST', 0, 6, 5, 5, NULL, NULL, 'OG'),
('OG_310', 'Custode di Borgoscuro', 'OG_310.png', 'Quando viene evocato un servitore con 1 Salute sotto il tuo controllo', 'Rara', 'Servitore', NULL, 0, 3, 3, 3, NULL, NULL, 'OG'),
('OG_311', 'Luce nell''Oscurit&agrave; ', 'OG_311.png', 'Rinvieni un servitore. Gli fornisce +1/+1.', 'Comune', 'Magia', NULL, 0, NULL, NULL, 2, NULL, NULL, 'OG'),
('OG_312', 'Nostromo di N''zoth', 'OG_312.png', 'Grido di Battaglia: equipaggia un Gancio Arrugginito 1/3.', 'Comune', 'Servitore', 'PIRATE', 0, 1, 1, 1, NULL, NULL, 'OG'),
('OG_313', 'Grizzly Corrotto', 'OG_313.png', 'Dopo che viene evocato un servitore sotto il tuo controllo', 'Rara', 'Servitore', 'BEAST', 0, 2, 2, 3, NULL, NULL, 'OG'),
('OG_314', 'Sangue e Icore', 'OG_314.png', 'Infligge 1 |4(danno', 'Rara', 'Magia', NULL, 0, NULL, NULL, 1, NULL, NULL, 'OG'),
('OG_315', 'Cultista Velerosse', 'OG_315.png', 'Grido di Battaglia: +1/+1 alla tua Arma se controlli un altro Pirata.', 'Rara', 'Servitore', 'PIRATE', 0, 3, 4, 3, NULL, NULL, 'OG'),
('OG_316', 'Araldo Volazj', 'OG_316.png', 'Grido di Battaglia: evoca una copia 1/1 di ogni altro tuo servitore.', 'Leggendaria', 'Servitore', NULL, 0, 5, 5, 6, NULL, NULL, 'OG'),
('OG_317', 'Alamorte Primordiale', 'OG_317.png', 'Rantolo di Morte: mette sul campo i Draghi nella tua mano.', 'Leggendaria', 'Servitore', 'DRAGON', 0, 12, 12, 10, NULL, NULL, 'OG'),
('OG_318', 'Boccalarga Infestato', 'OG_318.png', 'Quando subisce danni', 'Leggendaria', 'Servitore', NULL, 0, 6, 6, 7, NULL, NULL, 'OG'),
('OG_320', 'Draco di Mezzanotte', 'OG_320.png', 'Grido di Battaglia: ottiene +1 Attacco per ogni altra carta nella tua mano.', 'Rara', 'Servitore', 'DRAGON', 0, 1, 4, 4, NULL, NULL, 'OG'),
('OG_321', 'Adoratore Folle', 'OG_321.png', 'Provocazione. Quando subisce danni, +1/+1 al tuo C''thun dovunque sia', 'Epica', 'Servitore', NULL, 0, 3, 6, 5, NULL, NULL, 'OG'),
('OG_322', 'Pirata Acquanera', 'OG_322.png', 'Le tue Armi costano (2) in meno.', 'Rara', 'Servitore', 'PIRATE', 0, 2, 5, 4, NULL, NULL, 'OG'),
('OG_323', 'Razziatore Evoluto', 'OG_323.png', 'Rantolo di Morte: pesca una carta.', 'Comune', 'Servitore', NULL, 0, 4, 2, 4, NULL, NULL, 'OG'),
('OG_325', 'Bruco Carogna', 'OG_325.png', NULL, 'Comune', 'Servitore', 'BEAST', 0, 2, 5, 3, NULL, NULL, 'OG'),
('OG_326', 'Cinghiale del Vespro', 'OG_326.png', NULL, 'Comune', 'Servitore', 'BEAST', 0, 4, 1, 2, NULL, NULL, 'OG'),
('OG_327', 'Tentacolo Agitato', 'OG_327.png', 'Provocazione', 'Comune', 'Servitore', NULL, 0, 2, 4, 3, NULL, NULL, 'OG'),
('OG_328', 'Maestro dell''Evoluzione', 'OG_328.png', 'Grido di Battaglia: trasforma un tuo servitore in un servitore casuale che costa (1) in pi&ugrave;.', 'Rara', 'Servitore', NULL, 0, 4, 5, 4, NULL, NULL, 'OG'),
('OG_330', 'Trafficante di Sepulcra', 'OG_330.png', 'Rantolo di Morte: mette nella tua mano una carta casuale della classe dell''avversario.', 'Rara', 'Servitore', NULL, 0, 2, 2, 2, NULL, NULL, 'OG'),
('OG_334', 'Accolita Incappucciata', 'OG_334.png', 'Quando un personaggio viene curato, +1/+1 al tuo C''thun dovunque sia.', 'Comune', 'Servitore', NULL, 0, 3, 6, 4, NULL, NULL, 'OG'),
('OG_335', 'Ombra Mutevole', 'OG_335.png', 'Rantolo di Morte: copia una carta casuale dal mazzo dell''avversario e la mette nella tua mano.', 'Rara', 'Servitore', NULL, 0, 4, 3, 4, NULL, NULL, 'OG'),
('OG_337', 'Orrore Ciclopico', 'OG_337.png', 'Provocazione. Grido di Battaglia: ottiene +1 Salute per ogni servitore nemico sul campo.', 'Epica', 'Servitore', NULL, 0, 3, 3, 4, NULL, NULL, 'OG'),
('OG_338', 'Nat Pescatore Oscuro', 'OG_338.png', 'All''inizio del suo turno', 'Leggendaria', 'Servitore', NULL, 0, 2, 4, 2, NULL, NULL, 'OG'),
('OG_339', 'Cultista Skeram', 'OG_339.png', 'Grido di Battaglia: +2/+2 al tuo C''thun <i>dovunque sia</i>.', 'Rara', 'Servitore', NULL, 0, 7, 6, 6, NULL, NULL, 'OG'),
('OG_340', 'Soggoth', 'OG_340.png', 'Provocazione. Non pu&ograve; essere il bersaglio di Magie o Poteri Eroe.', 'Leggendaria', 'Servitore', NULL, 0, 5, 9, 9, NULL, NULL, 'OG'),
('PRO_001', 'Elite Tauren Chieftain', 'PRO_001.png', 'Grido di Battaglia: fornisce il potere del ROCK a ogni giocatore!', 'Leggendaria', 'Servitore', NULL, 0, 5, 5, 5, NULL, NULL, 'CORE'),
('tt_004', 'Ghoul Mangiacarne', 'tt_004.png', 'Ottiene +1 Attacco quando un servitore muore.', 'Comune', 'Servitore', NULL, 0, 2, 3, 3, NULL, NULL, 'EXPERT1'),
('tt_010', 'Flettimagie', 'tt_010.png', 'Segreto: quando l''avversario lancia una Magia su un servitore', 'Epica', 'Magia', NULL, 0, NULL, NULL, 3, NULL, NULL, 'EXPERT1');

-- --------------------------------------------------------

--
-- Struttura della tabella `card_deck`
--

CREATE TABLE IF NOT EXISTS `card_deck` (
  `card_deck_id` int(11) NOT NULL AUTO_INCREMENT,
  `deck_id` int(11) NOT NULL,
  `card_id` varchar(20) NOT NULL,
  PRIMARY KEY (`card_deck_id`),
  KEY `deck_id` (`deck_id`),
  KEY `card_id` (`card_id`)
) ENGINE=InnoDB  DEFAULT CHARSET=latin1 AUTO_INCREMENT=5671 ;

--
-- Dump dei dati per la tabella `card_deck`
--

INSERT INTO `card_deck` (`card_deck_id`, `deck_id`, `card_id`) VALUES
(1, 1, 'CS2_235'),
(2, 1, 'CS2_235'),
(3, 1, 'BRM_004'),
(4, 1, 'BRM_004'),
(5, 1, 'CS2_004'),
(6, 1, 'CS2_004'),
(7, 1, 'AT_116'),
(8, 1, 'AT_116'),
(9, 1, 'CS2_234'),
(10, 1, 'CS2_234'),
(11, 1, 'KAR_062'),
(12, 1, 'KAR_062'),
(13, 1, 'BRM_033'),
(14, 1, 'BRM_033'),
(15, 1, 'LOE_077'),
(16, 1, 'EX1_622'),
(17, 1, 'CFM_626'),
(18, 1, 'EX1_622'),
(19, 1, 'CFM_626'),
(20, 1, 'AT_017'),
(21, 1, 'AT_017'),
(22, 1, 'BRM_034'),
(23, 1, 'CFM_605'),
(24, 1, 'CFM_605'),
(25, 1, 'BRM_034'),
(26, 1, 'EX1_284'),
(27, 1, 'EX1_284'),
(28, 1, 'CS1_112'),
(29, 1, 'CS1_112'),
(30, 1, 'KAR_033'),
(31, 2, 'EX1_410'),
(32, 2, 'EX1_410'),
(33, 2, 'CS2_108'),
(34, 2, 'CS2_106'),
(35, 2, 'CS2_106'),
(36, 2, 'EX1_603'),
(37, 2, 'EX1_391'),
(38, 2, 'EX1_391'),
(39, 2, 'CS2_108'),
(40, 2, 'BRM_015'),
(41, 2, 'BRM_015'),
(42, 2, 'CFM_790'),
(43, 2, 'CFM_790'),
(44, 2, 'EX1_007'),
(45, 2, 'EX1_007'),
(46, 2, 'OG_149'),
(47, 2, 'OG_149'),
(48, 2, 'EX1_606'),
(49, 2, 'EX1_606'),
(50, 2, 'AT_064'),
(51, 2, 'AT_064'),
(52, 2, 'LOE_079'),
(53, 2, 'CFM_756'),
(54, 2, 'CFM_756'),
(55, 2, 'EX1_407'),
(56, 2, 'EX1_407'),
(57, 2, 'AT_132'),
(58, 2, 'EX1_016'),
(59, 2, 'EX1_411'),
(60, 2, 'EX1_414'),
(61, 3, 'KAR_063'),
(62, 3, 'KAR_063'),
(63, 3, 'CFM_717'),
(64, 3, 'CFM_717'),
(65, 3, 'BRM_011'),
(66, 3, 'BRM_011'),
(67, 3, 'KAR_073'),
(68, 3, 'KAR_073'),
(69, 3, 'EX1_012'),
(70, 3, 'EX1_246'),
(71, 3, 'EX1_246'),
(72, 3, 'AT_048'),
(73, 3, 'AT_051'),
(74, 3, 'AT_051'),
(75, 3, 'EX1_259'),
(76, 3, 'EX1_259'),
(77, 3, 'EX1_575'),
(78, 3, 'CFM_707'),
(79, 3, 'CFM_707'),
(80, 3, 'CFM_061'),
(81, 3, 'CFM_061'),
(82, 3, 'EX1_284'),
(83, 3, 'EX1_284'),
(84, 3, 'OG_209'),
(85, 3, 'CFM_324'),
(86, 3, 'CFM_902'),
(87, 3, 'OG_028'),
(88, 3, 'OG_028'),
(89, 3, 'EX1_016'),
(90, 3, 'OG_133'),
(91, 4, 'OG_086'),
(92, 4, 'AT_004'),
(93, 4, 'KAR_009'),
(94, 4, 'CS2_024'),
(95, 4, 'EX1_066'),
(96, 4, 'CFM_790'),
(97, 4, 'EX1_012'),
(98, 4, 'NEW1_021'),
(99, 4, 'CFM_649'),
(100, 4, 'LOE_077'),
(101, 4, 'CS2_026'),
(102, 4, 'CFM_660'),
(103, 4, 'CS2_023'),
(104, 4, 'EX1_295'),
(105, 4, 'CFM_065'),
(106, 4, 'EX1_085'),
(107, 4, 'LOE_002'),
(108, 4, 'CS2_033'),
(109, 4, 'CFM_621'),
(110, 4, 'AT_111'),
(111, 4, 'CS2_022'),
(112, 4, 'CS2_029'),
(113, 4, 'EX1_284'),
(114, 4, 'LOE_003'),
(115, 4, 'LOE_011'),
(116, 4, 'BRM_028'),
(117, 4, 'CS2_028'),
(118, 4, 'CS2_032'),
(119, 4, 'KAR_076'),
(120, 4, 'EX1_561'),
(121, 5, 'NEW1_012'),
(122, 5, 'NEW1_012'),
(123, 5, 'CS2_024'),
(124, 5, 'CS2_024'),
(125, 5, 'EX1_012'),
(126, 5, 'KAR_092'),
(127, 5, 'KAR_092'),
(128, 5, 'EX1_289'),
(129, 5, 'EX1_295'),
(130, 5, 'EX1_289'),
(131, 5, 'LOE_077'),
(132, 5, 'EX1_287'),
(133, 5, 'CFM_649'),
(134, 5, 'CFM_649'),
(135, 5, 'EX1_294'),
(136, 5, 'CS2_023'),
(137, 5, 'CS2_023'),
(138, 5, 'EX1_274'),
(139, 5, 'EX1_274'),
(140, 5, 'CS2_029'),
(141, 5, 'CS2_029'),
(142, 5, 'EX1_284'),
(143, 5, 'EX1_284'),
(144, 5, 'LOE_003'),
(145, 5, 'CFM_760'),
(146, 5, 'CS2_032'),
(147, 5, 'KAR_076'),
(148, 5, 'KAR_097'),
(149, 5, 'KAR_711'),
(150, 5, 'KAR_711'),
(151, 6, 'CFM_325'),
(152, 6, 'CFM_325'),
(153, 6, 'OG_312'),
(154, 6, 'OG_312'),
(155, 6, 'OG_314'),
(156, 6, 'LOE_076'),
(157, 6, 'CFM_637'),
(158, 6, 'CS2_106'),
(159, 6, 'CS2_106'),
(160, 6, 'NEW1_023'),
(161, 6, 'NEW1_023'),
(162, 6, 'AT_071'),
(163, 6, 'AT_071'),
(164, 6, 'EX1_604'),
(165, 6, 'EX1_604'),
(166, 6, 'OG_149'),
(167, 6, 'LOE_022'),
(168, 6, 'LOE_022'),
(169, 6, 'AT_017'),
(170, 6, 'AT_017'),
(171, 6, 'NEW1_011'),
(172, 6, 'NEW1_011'),
(173, 6, 'BRM_034'),
(174, 6, 'BRM_034'),
(175, 6, 'EX1_284'),
(176, 6, 'EX1_284'),
(177, 6, 'BRM_024'),
(178, 6, 'BRM_024'),
(179, 6, 'KAR_061'),
(180, 6, 'EX1_298'),
(181, 7, 'OG_086'),
(182, 7, 'AT_004'),
(183, 7, 'KAR_009'),
(184, 7, 'CFM_120'),
(185, 7, 'EX1_066'),
(186, 7, 'CFM_790'),
(187, 7, 'EX1_012'),
(188, 7, 'NEW1_021'),
(189, 7, 'CS2_024'),
(190, 7, 'EX1_007'),
(191, 7, 'EX1_295'),
(192, 7, 'LOE_077'),
(193, 7, 'CFM_660'),
(194, 7, 'CS2_023'),
(195, 7, 'CFM_065'),
(196, 7, 'CS2_033'),
(197, 7, 'CFM_621'),
(198, 7, 'AT_111'),
(199, 7, 'CS2_022'),
(200, 7, 'CS2_029'),
(201, 7, 'EX1_284'),
(202, 7, 'EX1_005'),
(203, 7, 'CFM_669'),
(204, 7, 'LOE_011'),
(205, 7, 'BRM_028'),
(206, 7, 'CS2_028'),
(207, 7, 'EX1_559'),
(208, 7, 'CS2_032'),
(209, 7, 'KAR_076'),
(210, 7, 'EX1_561'),
(211, 8, 'CS2_235'),
(212, 8, 'BRM_004'),
(213, 8, 'CS2_004'),
(214, 8, 'CFM_603'),
(215, 8, 'AT_116'),
(216, 8, 'EX1_066'),
(217, 8, 'CS2_234'),
(218, 8, 'KAR_062'),
(219, 8, 'CFM_790'),
(220, 8, 'NEW1_021'),
(221, 8, 'LOE_077'),
(222, 8, 'EX1_622'),
(223, 8, 'CFM_626'),
(224, 8, 'BRM_033'),
(225, 8, 'EX1_085'),
(226, 8, 'CFM_621'),
(227, 8, 'AT_017'),
(228, 8, 'KAR_035'),
(229, 8, 'CFM_605'),
(230, 8, 'BRM_034'),
(231, 8, 'EX1_284'),
(232, 8, 'CS1_112'),
(233, 8, 'CFM_020'),
(234, 8, 'CFM_657'),
(235, 8, 'KAR_033'),
(236, 8, 'CFM_662'),
(237, 8, 'LOE_011'),
(238, 8, 'LOE_104'),
(239, 8, 'AT_123'),
(240, 8, 'EX1_572'),
(241, 9, 'OG_086'),
(242, 9, 'CFM_066'),
(243, 9, 'KAR_009'),
(244, 9, 'CFM_120'),
(245, 9, 'CS2_024'),
(246, 9, 'CS2_025'),
(247, 9, 'EX1_066'),
(248, 9, 'NEW1_020'),
(249, 9, 'KAR_092'),
(250, 9, 'EX1_007'),
(251, 9, 'EX1_295'),
(252, 9, 'LOE_077'),
(253, 9, 'EX1_287'),
(254, 9, 'CFM_649'),
(255, 9, 'CS2_023'),
(256, 9, 'OG_083'),
(257, 9, 'CFM_620'),
(258, 9, 'CFM_065'),
(259, 9, 'LOE_002'),
(260, 9, 'EX1_594'),
(261, 9, 'CFM_621'),
(262, 9, 'CS2_022'),
(263, 9, 'CS2_029'),
(264, 9, 'EX1_284'),
(265, 9, 'CFM_760'),
(266, 9, 'LOE_011'),
(267, 9, 'CS2_028'),
(268, 9, 'EX1_559'),
(269, 9, 'CS2_032'),
(270, 9, 'KAR_076'),
(271, 10, 'CFM_717'),
(272, 10, 'CFM_717'),
(273, 10, 'BRM_011'),
(274, 10, 'BRM_011'),
(275, 10, 'CFM_696'),
(276, 10, 'CFM_696'),
(277, 10, 'CFM_790'),
(278, 10, 'EX1_012'),
(279, 10, 'LOE_077'),
(280, 10, 'EX1_246'),
(281, 10, 'EX1_246'),
(282, 10, 'AT_048'),
(283, 10, 'AT_051'),
(284, 10, 'AT_051'),
(285, 10, 'EX1_259'),
(286, 10, 'EX1_259'),
(287, 10, 'EX1_575'),
(288, 10, 'CFM_707'),
(289, 10, 'CFM_707'),
(290, 10, 'CFM_061'),
(291, 10, 'CFM_061'),
(292, 10, 'CFM_715'),
(293, 10, 'EX1_284'),
(294, 10, 'OG_209'),
(295, 10, 'CFM_324'),
(296, 10, 'CFM_902'),
(297, 10, 'OG_028'),
(298, 10, 'OG_028'),
(299, 10, 'EX1_016'),
(300, 10, 'OG_133'),
(301, 11, 'EX1_169'),
(302, 11, 'EX1_169'),
(303, 11, 'CFM_602'),
(304, 11, 'CFM_602'),
(305, 11, 'AT_037'),
(306, 11, 'CS2_013'),
(307, 11, 'CS2_013'),
(308, 11, 'EX1_154'),
(309, 11, 'EX1_154'),
(310, 11, 'EX1_066'),
(311, 11, 'CFM_713'),
(312, 11, 'CFM_713'),
(313, 11, 'LOE_077'),
(314, 11, 'AT_044'),
(315, 11, 'OG_047'),
(316, 11, 'OG_047'),
(317, 11, 'OG_044'),
(318, 11, 'CS2_012'),
(319, 11, 'CS2_012'),
(320, 11, 'CFM_715'),
(321, 11, 'CFM_715'),
(322, 11, 'EX1_284'),
(323, 11, 'EX1_284'),
(324, 11, 'EX1_164'),
(325, 11, 'EX1_164'),
(326, 11, 'CFM_902'),
(327, 11, 'EX1_095'),
(328, 11, 'CFM_343'),
(329, 11, 'CFM_343'),
(330, 11, 'EX1_178'),
(331, 12, 'EX1_169'),
(332, 12, 'EX1_169'),
(333, 12, 'LOE_115'),
(334, 12, 'LOE_115'),
(335, 12, 'CFM_602'),
(336, 12, 'CFM_602'),
(337, 12, 'AT_037'),
(338, 12, 'AT_037'),
(339, 12, 'CS2_013'),
(340, 12, 'CS2_013'),
(341, 12, 'EX1_154'),
(342, 12, 'EX1_154'),
(343, 12, 'CFM_713'),
(344, 12, 'CFM_713'),
(345, 12, 'LOE_077'),
(346, 12, 'OG_047'),
(347, 12, 'CS2_012'),
(348, 12, 'CS2_012'),
(349, 12, 'CFM_715'),
(350, 12, 'CFM_715'),
(351, 12, 'EX1_284'),
(352, 12, 'EX1_284'),
(353, 12, 'EX1_164'),
(354, 12, 'EX1_164'),
(355, 12, 'EX1_095'),
(356, 12, 'CFM_343'),
(357, 12, 'CFM_343'),
(358, 12, 'BRM_028'),
(359, 12, 'KAR_711'),
(360, 12, 'KAR_711'),
(361, 13, 'CFM_630'),
(362, 13, 'CFM_630'),
(363, 13, 'EX1_145'),
(364, 13, 'EX1_145'),
(365, 13, 'CS2_072'),
(366, 13, 'CS2_072'),
(367, 13, 'CFM_325'),
(368, 13, 'CFM_325'),
(369, 13, 'KAR_069'),
(370, 13, 'KAR_069'),
(371, 13, 'CS2_073'),
(372, 13, 'CS2_073'),
(373, 13, 'CFM_637'),
(374, 13, 'EX1_124'),
(375, 13, 'EX1_124'),
(376, 13, 'EX1_012'),
(377, 13, 'EX1_581'),
(378, 13, 'EX1_134'),
(379, 13, 'EX1_134'),
(380, 13, 'EX1_613'),
(381, 13, 'CFM_781'),
(382, 13, 'EX1_129'),
(383, 13, 'EX1_129'),
(384, 13, 'LOE_012'),
(385, 13, 'LOE_012'),
(386, 13, 'EX1_284'),
(387, 13, 'EX1_284'),
(388, 13, 'EX1_116'),
(389, 13, 'EX1_095'),
(390, 13, 'EX1_095'),
(391, 14, 'OG_086'),
(392, 14, 'AT_004'),
(393, 14, 'KAR_009'),
(394, 14, 'CFM_120'),
(395, 14, 'CS2_024'),
(396, 14, 'EX1_066'),
(397, 14, 'CFM_790'),
(398, 14, 'EX1_012'),
(399, 14, 'NEW1_021'),
(400, 14, 'EX1_007'),
(401, 14, 'EX1_295'),
(402, 14, 'LOE_077'),
(403, 14, 'CFM_660'),
(404, 14, 'CS2_023'),
(405, 14, 'CFM_065'),
(406, 14, 'CS2_033'),
(407, 14, 'CFM_621'),
(408, 14, 'AT_111'),
(409, 14, 'CS2_022'),
(410, 14, 'CS2_029'),
(411, 14, 'EX1_284'),
(412, 14, 'EX1_005'),
(413, 14, 'CFM_669'),
(414, 14, 'LOE_011'),
(415, 14, 'BRM_028'),
(416, 14, 'CS2_028'),
(417, 14, 'EX1_559'),
(418, 14, 'CS2_032'),
(419, 14, 'KAR_076'),
(420, 14, 'EX1_561'),
(421, 15, 'CS2_072'),
(422, 15, 'CS2_072'),
(423, 15, 'KAR_069'),
(424, 15, 'KAR_069'),
(425, 15, 'CFM_691'),
(426, 15, 'CFM_691'),
(427, 15, 'CFM_690'),
(428, 15, 'CFM_690'),
(429, 15, 'EX1_124'),
(430, 15, 'EX1_124'),
(431, 15, 'OG_330'),
(432, 15, 'OG_330'),
(433, 15, 'EX1_581'),
(434, 15, 'EX1_581'),
(435, 15, 'EX1_134'),
(436, 15, 'EX1_134'),
(437, 15, 'LOE_077'),
(438, 15, 'LOE_019'),
(439, 15, 'LOE_019'),
(440, 15, 'EX1_129'),
(441, 15, 'EX1_129'),
(442, 15, 'KAR_114'),
(443, 15, 'CFM_715'),
(444, 15, 'CFM_715'),
(445, 15, 'EX1_284'),
(446, 15, 'EX1_284'),
(447, 15, 'CFM_902'),
(448, 15, 'EX1_016'),
(449, 15, 'EX1_298'),
(450, 15, 'OG_133'),
(451, 16, 'KAR_063'),
(452, 16, 'EX1_238'),
(453, 16, 'LOE_018'),
(454, 16, 'LOE_018'),
(455, 16, 'CFM_717'),
(456, 16, 'AT_052'),
(457, 16, 'AT_052'),
(458, 16, 'CFM_717'),
(459, 16, 'KAR_073'),
(460, 16, 'KAR_073'),
(461, 16, 'EX1_012'),
(462, 16, 'EX1_565'),
(463, 16, 'EX1_565'),
(464, 16, 'LOE_077'),
(465, 16, 'EX1_246'),
(466, 16, 'EX1_246'),
(467, 16, 'EX1_259'),
(468, 16, 'EX1_575'),
(469, 16, 'CFM_707'),
(470, 16, 'CFM_707'),
(471, 16, 'CFM_061'),
(472, 16, 'CFM_061'),
(473, 16, 'CFM_715'),
(474, 16, 'EX1_284'),
(475, 16, 'CFM_324'),
(476, 16, 'CFM_902'),
(477, 16, 'OG_028'),
(478, 16, 'OG_028'),
(479, 16, 'CS2_042'),
(480, 16, 'CFM_312'),
(481, 17, 'OG_198'),
(482, 17, 'EX1_360'),
(483, 17, 'EX1_360'),
(484, 17, 'CFM_321'),
(485, 17, 'CFM_321'),
(486, 17, 'EX1_619'),
(487, 17, 'EX1_619'),
(488, 17, 'AT_094'),
(489, 17, 'AT_094'),
(490, 17, 'NEW1_020'),
(491, 17, 'NEW1_020'),
(492, 17, 'EX1_382'),
(493, 17, 'EX1_382'),
(494, 17, 'CS2_093'),
(495, 17, 'CS2_093'),
(496, 17, 'LOE_017'),
(497, 17, 'CS2_097'),
(498, 17, 'LOE_017'),
(499, 17, 'CS2_097'),
(500, 17, 'NEW1_041'),
(501, 17, 'NEW1_041'),
(502, 17, 'KAR_057'),
(503, 17, 'EX1_016'),
(504, 17, 'EX1_110'),
(505, 17, 'KAR_057'),
(506, 17, 'BRM_028'),
(507, 17, 'CFM_062'),
(508, 17, 'EX1_354'),
(509, 17, 'EX1_383'),
(510, 17, 'OG_133'),
(511, 18, 'CS2_235'),
(512, 18, 'CS2_235'),
(513, 18, 'BRM_004'),
(514, 18, 'BRM_004'),
(515, 18, 'CS2_004'),
(516, 18, 'CS2_004'),
(517, 18, 'CFM_603'),
(518, 18, 'AT_116'),
(519, 18, 'AT_116'),
(520, 18, 'EX1_066'),
(521, 18, 'CS2_234'),
(522, 18, 'CS2_234'),
(523, 18, 'KAR_062'),
(524, 18, 'KAR_062'),
(525, 18, 'LOE_077'),
(526, 18, 'EX1_622'),
(527, 18, 'EX1_622'),
(528, 18, 'CFM_626'),
(529, 18, 'CFM_626'),
(530, 18, 'BRM_033'),
(531, 18, 'AT_017'),
(532, 18, 'AT_017'),
(533, 18, 'KAR_035'),
(534, 18, 'CFM_605'),
(535, 18, 'CFM_605'),
(536, 18, 'BRM_034'),
(537, 18, 'BRM_034'),
(538, 18, 'EX1_284'),
(539, 18, 'EX1_284'),
(540, 18, 'CFM_662'),
(541, 19, 'CFM_637'),
(542, 19, 'KAR_063'),
(543, 19, 'KAR_063'),
(544, 19, 'CFM_325'),
(545, 19, 'CFM_325'),
(546, 19, 'EX1_238'),
(547, 19, 'EX1_238'),
(548, 19, 'LOE_076'),
(549, 19, 'CS2_146'),
(550, 19, 'CS2_146'),
(551, 19, 'LOE_018'),
(552, 19, 'LOE_018'),
(553, 19, 'CFM_717'),
(554, 19, 'CFM_717'),
(555, 19, 'AT_052'),
(556, 19, 'AT_052'),
(557, 19, 'KAR_073'),
(558, 19, 'EX1_012'),
(559, 19, 'EX1_565'),
(560, 19, 'EX1_565'),
(561, 19, 'EX1_241'),
(562, 19, 'EX1_241'),
(563, 19, 'EX1_248'),
(564, 19, 'EX1_248'),
(565, 19, 'CFM_707'),
(566, 19, 'CFM_707'),
(567, 19, 'OG_024'),
(568, 19, 'OG_024'),
(569, 19, 'EX1_284'),
(570, 19, 'CFM_902'),
(571, 20, 'CFM_325'),
(572, 20, 'CFM_325'),
(573, 20, 'OG_312'),
(574, 20, 'OG_312'),
(575, 20, 'EX1_409'),
(576, 20, 'EX1_409'),
(577, 20, 'LOE_076'),
(578, 20, 'CFM_637'),
(579, 20, 'CS2_146'),
(580, 20, 'CS2_146'),
(581, 20, 'CS2_106'),
(582, 20, 'CS2_106'),
(583, 20, 'NEW1_018'),
(584, 20, 'NEW1_018'),
(585, 20, 'NEW1_027'),
(586, 20, 'NEW1_027'),
(587, 20, 'EX1_604'),
(588, 20, 'EX1_604'),
(589, 20, 'AT_087'),
(590, 20, 'AT_087'),
(591, 20, 'OG_315'),
(592, 20, 'OG_315'),
(593, 20, 'CFM_754'),
(594, 20, 'CFM_754'),
(595, 20, 'NEW1_022'),
(596, 20, 'NEW1_022'),
(597, 20, 'NEW1_011'),
(598, 20, 'NEW1_011'),
(599, 20, 'CS2_112'),
(600, 20, 'CS2_112'),
(601, 21, 'CFM_325'),
(602, 21, 'CFM_325'),
(603, 21, 'OG_312'),
(604, 21, 'OG_312'),
(605, 21, 'EX1_409'),
(606, 21, 'EX1_409'),
(607, 21, 'LOE_076'),
(608, 21, 'CFM_637'),
(609, 21, 'CS2_146'),
(610, 21, 'CS2_146'),
(611, 21, 'CS2_106'),
(612, 21, 'CS2_106'),
(613, 21, 'CS2_105'),
(614, 21, 'CS2_105'),
(615, 21, 'NEW1_018'),
(616, 21, 'NEW1_018'),
(617, 21, 'EX1_604'),
(618, 21, 'NEW1_027'),
(619, 21, 'EX1_604'),
(620, 21, 'OG_315'),
(621, 21, 'OG_315'),
(622, 21, 'EX1_408'),
(623, 21, 'NEW1_022'),
(624, 21, 'NEW1_022'),
(625, 21, 'EX1_408'),
(626, 21, 'NEW1_011'),
(627, 21, 'NEW1_011'),
(628, 21, 'EX1_116'),
(629, 21, 'CS2_112'),
(630, 21, 'CS2_112'),
(631, 22, 'CS2_235'),
(632, 22, 'CS2_235'),
(633, 22, 'BRM_004'),
(634, 22, 'BRM_004'),
(635, 22, 'CS2_004'),
(636, 22, 'CS2_004'),
(637, 22, 'AT_116'),
(638, 22, 'AT_116'),
(639, 22, 'CS2_234'),
(640, 22, 'CS2_234'),
(641, 22, 'KAR_062'),
(642, 22, 'KAR_062'),
(643, 22, 'LOE_077'),
(644, 22, 'EX1_622'),
(645, 22, 'EX1_622'),
(646, 22, 'CFM_626'),
(647, 22, 'CFM_626'),
(648, 22, 'BRM_033'),
(649, 22, 'AT_017'),
(650, 22, 'AT_017'),
(651, 22, 'CFM_605'),
(652, 22, 'CFM_605'),
(653, 22, 'BRM_034'),
(654, 22, 'BRM_034'),
(655, 22, 'EX1_284'),
(656, 22, 'EX1_284'),
(657, 22, 'KAR_033'),
(658, 22, 'KAR_033'),
(659, 22, 'CFM_662'),
(660, 22, 'CFM_662'),
(661, 23, 'CFM_325'),
(662, 23, 'CFM_325'),
(663, 23, 'OG_312'),
(664, 23, 'OG_312'),
(665, 23, 'OG_314'),
(666, 23, 'OG_314'),
(667, 23, 'LOE_076'),
(668, 23, 'CFM_637'),
(669, 23, 'CS2_106'),
(670, 23, 'CS2_106'),
(671, 23, 'NEW1_023'),
(672, 23, 'NEW1_023'),
(673, 23, 'AT_071'),
(674, 23, 'AT_071'),
(675, 23, 'EX1_604'),
(676, 23, 'EX1_604'),
(677, 23, 'LOE_022'),
(678, 23, 'LOE_022'),
(679, 23, 'AT_017'),
(680, 23, 'AT_017'),
(681, 23, 'NEW1_011'),
(682, 23, 'NEW1_011'),
(683, 23, 'BRM_034'),
(684, 23, 'BRM_034'),
(685, 23, 'EX1_284'),
(686, 23, 'EX1_284'),
(687, 23, 'BRM_024'),
(688, 23, 'BRM_024'),
(689, 23, 'KAR_061'),
(690, 23, 'EX1_298'),
(691, 24, 'EX1_621'),
(692, 24, 'EX1_621'),
(693, 24, 'CS1_129'),
(694, 24, 'KAR_036'),
(695, 24, 'KAR_036'),
(696, 24, 'CS2_235'),
(697, 24, 'CS2_235'),
(698, 24, 'EX1_001'),
(699, 24, 'EX1_001'),
(700, 24, 'CS1_129'),
(701, 24, 'AT_105'),
(702, 24, 'CS2_004'),
(703, 24, 'CS2_004'),
(704, 24, 'CS1_130'),
(705, 24, 'CS1_130'),
(706, 24, 'EX1_557'),
(707, 24, 'NEW1_020'),
(708, 24, 'NEW1_020'),
(709, 24, 'EX1_341'),
(710, 24, 'EX1_100'),
(711, 24, 'CS2_236'),
(712, 24, 'CS2_236'),
(713, 24, 'EX1_007'),
(714, 24, 'EX1_007'),
(715, 24, 'EX1_044'),
(716, 24, 'EX1_044'),
(717, 24, 'EX1_050'),
(718, 24, 'EX1_050'),
(719, 24, 'AT_014'),
(720, 24, 'OG_254'),
(721, 25, 'NEW1_012'),
(722, 25, 'NEW1_012'),
(723, 25, 'EX1_029'),
(724, 25, 'EX1_029'),
(725, 25, 'CS2_027'),
(726, 25, 'CS2_027'),
(727, 25, 'CS2_031'),
(728, 25, 'CS2_031'),
(729, 25, 'CS2_024'),
(730, 25, 'CS2_024'),
(731, 25, 'EX1_015'),
(732, 25, 'EX1_015'),
(733, 25, 'EX1_608'),
(734, 25, 'EX1_608'),
(735, 25, 'NEW1_021'),
(736, 25, 'CS2_023'),
(737, 25, 'EX1_007'),
(738, 25, 'CS2_023'),
(739, 25, 'EX1_007'),
(740, 25, 'EX1_295'),
(741, 25, 'EX1_295'),
(742, 25, 'CS2_026'),
(743, 25, 'CS2_026'),
(744, 25, 'EX1_050'),
(745, 25, 'EX1_050'),
(746, 25, 'EX1_275'),
(747, 25, 'CS2_029'),
(748, 25, 'CS2_029'),
(749, 25, 'EX1_561'),
(750, 25, 'EX1_279'),
(751, 26, 'CS2_087'),
(752, 26, 'CS2_087'),
(753, 26, 'OG_221'),
(754, 26, 'OG_221'),
(755, 26, 'EX1_008'),
(756, 26, 'EX1_008'),
(757, 26, 'CS2_188'),
(758, 26, 'CS2_188'),
(759, 26, 'EX1_619'),
(760, 26, 'EX1_619'),
(761, 26, 'EX1_362'),
(762, 26, 'EX1_362'),
(763, 26, 'AT_087'),
(764, 26, 'AT_087'),
(765, 26, 'EX1_590'),
(766, 26, 'EX1_590'),
(767, 26, 'OG_310'),
(768, 26, 'OG_310'),
(769, 26, 'OG_222'),
(770, 26, 'OG_222'),
(771, 26, 'AT_074'),
(772, 26, 'AT_074'),
(773, 26, 'CS2_092'),
(774, 26, 'CS2_092'),
(775, 26, 'CS2_093'),
(776, 26, 'CS2_093'),
(777, 26, 'CS2_097'),
(778, 26, 'CS2_097'),
(779, 26, 'OG_273'),
(780, 26, 'OG_273'),
(781, 27, 'EX1_080'),
(782, 27, 'EX1_080'),
(783, 27, 'DS1_184'),
(784, 27, 'EX1_610'),
(785, 27, 'EX1_609'),
(786, 27, 'EX1_609'),
(787, 27, 'BRM_013'),
(788, 27, 'BRM_013'),
(789, 27, 'EX1_611'),
(790, 27, 'EX1_611'),
(791, 27, 'EX1_610'),
(792, 27, 'AT_060'),
(793, 27, 'KAR_004'),
(794, 27, 'KAR_004'),
(795, 27, 'EX1_536'),
(796, 27, 'KAR_006'),
(797, 27, 'EX1_536'),
(798, 27, 'KAR_006'),
(799, 27, 'NEW1_031'),
(800, 27, 'NEW1_031'),
(801, 27, 'EX1_538'),
(802, 27, 'KAR_114'),
(803, 27, 'EX1_284'),
(804, 27, 'EX1_284'),
(805, 27, 'EX1_116'),
(806, 27, 'EX1_534'),
(807, 27, 'EX1_534'),
(808, 27, 'KAR_061'),
(809, 27, 'EX1_298'),
(810, 27, 'OG_211'),
(811, 28, 'CS2_235'),
(812, 28, 'CS2_235'),
(813, 28, 'BRM_004'),
(814, 28, 'CS2_004'),
(815, 28, 'CS2_004'),
(816, 28, 'CFM_603'),
(817, 28, 'CS1_130'),
(818, 28, 'AT_116'),
(819, 28, 'AT_116'),
(820, 28, 'DS1_233'),
(821, 28, 'CS2_234'),
(822, 28, 'KAR_062'),
(823, 28, 'KAR_062'),
(824, 28, 'LOE_077'),
(825, 28, 'EX1_622'),
(826, 28, 'EX1_622'),
(827, 28, 'CFM_626'),
(828, 28, 'CFM_626'),
(829, 28, 'AT_017'),
(830, 28, 'AT_017'),
(831, 28, 'CFM_605'),
(832, 28, 'CFM_605'),
(833, 28, 'BRM_034'),
(834, 28, 'BRM_034'),
(835, 28, 'EX1_284'),
(836, 28, 'EX1_284'),
(837, 28, 'CS1_112'),
(838, 28, 'KAR_033'),
(839, 28, 'EX1_350'),
(840, 28, 'EX1_572'),
(841, 29, 'AT_004'),
(842, 29, 'KAR_009'),
(843, 29, 'CFM_120'),
(844, 29, 'CS2_024'),
(845, 29, 'EX1_066'),
(846, 29, 'CFM_790'),
(847, 29, 'EX1_012'),
(848, 29, 'NEW1_021'),
(849, 29, 'EX1_295'),
(850, 29, 'LOE_077'),
(851, 29, 'EX1_007'),
(852, 29, 'OG_083'),
(853, 29, 'CFM_065'),
(854, 29, 'EX1_085'),
(855, 29, 'LOE_002'),
(856, 29, 'CS2_117'),
(857, 29, 'CFM_621'),
(858, 29, 'CS2_022'),
(859, 29, 'CS2_033'),
(860, 29, 'AT_111'),
(861, 29, 'CS2_029'),
(862, 29, 'EX1_284'),
(863, 29, 'LOE_003'),
(864, 29, 'CFM_652'),
(865, 29, 'OG_207'),
(866, 29, 'LOE_011'),
(867, 29, 'CS2_028'),
(868, 29, 'CS2_032'),
(869, 29, 'KAR_076'),
(870, 29, 'KAR_097'),
(871, 30, 'DS1_175'),
(872, 30, 'DS1_175'),
(873, 30, 'FP1_011'),
(874, 30, 'FP1_011'),
(875, 30, 'EX1_531'),
(876, 30, 'EX1_531'),
(877, 30, 'EX1_610'),
(878, 30, 'EX1_554'),
(879, 30, 'EX1_554'),
(880, 30, 'AT_060'),
(881, 30, 'AT_060'),
(882, 30, 'NEW1_031'),
(883, 30, 'NEW1_031'),
(884, 30, 'OG_045'),
(885, 30, 'OG_045'),
(886, 30, 'EX1_539'),
(887, 30, 'EX1_539'),
(888, 30, 'EX1_538'),
(889, 30, 'EX1_538'),
(890, 30, 'EX1_617'),
(891, 30, 'EX1_617'),
(892, 30, 'DS1_070'),
(893, 30, 'AT_010'),
(894, 30, 'AT_010'),
(895, 30, 'DS1_178'),
(896, 30, 'DS1_178'),
(897, 30, 'EX1_534'),
(898, 30, 'EX1_534'),
(899, 30, 'OG_211'),
(900, 30, 'OG_211'),
(901, 31, 'EX1_316'),
(902, 31, 'CFM_120'),
(903, 31, 'EX1_302'),
(904, 31, 'EX1_058'),
(905, 31, 'LOE_023'),
(906, 31, 'EX1_066'),
(907, 31, 'CFM_790'),
(908, 31, 'NEW1_021'),
(909, 31, 'LOE_077'),
(910, 31, 'BRM_006'),
(911, 31, 'CS2_057'),
(912, 31, 'BRM_005'),
(913, 31, 'EX1_085'),
(914, 31, 'CS2_117'),
(915, 31, 'EX1_043'),
(916, 31, 'CFM_621'),
(917, 31, 'EX1_303'),
(918, 31, 'OG_174'),
(919, 31, 'AT_111'),
(920, 31, 'CS2_062'),
(921, 31, 'CFM_608'),
(922, 31, 'EX1_116'),
(923, 31, 'EX1_564'),
(924, 31, 'LOE_011'),
(925, 31, 'EX1_309'),
(926, 31, 'EX1_016'),
(927, 31, 'BRM_028'),
(928, 31, 'CFM_751'),
(929, 31, 'EX1_323'),
(930, 31, 'EX1_105'),
(931, 32, 'EX1_145'),
(932, 32, 'EX1_145'),
(933, 32, 'CS2_072'),
(934, 32, 'CS2_072'),
(935, 32, 'CFM_120'),
(936, 32, 'CFM_691'),
(937, 32, 'CFM_691'),
(938, 32, 'CFM_690'),
(939, 32, 'CFM_690'),
(940, 32, 'EX1_124'),
(941, 32, 'EX1_124'),
(942, 32, 'EX1_012'),
(943, 32, 'OG_330'),
(944, 32, 'EX1_581'),
(945, 32, 'EX1_581'),
(946, 32, 'LOE_077'),
(947, 32, 'EX1_613'),
(948, 32, 'LOE_019'),
(949, 32, 'LOE_019'),
(950, 32, 'EX1_129'),
(951, 32, 'EX1_129'),
(952, 32, 'LOE_012'),
(953, 32, 'LOE_012'),
(954, 32, 'CFM_715'),
(955, 32, 'EX1_284'),
(956, 32, 'EX1_284'),
(957, 32, 'CFM_902'),
(958, 32, 'EX1_095'),
(959, 32, 'EX1_095'),
(960, 32, 'OG_133'),
(961, 33, 'OG_198'),
(962, 33, 'OG_198'),
(963, 33, 'NEW1_020'),
(964, 33, 'EX1_619'),
(965, 33, 'EX1_619'),
(966, 33, 'CS2_173'),
(967, 33, 'CS2_173'),
(968, 33, 'NEW1_020'),
(969, 33, 'EX1_096'),
(970, 33, 'EX1_096'),
(971, 33, 'EX1_012'),
(972, 33, 'NEW1_021'),
(973, 33, 'NEW1_021'),
(974, 33, 'CFM_815'),
(975, 33, 'EX1_507'),
(976, 33, 'EX1_507'),
(977, 33, 'EX1_382'),
(978, 33, 'KAR_114'),
(979, 33, 'CS2_093'),
(980, 33, 'CS2_093'),
(981, 33, 'CS2_094'),
(982, 33, 'CS2_097'),
(983, 33, 'CS2_097'),
(984, 33, 'CFM_344'),
(985, 33, 'BRM_001'),
(986, 33, 'BRM_001'),
(987, 33, 'OG_229'),
(988, 33, 'EX1_383'),
(989, 33, 'LOE_026'),
(990, 33, 'LOE_026'),
(991, 34, 'OG_086'),
(992, 34, 'AT_004'),
(993, 34, 'KAR_009'),
(994, 34, 'CS2_024'),
(995, 34, 'EX1_066'),
(996, 34, 'CFM_790'),
(997, 34, 'EX1_012'),
(998, 34, 'NEW1_021'),
(999, 34, 'EX1_295'),
(1000, 34, 'EX1_289'),
(1001, 34, 'LOE_077'),
(1002, 34, 'CFM_660'),
(1003, 34, 'CFM_649'),
(1004, 34, 'CS2_026'),
(1005, 34, 'CS2_023'),
(1006, 34, 'CFM_065'),
(1007, 34, 'EX1_085'),
(1008, 34, 'LOE_002'),
(1009, 34, 'CS2_033'),
(1010, 34, 'CS2_022'),
(1011, 34, 'CS2_029'),
(1012, 34, 'CFM_621'),
(1013, 34, 'EX1_284'),
(1014, 34, 'OG_090'),
(1015, 34, 'LOE_011'),
(1016, 34, 'BRM_028'),
(1017, 34, 'CS2_028'),
(1018, 34, 'CS2_032'),
(1019, 34, 'KAR_076'),
(1020, 34, 'EX1_561'),
(1021, 35, 'EX1_169'),
(1022, 35, 'EX1_169'),
(1023, 35, 'CFM_602'),
(1024, 35, 'CFM_602'),
(1025, 35, 'AT_037'),
(1026, 35, 'CS2_013'),
(1027, 35, 'EX1_154'),
(1028, 35, 'EX1_154'),
(1029, 35, 'CS2_013'),
(1030, 35, 'CFM_713'),
(1031, 35, 'CFM_713'),
(1032, 35, 'LOE_077'),
(1033, 35, 'AT_044'),
(1034, 35, 'OG_047'),
(1035, 35, 'OG_047'),
(1036, 35, 'OG_044'),
(1037, 35, 'CFM_715'),
(1038, 35, 'CFM_715'),
(1039, 35, 'CS2_012'),
(1040, 35, 'CS2_012'),
(1041, 35, 'EX1_284'),
(1042, 35, 'EX1_284'),
(1043, 35, 'EX1_164'),
(1044, 35, 'EX1_164'),
(1045, 35, 'CFM_902'),
(1046, 35, 'EX1_095'),
(1047, 35, 'CFM_343'),
(1048, 35, 'CFM_343'),
(1049, 35, 'EX1_178'),
(1050, 35, 'EX1_178'),
(1051, 36, 'CS2_235'),
(1052, 36, 'AT_055'),
(1053, 36, 'CS2_004'),
(1054, 36, 'CFM_661'),
(1055, 36, 'OG_104'),
(1056, 36, 'EX1_066'),
(1057, 36, 'CS2_234'),
(1058, 36, 'NEW1_020'),
(1059, 36, 'EX1_096'),
(1060, 36, 'CFM_790'),
(1061, 36, 'NEW1_021'),
(1062, 36, 'LOE_077'),
(1063, 36, 'CFM_649'),
(1064, 36, 'EX1_622'),
(1065, 36, 'CFM_626'),
(1066, 36, 'OG_100'),
(1067, 36, 'CFM_621'),
(1068, 36, 'KAR_035'),
(1069, 36, 'EX1_591'),
(1070, 36, 'EX1_284'),
(1071, 36, 'CS1_112'),
(1072, 36, 'OG_234'),
(1073, 36, 'CFM_020'),
(1074, 36, 'EX1_091'),
(1075, 36, 'AT_132'),
(1076, 36, 'CFM_662'),
(1077, 36, 'LOE_011'),
(1078, 36, 'EX1_016'),
(1079, 36, 'LOE_104'),
(1080, 36, 'EX1_350'),
(1081, 37, 'EX1_238'),
(1082, 37, 'EX1_238'),
(1083, 37, 'OG_027'),
(1084, 37, 'LOE_018'),
(1085, 37, 'LOE_018'),
(1086, 37, 'CFM_717'),
(1087, 37, 'CFM_717'),
(1088, 37, 'AT_052'),
(1089, 37, 'AT_052'),
(1090, 37, 'KAR_073'),
(1091, 37, 'KAR_073'),
(1092, 37, 'EX1_565'),
(1093, 37, 'LOE_077'),
(1094, 37, 'EX1_246'),
(1095, 37, 'EX1_246'),
(1096, 37, 'EX1_575'),
(1097, 37, 'CFM_707'),
(1098, 37, 'CFM_707'),
(1099, 37, 'CFM_061'),
(1100, 37, 'CFM_061'),
(1101, 37, 'CFM_715'),
(1102, 37, 'CFM_715'),
(1103, 37, 'EX1_284'),
(1104, 37, 'EX1_284'),
(1105, 37, 'CFM_324'),
(1106, 37, 'CFM_902'),
(1107, 37, 'OG_028'),
(1108, 37, 'OG_028'),
(1109, 37, 'CFM_312'),
(1110, 37, 'CFM_312'),
(1111, 38, 'CFM_325'),
(1112, 38, 'CFM_637'),
(1113, 38, 'OG_312'),
(1114, 38, 'OG_312'),
(1115, 38, 'CFM_325'),
(1116, 38, 'LOE_076'),
(1117, 38, 'CS2_106'),
(1118, 38, 'CS2_106'),
(1119, 38, 'NEW1_023'),
(1120, 38, 'NEW1_023'),
(1121, 38, 'AT_071'),
(1122, 38, 'AT_071'),
(1123, 38, 'EX1_604'),
(1124, 38, 'EX1_604'),
(1125, 38, 'OG_149'),
(1126, 38, 'LOE_022'),
(1127, 38, 'LOE_022'),
(1128, 38, 'NEW1_011'),
(1129, 38, 'NEW1_011'),
(1130, 38, 'AT_017'),
(1131, 38, 'AT_017'),
(1132, 38, 'CFM_754'),
(1133, 38, 'CFM_754'),
(1134, 38, 'BRM_034'),
(1135, 38, 'BRM_034'),
(1136, 38, 'EX1_284'),
(1137, 38, 'EX1_284'),
(1138, 38, 'BRM_024'),
(1139, 38, 'BRM_024'),
(1140, 38, 'KAR_061'),
(1141, 39, 'CFM_325'),
(1142, 39, 'CFM_325'),
(1143, 39, 'OG_312'),
(1144, 39, 'OG_312'),
(1145, 39, 'EX1_409'),
(1146, 39, 'EX1_409'),
(1147, 39, 'LOE_076'),
(1148, 39, 'CFM_637'),
(1149, 39, 'CS2_146'),
(1150, 39, 'CS2_146'),
(1151, 39, 'CS2_106'),
(1152, 39, 'CS2_106'),
(1153, 39, 'CS2_105'),
(1154, 39, 'CS2_105'),
(1155, 39, 'NEW1_018'),
(1156, 39, 'NEW1_018'),
(1157, 39, 'EX1_066'),
(1158, 39, 'EX1_604'),
(1159, 39, 'EX1_604'),
(1160, 39, 'OG_315'),
(1161, 39, 'OG_315'),
(1162, 39, 'EX1_408'),
(1163, 39, 'EX1_408'),
(1164, 39, 'NEW1_022'),
(1165, 39, 'NEW1_022'),
(1166, 39, 'NEW1_011'),
(1167, 39, 'NEW1_011'),
(1168, 39, 'EX1_116'),
(1169, 39, 'CS2_112'),
(1170, 39, 'CS2_112'),
(1171, 40, 'LOE_018'),
(1172, 40, 'LOE_018'),
(1173, 40, 'CFM_717'),
(1174, 40, 'CFM_717'),
(1175, 40, 'AT_052'),
(1176, 40, 'AT_052'),
(1177, 40, 'EX1_066'),
(1178, 40, 'KAR_073'),
(1179, 40, 'KAR_073'),
(1180, 40, 'EX1_565'),
(1181, 40, 'EX1_565'),
(1182, 40, 'EX1_248'),
(1183, 40, 'EX1_248'),
(1184, 40, 'EX1_246'),
(1185, 40, 'EX1_246'),
(1186, 40, 'EX1_259'),
(1187, 40, 'EX1_259'),
(1188, 40, 'CFM_707'),
(1189, 40, 'CFM_061'),
(1190, 40, 'CFM_061'),
(1191, 40, 'CFM_707'),
(1192, 40, 'CFM_715'),
(1193, 40, 'CFM_715'),
(1194, 40, 'EX1_284'),
(1195, 40, 'EX1_284'),
(1196, 40, 'CFM_902'),
(1197, 40, 'OG_028'),
(1198, 40, 'OG_028'),
(1199, 40, 'CFM_312'),
(1200, 40, 'CFM_312'),
(1201, 41, 'LOE_076'),
(1202, 41, 'KAR_063'),
(1203, 41, 'KAR_063'),
(1204, 41, 'CFM_325'),
(1205, 41, 'CFM_325'),
(1206, 41, 'EX1_238'),
(1207, 41, 'EX1_238'),
(1208, 41, 'CFM_637'),
(1209, 41, 'CS2_146'),
(1210, 41, 'CS2_146'),
(1211, 41, 'LOE_018'),
(1212, 41, 'LOE_018'),
(1213, 41, 'CFM_717'),
(1214, 41, 'CFM_717'),
(1215, 41, 'AT_052'),
(1216, 41, 'AT_052'),
(1217, 41, 'KAR_073'),
(1218, 41, 'KAR_073'),
(1219, 41, 'EX1_012'),
(1220, 41, 'EX1_565'),
(1221, 41, 'EX1_565'),
(1222, 41, 'EX1_241'),
(1223, 41, 'EX1_241'),
(1224, 41, 'EX1_248'),
(1225, 41, 'EX1_248'),
(1226, 41, 'CFM_707'),
(1227, 41, 'CFM_707'),
(1228, 41, 'OG_024'),
(1229, 41, 'OG_024'),
(1230, 41, 'CFM_902'),
(1231, 42, 'CFM_325'),
(1232, 42, 'CFM_325'),
(1233, 42, 'OG_312'),
(1234, 42, 'OG_312'),
(1235, 42, 'CFM_637'),
(1236, 42, 'CS2_146'),
(1237, 42, 'CS2_146'),
(1238, 42, 'CS2_106'),
(1239, 42, 'CS2_106'),
(1240, 42, 'CS2_105'),
(1241, 42, 'NEW1_018'),
(1242, 42, 'NEW1_018'),
(1243, 42, 'NEW1_027'),
(1244, 42, 'NEW1_027'),
(1245, 42, 'AT_087'),
(1246, 42, 'AT_087'),
(1247, 42, 'EX1_604'),
(1248, 42, 'OG_315'),
(1249, 42, 'OG_315'),
(1250, 42, 'AT_064'),
(1251, 42, 'EX1_408'),
(1252, 42, 'CFM_754'),
(1253, 42, 'NEW1_022'),
(1254, 42, 'NEW1_022'),
(1255, 42, 'CFM_631'),
(1256, 42, 'NEW1_011'),
(1257, 42, 'NEW1_011'),
(1258, 42, 'EX1_116'),
(1259, 42, 'CS2_112'),
(1260, 42, 'EX1_407'),
(1261, 43, 'OG_198'),
(1262, 43, 'CFM_305'),
(1263, 43, 'CFM_305'),
(1264, 43, 'EX1_008'),
(1265, 43, 'EX1_008'),
(1266, 43, 'CFM_759'),
(1267, 43, 'CFM_759'),
(1268, 43, 'EX1_362'),
(1269, 43, 'EX1_362'),
(1270, 43, 'CFM_753'),
(1271, 43, 'CFM_753'),
(1272, 43, 'AT_087'),
(1273, 43, 'AT_087'),
(1274, 43, 'EX1_382'),
(1275, 43, 'CFM_853'),
(1276, 43, 'CFM_853'),
(1277, 43, 'CFM_815'),
(1278, 43, 'CS2_097'),
(1279, 43, 'CS2_097'),
(1280, 43, 'CFM_639'),
(1281, 43, 'CFM_639'),
(1282, 43, 'CFM_668'),
(1283, 43, 'CFM_668'),
(1284, 43, 'KAR_057'),
(1285, 43, 'CFM_328'),
(1286, 43, 'CFM_328'),
(1287, 43, 'CFM_685'),
(1288, 43, 'CFM_062'),
(1289, 43, 'CFM_062'),
(1290, 43, 'EX1_383'),
(1291, 44, 'CS2_235'),
(1292, 44, 'CS2_235'),
(1293, 44, 'CS2_004'),
(1294, 44, 'CS2_004'),
(1295, 44, 'CS1_130'),
(1296, 44, 'CS1_130'),
(1297, 44, 'AT_116'),
(1298, 44, 'DS1_233'),
(1299, 44, 'AT_116'),
(1300, 44, 'CS2_234'),
(1301, 44, 'KAR_062'),
(1302, 44, 'KAR_062'),
(1303, 44, 'NEW1_021'),
(1304, 44, 'NEW1_021'),
(1305, 44, 'LOE_077'),
(1306, 44, 'EX1_622'),
(1307, 44, 'EX1_622'),
(1308, 44, 'CFM_626'),
(1309, 44, 'CFM_626'),
(1310, 44, 'AT_017'),
(1311, 44, 'AT_017'),
(1312, 44, 'CFM_605'),
(1313, 44, 'CFM_605'),
(1314, 44, 'BRM_034'),
(1315, 44, 'BRM_034'),
(1316, 44, 'EX1_284'),
(1317, 44, 'EX1_284'),
(1318, 44, 'KAR_033'),
(1319, 44, 'CFM_662'),
(1320, 44, 'EX1_350'),
(1321, 45, 'CFM_325'),
(1322, 45, 'CFM_325'),
(1323, 45, 'OG_312'),
(1324, 45, 'OG_312'),
(1325, 45, 'EX1_409'),
(1326, 45, 'EX1_409'),
(1327, 45, 'CS2_146'),
(1328, 45, 'CS2_146'),
(1329, 45, 'CS2_106'),
(1330, 45, 'CS2_106'),
(1331, 45, 'CS2_105'),
(1332, 45, 'CS2_105'),
(1333, 45, 'NEW1_018'),
(1334, 45, 'NEW1_018'),
(1335, 45, 'EX1_066'),
(1336, 45, 'EX1_604'),
(1337, 45, 'EX1_604'),
(1338, 45, 'AT_087'),
(1339, 45, 'AT_087'),
(1340, 45, 'OG_315'),
(1341, 45, 'OG_315'),
(1342, 45, 'CFM_754'),
(1343, 45, 'EX1_408'),
(1344, 45, 'EX1_408'),
(1345, 45, 'NEW1_022'),
(1346, 45, 'NEW1_022'),
(1347, 45, 'NEW1_011'),
(1348, 45, 'NEW1_011'),
(1349, 45, 'CS2_112'),
(1350, 45, 'CS2_112'),
(1351, 46, 'NEW1_012'),
(1352, 46, 'KAR_009'),
(1353, 46, 'CS2_027'),
(1354, 46, 'CS2_027'),
(1355, 46, 'NEW1_012'),
(1356, 46, 'KAR_009'),
(1357, 46, 'EX1_277'),
(1358, 46, 'EX1_277'),
(1359, 46, 'CS2_024'),
(1360, 46, 'CS2_024'),
(1361, 46, 'EX1_608'),
(1362, 46, 'EX1_608'),
(1363, 46, 'EX1_096'),
(1364, 46, 'EX1_096'),
(1365, 46, 'OG_303'),
(1366, 46, 'OG_303'),
(1367, 46, 'CS2_023'),
(1368, 46, 'CS2_023'),
(1369, 46, 'AT_007'),
(1370, 46, 'AT_007'),
(1371, 46, 'CS2_033'),
(1372, 46, 'CS2_033'),
(1373, 46, 'CS2_029'),
(1374, 46, 'CS2_029'),
(1375, 46, 'EX1_284'),
(1376, 46, 'EX1_284'),
(1377, 46, 'CFM_060'),
(1378, 46, 'OG_207'),
(1379, 46, 'OG_207'),
(1380, 46, 'CS2_032'),
(1381, 47, 'CFM_325'),
(1382, 47, 'CFM_325'),
(1383, 47, 'OG_312'),
(1384, 47, 'OG_312'),
(1385, 47, 'EX1_409'),
(1386, 47, 'EX1_409'),
(1387, 47, 'CS2_146'),
(1388, 47, 'CS2_146'),
(1389, 47, 'CS2_106'),
(1390, 47, 'CS2_106'),
(1391, 47, 'CS2_105'),
(1392, 47, 'CS2_105'),
(1393, 47, 'NEW1_018'),
(1394, 47, 'NEW1_018'),
(1395, 47, 'AT_094'),
(1396, 47, 'EX1_066'),
(1397, 47, 'EX1_604'),
(1398, 47, 'EX1_604'),
(1399, 47, 'AT_087'),
(1400, 47, 'AT_087'),
(1401, 47, 'OG_315'),
(1402, 47, 'OG_315'),
(1403, 47, 'EX1_408'),
(1404, 47, 'EX1_408'),
(1405, 47, 'NEW1_022'),
(1406, 47, 'NEW1_022'),
(1407, 47, 'NEW1_011'),
(1408, 47, 'NEW1_011'),
(1409, 47, 'CS2_112'),
(1410, 47, 'CS2_112'),
(1411, 48, 'EX1_238'),
(1412, 48, 'EX1_238'),
(1413, 48, 'EX1_008'),
(1414, 48, 'EX1_008'),
(1415, 48, 'AT_052'),
(1416, 48, 'AT_052'),
(1417, 48, 'EX1_066'),
(1418, 48, 'OG_206'),
(1419, 48, 'EX1_565'),
(1420, 48, 'EX1_565'),
(1421, 48, 'AT_087'),
(1422, 48, 'AT_087'),
(1423, 48, 'EX1_246'),
(1424, 48, 'EX1_259'),
(1425, 48, 'EX1_248'),
(1426, 48, 'EX1_246'),
(1427, 48, 'EX1_259'),
(1428, 48, 'EX1_575'),
(1429, 48, 'AT_046'),
(1430, 48, 'AT_046'),
(1431, 48, 'CFM_061'),
(1432, 48, 'OG_024'),
(1433, 48, 'OG_024'),
(1434, 48, 'CS2_046'),
(1435, 48, 'AT_049'),
(1436, 48, 'AT_049'),
(1437, 48, 'OG_028'),
(1438, 48, 'OG_028'),
(1439, 48, 'CS2_042'),
(1440, 48, 'CS2_042'),
(1441, 49, 'EX1_621'),
(1442, 49, 'EX1_621'),
(1443, 49, 'CS2_004'),
(1444, 49, 'CS2_004'),
(1445, 49, 'CS2_235'),
(1446, 49, 'AT_055'),
(1447, 49, 'AT_055'),
(1448, 49, 'CS2_235'),
(1449, 49, 'CFM_603'),
(1450, 49, 'EX1_066'),
(1451, 49, 'CS2_234'),
(1452, 49, 'CS2_234'),
(1453, 49, 'NEW1_020'),
(1454, 49, 'NEW1_020'),
(1455, 49, 'EX1_339'),
(1456, 49, 'CS2_181'),
(1457, 49, 'EX1_339'),
(1458, 49, 'CS2_181'),
(1459, 49, 'EX1_622'),
(1460, 49, 'EX1_622'),
(1461, 49, 'CFM_626'),
(1462, 49, 'CFM_626'),
(1463, 49, 'EX1_591'),
(1464, 49, 'EX1_591'),
(1465, 49, 'CS2_182'),
(1466, 49, 'CS2_182'),
(1467, 49, 'OG_234'),
(1468, 49, 'OG_234'),
(1469, 49, 'CS1_112'),
(1470, 49, 'CS1_112'),
(1471, 50, 'EX1_080'),
(1472, 50, 'EX1_080'),
(1473, 50, 'CFM_315'),
(1474, 50, 'CFM_315'),
(1475, 50, 'EX1_531'),
(1476, 50, 'EX1_531'),
(1477, 50, 'NEW1_019'),
(1478, 50, 'NEW1_019'),
(1479, 50, 'BRM_013'),
(1480, 50, 'BRM_013'),
(1481, 50, 'EX1_610'),
(1482, 50, 'EX1_610'),
(1483, 50, 'EX1_554'),
(1484, 50, 'EX1_554'),
(1485, 50, 'AT_060'),
(1486, 50, 'AT_060'),
(1487, 50, 'EX1_536'),
(1488, 50, 'EX1_536'),
(1489, 50, 'EX1_538'),
(1490, 50, 'KAR_006'),
(1491, 50, 'KAR_006'),
(1492, 50, 'NEW1_031'),
(1493, 50, 'NEW1_031'),
(1494, 50, 'EX1_539'),
(1495, 50, 'EX1_539'),
(1496, 50, 'EX1_538'),
(1497, 50, 'DS1_070'),
(1498, 50, 'DS1_070'),
(1499, 50, 'EX1_534'),
(1500, 50, 'EX1_534'),
(1501, 51, 'KAR_063'),
(1502, 51, 'KAR_063'),
(1503, 51, 'CFM_325'),
(1504, 51, 'CFM_325'),
(1505, 51, 'EX1_238'),
(1506, 51, 'EX1_238'),
(1507, 51, 'CFM_637'),
(1508, 51, 'LOE_018'),
(1509, 51, 'LOE_018'),
(1510, 51, 'CS2_045'),
(1511, 51, 'AT_052'),
(1512, 51, 'AT_052'),
(1513, 51, 'CS2_045'),
(1514, 51, 'KAR_073'),
(1515, 51, 'KAR_073'),
(1516, 51, 'EX1_012'),
(1517, 51, 'EX1_565'),
(1518, 51, 'EX1_565'),
(1519, 51, 'AT_087'),
(1520, 51, 'AT_087'),
(1521, 51, 'EX1_241'),
(1522, 51, 'EX1_241'),
(1523, 51, 'EX1_248'),
(1524, 51, 'EX1_248'),
(1525, 51, 'OG_024'),
(1526, 51, 'OG_024'),
(1527, 51, 'EX1_567'),
(1528, 51, 'EX1_567'),
(1529, 51, 'OG_028'),
(1530, 51, 'OG_028'),
(1531, 52, 'EX1_410'),
(1532, 52, 'EX1_410'),
(1533, 52, 'CS2_106'),
(1534, 52, 'CS2_106'),
(1535, 52, 'CFM_300'),
(1536, 52, 'CFM_300'),
(1537, 52, 'EX1_402'),
(1538, 52, 'EX1_402'),
(1539, 52, 'EX1_392'),
(1540, 52, 'EX1_392'),
(1541, 52, 'CFM_752'),
(1542, 52, 'CFM_752'),
(1543, 52, 'EX1_007'),
(1544, 52, 'EX1_007'),
(1545, 52, 'EX1_604'),
(1546, 52, 'EX1_604'),
(1547, 52, 'LOE_022'),
(1548, 52, 'LOE_022'),
(1549, 52, 'CFM_853'),
(1550, 52, 'CFM_853'),
(1551, 52, 'CFM_754'),
(1552, 52, 'CFM_754'),
(1553, 52, 'OG_218'),
(1554, 52, 'OG_218'),
(1555, 52, 'CFM_631'),
(1556, 52, 'CFM_756'),
(1557, 52, 'CFM_756'),
(1558, 52, 'CFM_668'),
(1559, 52, 'CFM_328'),
(1560, 52, 'CFM_685'),
(1561, 53, 'CFM_305'),
(1562, 53, 'CFM_305'),
(1563, 53, 'CFM_800'),
(1564, 53, 'CFM_800'),
(1565, 53, 'CFM_759'),
(1566, 53, 'CFM_759'),
(1567, 53, 'EX1_619'),
(1568, 53, 'EX1_619'),
(1569, 53, 'NEW1_020'),
(1570, 53, 'NEW1_020'),
(1571, 53, 'CFM_753'),
(1572, 53, 'CFM_753'),
(1573, 53, 'LOE_077'),
(1574, 53, 'CFM_815'),
(1575, 53, 'EX1_349'),
(1576, 53, 'EX1_349'),
(1577, 53, 'CFM_853'),
(1578, 53, 'CFM_853'),
(1579, 53, 'CS2_093'),
(1580, 53, 'CS2_093'),
(1581, 53, 'CS2_097'),
(1582, 53, 'CS2_097'),
(1583, 53, 'CFM_639'),
(1584, 53, 'CFM_639'),
(1585, 53, 'CFM_668'),
(1586, 53, 'CFM_668'),
(1587, 53, 'BRM_028'),
(1588, 53, 'CFM_685'),
(1589, 53, 'OG_229'),
(1590, 53, 'EX1_383'),
(1591, 54, 'CFM_637'),
(1592, 54, 'CS2_188'),
(1593, 54, 'CFM_325'),
(1594, 54, 'CFM_325'),
(1595, 54, 'OG_221'),
(1596, 54, 'OG_221'),
(1597, 54, 'CFM_305'),
(1598, 54, 'CS2_091'),
(1599, 54, 'CS2_091'),
(1600, 54, 'CFM_305'),
(1601, 54, 'EX1_008'),
(1602, 54, 'EX1_008'),
(1603, 54, 'CFM_759'),
(1604, 54, 'LOE_076'),
(1605, 54, 'CFM_759'),
(1606, 54, 'CS2_188'),
(1607, 54, 'CS2_146'),
(1608, 54, 'CS2_146'),
(1609, 54, 'BRM_022'),
(1610, 54, 'BRM_022'),
(1611, 54, 'NEW1_019'),
(1612, 54, 'NEW1_019'),
(1613, 54, 'EX1_066'),
(1614, 54, 'CFM_753'),
(1615, 54, 'CFM_753'),
(1616, 54, 'AT_087'),
(1617, 54, 'CFM_905'),
(1618, 54, 'CFM_905'),
(1619, 54, 'EX1_366'),
(1620, 54, 'EX1_116'),
(1621, 55, 'EX1_621'),
(1622, 55, 'CS2_235'),
(1623, 55, 'AT_055'),
(1624, 55, 'CS2_004'),
(1625, 55, 'AT_082'),
(1626, 55, 'EX1_011'),
(1627, 55, 'AT_080'),
(1628, 55, 'AT_015'),
(1629, 55, 'LOE_006'),
(1630, 55, 'CFM_659'),
(1631, 55, 'AT_089'),
(1632, 55, 'CS2_234'),
(1633, 55, 'EX1_007'),
(1634, 55, 'AT_115'),
(1635, 55, 'EX1_622'),
(1636, 55, 'CS2_117'),
(1637, 55, 'AT_085'),
(1638, 55, 'AT_011'),
(1639, 55, 'EX1_345'),
(1640, 55, 'CFM_621'),
(1641, 55, 'AT_091'),
(1642, 55, 'KAR_035'),
(1643, 55, 'OG_234'),
(1644, 55, 'CS1_112'),
(1645, 55, 'CFM_020'),
(1646, 55, 'AT_132'),
(1647, 55, 'LOE_011'),
(1648, 55, 'LOE_104'),
(1649, 55, 'AT_018'),
(1650, 55, 'AT_120'),
(1651, 56, 'CS2_235'),
(1652, 56, 'BRM_004'),
(1653, 56, 'CS2_004'),
(1654, 56, 'CFM_661'),
(1655, 56, 'EX1_066'),
(1656, 56, 'CS2_234'),
(1657, 56, 'KAR_062'),
(1658, 56, 'CFM_790'),
(1659, 56, 'AT_116'),
(1660, 56, 'NEW1_021'),
(1661, 56, 'LOE_077'),
(1662, 56, 'CFM_649'),
(1663, 56, 'EX1_622'),
(1664, 56, 'CFM_626'),
(1665, 56, 'EX1_085'),
(1666, 56, 'AT_017'),
(1667, 56, 'CFM_621'),
(1668, 56, 'CFM_605'),
(1669, 56, 'BRM_034'),
(1670, 56, 'EX1_284'),
(1671, 56, 'CS1_112'),
(1672, 56, 'CFM_020'),
(1673, 56, 'CFM_657'),
(1674, 56, 'EX1_091'),
(1675, 56, 'KAR_033'),
(1676, 56, 'CFM_662'),
(1677, 56, 'LOE_011'),
(1678, 56, 'LOE_104'),
(1679, 56, 'AT_123'),
(1680, 56, 'EX1_572'),
(1681, 57, 'CFM_315'),
(1682, 57, 'CFM_315'),
(1683, 57, 'OG_179'),
(1684, 57, 'BRM_013'),
(1685, 57, 'LOE_046'),
(1686, 57, 'KAR_005'),
(1687, 57, 'KAR_005'),
(1688, 57, 'BRM_013'),
(1689, 57, 'LOE_046'),
(1690, 57, 'EX1_611'),
(1691, 57, 'EX1_610'),
(1692, 57, 'EX1_610'),
(1693, 57, 'KAR_004'),
(1694, 57, 'KAR_004'),
(1695, 57, 'EX1_536'),
(1696, 57, 'EX1_536'),
(1697, 57, 'EX1_539'),
(1698, 57, 'CFM_316'),
(1699, 57, 'KAR_006'),
(1700, 57, 'CFM_316'),
(1701, 57, 'NEW1_031'),
(1702, 57, 'NEW1_031'),
(1703, 57, 'EX1_539'),
(1704, 57, 'KAR_006'),
(1705, 57, 'EX1_538'),
(1706, 57, 'OG_216'),
(1707, 57, 'OG_216'),
(1708, 57, 'DS1_070'),
(1709, 57, 'DS1_070'),
(1710, 57, 'EX1_116'),
(1711, 58, 'EX1_144'),
(1712, 58, 'EX1_144'),
(1713, 58, 'CS2_072'),
(1714, 58, 'CS2_072'),
(1715, 58, 'CFM_325'),
(1716, 58, 'BRM_007'),
(1717, 58, 'BRM_007'),
(1718, 58, 'CFM_691'),
(1719, 58, 'CFM_691'),
(1720, 58, 'EX1_049'),
(1721, 58, 'OG_330'),
(1722, 58, 'CFM_690'),
(1723, 58, 'EX1_124'),
(1724, 58, 'EX1_124'),
(1725, 58, 'EX1_049'),
(1726, 58, 'OG_330'),
(1727, 58, 'CFM_690'),
(1728, 58, 'EX1_581'),
(1729, 58, 'EX1_581'),
(1730, 58, 'LOE_019'),
(1731, 58, 'LOE_019'),
(1732, 58, 'EX1_129'),
(1733, 58, 'EX1_129'),
(1734, 58, 'KAR_114'),
(1735, 58, 'CFM_715'),
(1736, 58, 'CFM_715'),
(1737, 58, 'EX1_284'),
(1738, 58, 'EX1_284'),
(1739, 58, 'BRM_008'),
(1740, 58, 'CFM_902'),
(1741, 59, 'CS2_004'),
(1742, 59, 'CS2_004'),
(1743, 59, 'CFM_661'),
(1744, 59, 'CFM_661'),
(1745, 59, 'CFM_603'),
(1746, 59, 'CFM_603'),
(1747, 59, 'CS2_234'),
(1748, 59, 'CS2_234'),
(1749, 59, 'NEW1_020'),
(1750, 59, 'NEW1_020'),
(1751, 59, 'EX1_096'),
(1752, 59, 'EX1_096'),
(1753, 59, 'EX1_007'),
(1754, 59, 'EX1_007'),
(1755, 59, 'EX1_339'),
(1756, 59, 'EX1_339'),
(1757, 59, 'EX1_622'),
(1758, 59, 'EX1_622'),
(1759, 59, 'LOE_079'),
(1760, 59, 'OG_100'),
(1761, 59, 'OG_100'),
(1762, 59, 'CFM_604'),
(1763, 59, 'KAR_035'),
(1764, 59, 'KAR_035'),
(1765, 59, 'LOE_111'),
(1766, 59, 'EX1_091'),
(1767, 59, 'EX1_091'),
(1768, 59, 'AT_132'),
(1769, 59, 'CFM_662'),
(1770, 59, 'EX1_016'),
(1771, 60, 'EX1_145'),
(1772, 60, 'EX1_145'),
(1773, 60, 'CS2_072'),
(1774, 60, 'CS2_072'),
(1775, 60, 'CFM_325'),
(1776, 60, 'EX1_128'),
(1777, 60, 'KAR_069'),
(1778, 60, 'CFM_325'),
(1779, 60, 'KAR_069'),
(1780, 60, 'CS2_073'),
(1781, 60, 'CS2_073'),
(1782, 60, 'CFM_637'),
(1783, 60, 'CS2_074'),
(1784, 60, 'EX1_124'),
(1785, 60, 'EX1_124'),
(1786, 60, 'EX1_012'),
(1787, 60, 'EX1_581'),
(1788, 60, 'EX1_581'),
(1789, 60, 'EX1_134'),
(1790, 60, 'EX1_134'),
(1791, 60, 'EX1_613'),
(1792, 60, 'EX1_129'),
(1793, 60, 'EX1_129'),
(1794, 60, 'LOE_012'),
(1795, 60, 'LOE_012'),
(1796, 60, 'EX1_284'),
(1797, 60, 'EX1_284'),
(1798, 60, 'EX1_116'),
(1799, 60, 'EX1_095'),
(1800, 60, 'EX1_095'),
(1801, 61, 'CS2_235'),
(1802, 61, 'CS2_235'),
(1803, 61, 'BRM_004'),
(1804, 61, 'BRM_004'),
(1805, 61, 'AT_116'),
(1806, 61, 'AT_116'),
(1807, 61, 'CS2_234'),
(1808, 61, 'CS2_234'),
(1809, 61, 'KAR_062'),
(1810, 61, 'KAR_062'),
(1811, 61, 'LOE_077'),
(1812, 61, 'EX1_622'),
(1813, 61, 'CFM_626'),
(1814, 61, 'CFM_626'),
(1815, 61, 'BRM_033'),
(1816, 61, 'BRM_033'),
(1817, 61, 'AT_017'),
(1818, 61, 'AT_017'),
(1819, 61, 'CFM_605'),
(1820, 61, 'BRM_034'),
(1821, 61, 'CFM_605'),
(1822, 61, 'BRM_034'),
(1823, 61, 'EX1_284'),
(1824, 61, 'EX1_284'),
(1825, 61, 'CS1_112'),
(1826, 61, 'KAR_033'),
(1827, 61, 'CFM_662'),
(1828, 61, 'CFM_662'),
(1829, 61, 'LOE_104'),
(1830, 61, 'LOE_104'),
(1831, 62, 'CFM_325'),
(1832, 62, 'CFM_325'),
(1833, 62, 'CFM_305'),
(1834, 62, 'CFM_305'),
(1835, 62, 'LOE_076'),
(1836, 62, 'CFM_637'),
(1837, 62, 'CS2_146'),
(1838, 62, 'CS2_146'),
(1839, 62, 'NEW1_018'),
(1840, 62, 'NEW1_018'),
(1841, 62, 'AT_077'),
(1842, 62, 'EX1_066'),
(1843, 62, 'CFM_753'),
(1844, 62, 'CFM_753'),
(1845, 62, 'CFM_815'),
(1846, 62, 'AT_087'),
(1847, 62, 'AT_087'),
(1848, 62, 'EX1_349'),
(1849, 62, 'EX1_349'),
(1850, 62, 'OG_222'),
(1851, 62, 'CFM_853'),
(1852, 62, 'NEW1_022'),
(1853, 62, 'NEW1_022'),
(1854, 62, 'LOE_017'),
(1855, 62, 'LOE_017'),
(1856, 62, 'CS2_097'),
(1857, 62, 'CS2_097'),
(1858, 62, 'EX1_116'),
(1859, 62, 'EX1_067'),
(1860, 62, 'EX1_383'),
(1861, 63, 'EX1_621'),
(1862, 63, 'EX1_621'),
(1863, 63, 'CS2_235'),
(1864, 63, 'CS2_235'),
(1865, 63, 'CS1_129'),
(1866, 63, 'CS1_129'),
(1867, 63, 'CS2_004'),
(1868, 63, 'CS2_004'),
(1869, 63, 'CS2_234'),
(1870, 63, 'CS2_234'),
(1871, 63, 'NEW1_020'),
(1872, 63, 'NEW1_020'),
(1873, 63, 'BRM_017'),
(1874, 63, 'BRM_017'),
(1875, 63, 'CS2_236'),
(1876, 63, 'CS2_236'),
(1877, 63, 'EX1_007'),
(1878, 63, 'CS2_181'),
(1879, 63, 'CS2_181'),
(1880, 63, 'EX1_622'),
(1881, 63, 'CFM_626'),
(1882, 63, 'CFM_626'),
(1883, 63, 'CFM_067'),
(1884, 63, 'CFM_067'),
(1885, 63, 'KAR_035'),
(1886, 63, 'KAR_035'),
(1887, 63, 'EX1_591'),
(1888, 63, 'EX1_591'),
(1889, 63, 'KAR_204'),
(1890, 63, 'KAR_204'),
(1891, 64, 'EX1_410'),
(1892, 64, 'EX1_410'),
(1893, 64, 'CS2_106'),
(1894, 64, 'CS2_106'),
(1895, 64, 'CFM_300'),
(1896, 64, 'CFM_300'),
(1897, 64, 'EX1_402'),
(1898, 64, 'EX1_402'),
(1899, 64, 'EX1_392'),
(1900, 64, 'EX1_392'),
(1901, 64, 'CFM_752'),
(1902, 64, 'CFM_752'),
(1903, 64, 'EX1_007'),
(1904, 64, 'EX1_007'),
(1905, 64, 'EX1_604'),
(1906, 64, 'EX1_604'),
(1907, 64, 'LOE_022'),
(1908, 64, 'CFM_853'),
(1909, 64, 'LOE_022'),
(1910, 64, 'CFM_853'),
(1911, 64, 'CFM_754'),
(1912, 64, 'CFM_754'),
(1913, 64, 'OG_218'),
(1914, 64, 'OG_218'),
(1915, 64, 'CFM_631'),
(1916, 64, 'CFM_756'),
(1917, 64, 'CFM_756'),
(1918, 64, 'CFM_668'),
(1919, 64, 'CFM_328'),
(1920, 64, 'CFM_685'),
(1921, 65, 'DS1_175'),
(1922, 65, 'DS1_175'),
(1923, 65, 'CS2_084'),
(1924, 65, 'OG_179'),
(1925, 65, 'OG_179'),
(1926, 65, 'LOE_105'),
(1927, 65, 'EX1_609'),
(1928, 65, 'EX1_609'),
(1929, 65, 'EX1_531'),
(1930, 65, 'EX1_531'),
(1931, 65, 'AT_061'),
(1932, 65, 'GVG_017'),
(1933, 65, 'GVG_017'),
(1934, 65, 'EX1_611'),
(1935, 65, 'EX1_611'),
(1936, 65, 'EX1_610'),
(1937, 65, 'EX1_610'),
(1938, 65, 'AT_060'),
(1939, 65, 'EX1_536'),
(1940, 65, 'EX1_536'),
(1941, 65, 'KAR_006'),
(1942, 65, 'KAR_006'),
(1943, 65, 'EX1_539'),
(1944, 65, 'EX1_539'),
(1945, 65, 'EX1_538'),
(1946, 65, 'EX1_617'),
(1947, 65, 'EX1_617'),
(1948, 65, 'DS1_070'),
(1949, 65, 'DS1_183'),
(1950, 65, 'EX1_543'),
(1951, 66, 'OG_086'),
(1952, 66, 'AT_004'),
(1953, 66, 'AT_004'),
(1954, 66, 'NEW1_012'),
(1955, 66, 'NEW1_012'),
(1956, 66, 'CS2_027'),
(1957, 66, 'EX1_277'),
(1958, 66, 'EX1_277'),
(1959, 66, 'CS2_024'),
(1960, 66, 'CS2_024'),
(1961, 66, 'EX1_608'),
(1962, 66, 'EX1_608'),
(1963, 66, 'OG_303'),
(1964, 66, 'OG_303'),
(1965, 66, 'CS2_023'),
(1966, 66, 'CS2_023'),
(1967, 66, 'CS2_033'),
(1968, 66, 'CS2_033'),
(1969, 66, 'CS2_029'),
(1970, 66, 'CS2_029'),
(1971, 66, 'EX1_284'),
(1972, 66, 'EX1_284'),
(1973, 66, 'LOE_003'),
(1974, 66, 'OG_090'),
(1975, 66, 'OG_207'),
(1976, 66, 'BRM_028'),
(1977, 66, 'CS2_032'),
(1978, 66, 'KAR_076'),
(1979, 66, 'EX1_298'),
(1980, 66, 'EX1_563'),
(1981, 67, 'EX1_244'),
(1982, 67, 'EX1_244'),
(1983, 67, 'EX1_251'),
(1984, 67, 'EX1_251'),
(1985, 67, 'LOE_018'),
(1986, 67, 'LOE_018'),
(1987, 67, 'OG_023'),
(1988, 67, 'OG_023'),
(1989, 67, 'EX1_238'),
(1990, 67, 'EX1_238'),
(1991, 67, 'AT_052'),
(1992, 67, 'AT_052'),
(1993, 67, 'EX1_565'),
(1994, 67, 'EX1_565'),
(1995, 67, 'OG_156'),
(1996, 67, 'OG_156'),
(1997, 67, 'EX1_246'),
(1998, 67, 'EX1_246'),
(1999, 67, 'EX1_575'),
(2000, 67, 'EX1_575'),
(2001, 67, 'AT_046'),
(2002, 67, 'AT_046'),
(2003, 67, 'EX1_258'),
(2004, 67, 'EX1_258'),
(2005, 67, 'OG_024'),
(2006, 67, 'OG_024'),
(2007, 67, 'OG_031'),
(2008, 67, 'AT_049'),
(2009, 67, 'AT_049'),
(2010, 67, 'OG_028'),
(2011, 68, 'KAR_063'),
(2012, 68, 'KAR_063'),
(2013, 68, 'EX1_238'),
(2014, 68, 'EX1_238'),
(2015, 68, 'LOE_018'),
(2016, 68, 'LOE_018'),
(2017, 68, 'AT_052'),
(2018, 68, 'AT_052'),
(2019, 68, 'KAR_073'),
(2020, 68, 'KAR_073'),
(2021, 68, 'EX1_565'),
(2022, 68, 'EX1_565'),
(2023, 68, 'EX1_248'),
(2024, 68, 'EX1_259'),
(2025, 68, 'EX1_575'),
(2026, 68, 'EX1_246'),
(2027, 68, 'EX1_246'),
(2028, 68, 'EX1_259'),
(2029, 68, 'AT_046'),
(2030, 68, 'OG_024'),
(2031, 68, 'EX1_284'),
(2032, 68, 'EX1_284'),
(2033, 68, 'CS2_046'),
(2034, 68, 'AT_049'),
(2035, 68, 'AT_049'),
(2036, 68, 'OG_028'),
(2037, 68, 'OG_028'),
(2038, 68, 'CS2_042'),
(2039, 68, 'CS2_042'),
(2040, 68, 'NEW1_010'),
(2041, 69, 'KAR_063'),
(2042, 69, 'KAR_063'),
(2043, 69, 'EX1_238'),
(2044, 69, 'EX1_238'),
(2045, 69, 'LOE_018'),
(2046, 69, 'LOE_018'),
(2047, 69, 'AT_052'),
(2048, 69, 'AT_052'),
(2049, 69, 'KAR_073'),
(2050, 69, 'KAR_073'),
(2051, 69, 'EX1_012'),
(2052, 69, 'EX1_565'),
(2053, 69, 'EX1_565'),
(2054, 69, 'EX1_248'),
(2055, 69, 'EX1_246'),
(2056, 69, 'EX1_246'),
(2057, 69, 'EX1_248'),
(2058, 69, 'EX1_259'),
(2059, 69, 'EX1_259'),
(2060, 69, 'EX1_575'),
(2061, 69, 'KAR_114'),
(2062, 69, 'CS2_046'),
(2063, 69, 'EX1_284'),
(2064, 69, 'EX1_284'),
(2065, 69, 'AT_049'),
(2066, 69, 'AT_049'),
(2067, 69, 'OG_028'),
(2068, 69, 'OG_028'),
(2069, 69, 'CS2_042'),
(2070, 69, 'EX1_298'),
(2071, 70, 'EX1_621'),
(2072, 70, 'EX1_621'),
(2073, 70, 'CS2_235'),
(2074, 70, 'CS2_235'),
(2075, 70, 'CS2_004'),
(2076, 70, 'CS2_004'),
(2077, 70, 'LOE_006'),
(2078, 70, 'CS2_234'),
(2079, 70, 'LOE_006'),
(2080, 70, 'CS2_234'),
(2081, 70, 'EX1_339'),
(2082, 70, 'EX1_339'),
(2083, 70, 'EX1_622'),
(2084, 70, 'EX1_622'),
(2085, 70, 'LOE_079'),
(2086, 70, 'EX1_334'),
(2087, 70, 'EX1_334'),
(2088, 70, 'KAR_035'),
(2089, 70, 'KAR_035'),
(2090, 70, 'EX1_591'),
(2091, 70, 'EX1_591'),
(2092, 70, 'CS1_112'),
(2093, 70, 'LOE_111'),
(2094, 70, 'LOE_111'),
(2095, 70, 'LOE_104'),
(2096, 70, 'LOE_104'),
(2097, 70, 'KAR_097'),
(2098, 70, 'CS1_113'),
(2099, 70, 'KAR_711'),
(2100, 70, 'KAR_711'),
(2101, 71, 'EX1_244'),
(2102, 71, 'EX1_244'),
(2103, 71, 'KAR_063'),
(2104, 71, 'KAR_063'),
(2105, 71, 'EX1_238'),
(2106, 71, 'EX1_238'),
(2107, 71, 'OG_023'),
(2108, 71, 'OG_023'),
(2109, 71, 'AT_052'),
(2110, 71, 'AT_052'),
(2111, 71, 'KAR_073'),
(2112, 71, 'KAR_073'),
(2113, 71, 'EX1_012'),
(2114, 71, 'EX1_565'),
(2115, 71, 'EX1_565'),
(2116, 71, 'EX1_246'),
(2117, 71, 'EX1_246'),
(2118, 71, 'EX1_259'),
(2119, 71, 'EX1_575'),
(2120, 71, 'EX1_575'),
(2121, 71, 'KAR_021'),
(2122, 71, 'KAR_021'),
(2123, 71, 'CS2_046'),
(2124, 71, 'EX1_284'),
(2125, 71, 'EX1_284'),
(2126, 71, 'AT_049'),
(2127, 71, 'AT_049'),
(2128, 71, 'OG_028'),
(2129, 71, 'OG_028'),
(2130, 71, 'EX1_298'),
(2131, 72, 'EX1_410'),
(2132, 72, 'EX1_410'),
(2133, 72, 'CS2_106'),
(2134, 72, 'CS2_106'),
(2135, 72, 'CS2_108'),
(2136, 72, 'CS2_108'),
(2137, 72, 'OG_281'),
(2138, 72, 'BRM_015'),
(2139, 72, 'EX1_007'),
(2140, 72, 'EX1_007'),
(2141, 72, 'LOE_077'),
(2142, 72, 'OG_162'),
(2143, 72, 'OG_162'),
(2144, 72, 'OG_149'),
(2145, 72, 'OG_149'),
(2146, 72, 'EX1_606'),
(2147, 72, 'EX1_606'),
(2148, 72, 'OG_283'),
(2149, 72, 'OG_283'),
(2150, 72, 'EX1_407'),
(2151, 72, 'EX1_407'),
(2152, 72, 'AT_132'),
(2153, 72, 'EX1_016'),
(2154, 72, 'BRM_028'),
(2155, 72, 'OG_131'),
(2156, 72, 'OG_301'),
(2157, 72, 'OG_301'),
(2158, 72, 'EX1_411'),
(2159, 72, 'OG_255'),
(2160, 72, 'OG_280'),
(2161, 73, 'EX1_508'),
(2162, 73, 'OG_006'),
(2163, 73, 'EX1_508'),
(2164, 73, 'EX1_360'),
(2165, 73, 'EX1_130'),
(2166, 73, 'AT_073'),
(2167, 73, 'EX1_509'),
(2168, 73, 'EX1_509'),
(2169, 73, 'OG_156'),
(2170, 73, 'CS2_173'),
(2171, 73, 'CS2_173'),
(2172, 73, 'NEW1_020'),
(2173, 73, 'NEW1_020'),
(2174, 73, 'EX1_507'),
(2175, 73, 'OG_310'),
(2176, 73, 'EX1_050'),
(2177, 73, 'EX1_382'),
(2178, 73, 'EX1_103'),
(2179, 73, 'EX1_103'),
(2180, 73, 'KAR_095'),
(2181, 73, 'CS2_092'),
(2182, 73, 'AT_076'),
(2183, 73, 'CS2_093'),
(2184, 73, 'CS2_093'),
(2185, 73, 'CS2_097'),
(2186, 73, 'OG_161'),
(2187, 73, 'KAR_061'),
(2188, 73, 'EX1_383'),
(2189, 73, 'LOE_026'),
(2190, 73, 'LOE_026'),
(2191, 74, 'OG_061'),
(2192, 74, 'OG_061'),
(2193, 74, 'CS2_084'),
(2194, 74, 'CS2_084'),
(2195, 74, 'OG_179'),
(2196, 74, 'OG_179'),
(2197, 74, 'DS1_185'),
(2198, 74, 'DS1_185'),
(2199, 74, 'EX1_533'),
(2200, 74, 'AT_058'),
(2201, 74, 'AT_058'),
(2202, 74, 'BRM_013'),
(2203, 74, 'BRM_013'),
(2204, 74, 'EX1_611'),
(2205, 74, 'EX1_610'),
(2206, 74, 'EX1_610'),
(2207, 74, 'EX1_617'),
(2208, 74, 'EX1_539'),
(2209, 74, 'EX1_536'),
(2210, 74, 'NEW1_031'),
(2211, 74, 'NEW1_031'),
(2212, 74, 'EX1_536'),
(2213, 74, 'EX1_539'),
(2214, 74, 'EX1_538'),
(2215, 74, 'EX1_538'),
(2216, 74, 'CS2_237'),
(2217, 74, 'EX1_534'),
(2218, 74, 'EX1_534'),
(2219, 74, 'BRM_028'),
(2220, 74, 'EX1_563'),
(2221, 75, 'CS2_235'),
(2222, 75, 'CS2_235'),
(2223, 75, 'CS2_004'),
(2224, 75, 'CS2_234'),
(2225, 75, 'CS2_234'),
(2226, 75, 'KAR_062'),
(2227, 75, 'KAR_062'),
(2228, 75, 'LOE_077'),
(2229, 75, 'EX1_622'),
(2230, 75, 'EX1_622'),
(2231, 75, 'BRM_033'),
(2232, 75, 'BRM_033'),
(2233, 75, 'EX1_043'),
(2234, 75, 'EX1_043'),
(2235, 75, 'AT_017'),
(2236, 75, 'AT_017'),
(2237, 75, 'BRM_034'),
(2238, 75, 'BRM_034'),
(2239, 75, 'EX1_284'),
(2240, 75, 'EX1_284'),
(2241, 75, 'LOE_111'),
(2242, 75, 'LOE_111'),
(2243, 75, 'KAR_033'),
(2244, 75, 'KAR_033'),
(2245, 75, 'EX1_016'),
(2246, 75, 'LOE_104'),
(2247, 75, 'LOE_104'),
(2248, 75, 'EX1_298'),
(2249, 75, 'EX1_572'),
(2250, 75, 'NEW1_030'),
(2251, 76, 'EX1_621'),
(2252, 76, 'CS2_235'),
(2253, 76, 'CS2_235'),
(2254, 76, 'BRM_004'),
(2255, 76, 'BRM_004'),
(2256, 76, 'CS2_004'),
(2257, 76, 'CS2_004'),
(2258, 76, 'AT_116'),
(2259, 76, 'AT_116'),
(2260, 76, 'CS2_234'),
(2261, 76, 'KAR_062'),
(2262, 76, 'KAR_062'),
(2263, 76, 'LOE_077'),
(2264, 76, 'EX1_622'),
(2265, 76, 'BRM_033'),
(2266, 76, 'BRM_033'),
(2267, 76, 'AT_017'),
(2268, 76, 'AT_017'),
(2269, 76, 'EX1_591'),
(2270, 76, 'BRM_034'),
(2271, 76, 'BRM_034'),
(2272, 76, 'EX1_284'),
(2273, 76, 'EX1_284'),
(2274, 76, 'CS1_112'),
(2275, 76, 'CS1_112'),
(2276, 76, 'KAR_033'),
(2277, 76, 'KAR_033'),
(2278, 76, 'AT_123'),
(2279, 76, 'EX1_298'),
(2280, 76, 'EX1_572'),
(2281, 77, 'EX1_169'),
(2282, 77, 'EX1_169'),
(2283, 77, 'EX1_578'),
(2284, 77, 'EX1_578'),
(2285, 77, 'LOE_115'),
(2286, 77, 'LOE_115'),
(2287, 77, 'CS2_013'),
(2288, 77, 'EX1_154'),
(2289, 77, 'CS2_013'),
(2290, 77, 'EX1_154'),
(2291, 77, 'OG_047'),
(2292, 77, 'OG_047'),
(2293, 77, 'LOE_050'),
(2294, 77, 'LOE_050'),
(2295, 77, 'AT_039'),
(2296, 77, 'AT_039'),
(2297, 77, 'OG_044'),
(2298, 77, 'CS2_012'),
(2299, 77, 'CS2_012'),
(2300, 77, 'EX1_284'),
(2301, 77, 'EX1_284'),
(2302, 77, 'EX1_164'),
(2303, 77, 'EX1_164'),
(2304, 77, 'EX1_110'),
(2305, 77, 'AT_132'),
(2306, 77, 'EX1_016'),
(2307, 77, 'EX1_178'),
(2308, 77, 'KAR_061'),
(2309, 77, 'EX1_573'),
(2310, 77, 'OG_133'),
(2311, 78, 'CS2_065'),
(2312, 78, 'EX1_319'),
(2313, 78, 'EX1_319'),
(2314, 78, 'EX1_008'),
(2315, 78, 'EX1_008'),
(2316, 78, 'EX1_308'),
(2317, 78, 'CS2_065'),
(2318, 78, 'OG_241'),
(2319, 78, 'OG_241'),
(2320, 78, 'CS2_188'),
(2321, 78, 'CS2_188'),
(2322, 78, 'EX1_302'),
(2323, 78, 'EX1_059'),
(2324, 78, 'NEW1_019'),
(2325, 78, 'NEW1_019'),
(2326, 78, 'LOE_023'),
(2327, 78, 'LOE_023'),
(2328, 78, 'EX1_066'),
(2329, 78, 'EX1_162'),
(2330, 78, 'EX1_162'),
(2331, 78, 'LOE_077'),
(2332, 78, 'BRM_006'),
(2333, 78, 'BRM_006'),
(2334, 78, 'OG_113'),
(2335, 78, 'OG_113'),
(2336, 78, 'EX1_093'),
(2337, 78, 'EX1_093'),
(2338, 78, 'EX1_310'),
(2339, 78, 'EX1_310'),
(2340, 78, 'EX1_586'),
(2341, 79, 'AT_004'),
(2342, 79, 'AT_004'),
(2343, 79, 'NEW1_012'),
(2344, 79, 'NEW1_012'),
(2345, 79, 'KAR_009'),
(2346, 79, 'KAR_009'),
(2347, 79, 'EX1_277'),
(2348, 79, 'EX1_277'),
(2349, 79, 'CS2_024'),
(2350, 79, 'CS2_024'),
(2351, 79, 'CS2_025'),
(2352, 79, 'EX1_608'),
(2353, 79, 'EX1_608'),
(2354, 79, 'OG_303'),
(2355, 79, 'OG_303'),
(2356, 79, 'EX1_012'),
(2357, 79, 'BRM_002'),
(2358, 79, 'BRM_002'),
(2359, 79, 'CS2_023'),
(2360, 79, 'CS2_023'),
(2361, 79, 'LOE_002'),
(2362, 79, 'LOE_002'),
(2363, 79, 'CS2_033'),
(2364, 79, 'CS2_029'),
(2365, 79, 'CS2_029'),
(2366, 79, 'EX1_284'),
(2367, 79, 'EX1_284'),
(2368, 79, 'KAR_076'),
(2369, 79, 'KAR_076'),
(2370, 79, 'EX1_298'),
(2371, 80, 'EX1_080'),
(2372, 80, 'DS1_184'),
(2373, 80, 'EX1_008'),
(2374, 80, 'OG_179'),
(2375, 80, 'OG_179'),
(2376, 80, 'EX1_080'),
(2377, 80, 'DS1_184'),
(2378, 80, 'BRM_013'),
(2379, 80, 'AT_060'),
(2380, 80, 'KAR_005'),
(2381, 80, 'EX1_609'),
(2382, 80, 'EX1_611'),
(2383, 80, 'EX1_610'),
(2384, 80, 'EX1_554'),
(2385, 80, 'KAR_005'),
(2386, 80, 'BRM_013'),
(2387, 80, 'EX1_611'),
(2388, 80, 'KAR_004'),
(2389, 80, 'KAR_004'),
(2390, 80, 'EX1_536'),
(2391, 80, 'EX1_536'),
(2392, 80, 'KAR_006'),
(2393, 80, 'KAR_006'),
(2394, 80, 'AT_087'),
(2395, 80, 'AT_087'),
(2396, 80, 'EX1_539'),
(2397, 80, 'EX1_539'),
(2398, 80, 'EX1_538'),
(2399, 80, 'EX1_538'),
(2400, 80, 'EX1_116'),
(2401, 81, 'EX1_145'),
(2402, 81, 'EX1_145'),
(2403, 81, 'CS2_072'),
(2404, 81, 'CS2_072'),
(2405, 81, 'EX1_128'),
(2406, 81, 'KAR_069'),
(2407, 81, 'KAR_069'),
(2408, 81, 'CS2_073'),
(2409, 81, 'CS2_073'),
(2410, 81, 'CS2_074'),
(2411, 81, 'EX1_278'),
(2412, 81, 'EX1_124'),
(2413, 81, 'EX1_124'),
(2414, 81, 'EX1_012'),
(2415, 81, 'EX1_581'),
(2416, 81, 'EX1_581'),
(2417, 81, 'EX1_134'),
(2418, 81, 'EX1_134'),
(2419, 81, 'OG_176'),
(2420, 81, 'EX1_613'),
(2421, 81, 'EX1_129'),
(2422, 81, 'EX1_129'),
(2423, 81, 'LOE_012'),
(2424, 81, 'LOE_012'),
(2425, 81, 'EX1_284'),
(2426, 81, 'EX1_284'),
(2427, 81, 'BRM_008'),
(2428, 81, 'EX1_116'),
(2429, 81, 'EX1_095'),
(2430, 81, 'EX1_095'),
(2431, 82, 'BRM_011'),
(2432, 82, 'BRM_011'),
(2433, 82, 'KAR_073'),
(2434, 82, 'KAR_073'),
(2435, 82, 'AT_053'),
(2436, 82, 'AT_053'),
(2437, 82, 'OG_206'),
(2438, 82, 'OG_206'),
(2439, 82, 'OG_162'),
(2440, 82, 'OG_162'),
(2441, 82, 'AT_048'),
(2442, 82, 'EX1_246'),
(2443, 82, 'EX1_246'),
(2444, 82, 'AT_048'),
(2445, 82, 'AT_051'),
(2446, 82, 'AT_051'),
(2447, 82, 'LOE_077'),
(2448, 82, 'EX1_259'),
(2449, 82, 'EX1_259'),
(2450, 82, 'EX1_575'),
(2451, 82, 'EX1_575'),
(2452, 82, 'LOE_079'),
(2453, 82, 'OG_283'),
(2454, 82, 'OG_283'),
(2455, 82, 'OG_321');
INSERT INTO `card_deck` (`card_deck_id`, `deck_id`, `card_id`) VALUES
(2456, 82, 'OG_209'),
(2457, 82, 'BRM_028'),
(2458, 82, 'OG_131'),
(2459, 82, 'OG_255'),
(2460, 82, 'OG_280'),
(2461, 83, 'CS2_087'),
(2462, 83, 'OG_221'),
(2463, 83, 'OG_221'),
(2464, 83, 'EX1_008'),
(2465, 83, 'EX1_008'),
(2466, 83, 'EX1_010'),
(2467, 83, 'EX1_010'),
(2468, 83, 'LOE_076'),
(2469, 83, 'CS2_188'),
(2470, 83, 'EX1_059'),
(2471, 83, 'EX1_059'),
(2472, 83, 'EX1_162'),
(2473, 83, 'EX1_362'),
(2474, 83, 'EX1_362'),
(2475, 83, 'AT_087'),
(2476, 83, 'AT_087'),
(2477, 83, 'OG_310'),
(2478, 83, 'OG_222'),
(2479, 83, 'OG_222'),
(2480, 83, 'EX1_349'),
(2481, 83, 'OG_310'),
(2482, 83, 'EX1_349'),
(2483, 83, 'CS2_092'),
(2484, 83, 'CS2_092'),
(2485, 83, 'CS2_093'),
(2486, 83, 'EX1_093'),
(2487, 83, 'LOE_017'),
(2488, 83, 'LOE_017'),
(2489, 83, 'CS2_097'),
(2490, 83, 'EX1_116'),
(2491, 84, 'EX1_332'),
(2492, 84, 'EX1_332'),
(2493, 84, 'CS2_235'),
(2494, 84, 'CS2_235'),
(2495, 84, 'BRM_004'),
(2496, 84, 'BRM_004'),
(2497, 84, 'CS2_004'),
(2498, 84, 'CS2_004'),
(2499, 84, 'AT_116'),
(2500, 84, 'AT_116'),
(2501, 84, 'EX1_058'),
(2502, 84, 'EX1_045'),
(2503, 84, 'EX1_045'),
(2504, 84, 'KAR_013'),
(2505, 84, 'KAR_013'),
(2506, 84, 'BRM_033'),
(2507, 84, 'BRM_033'),
(2508, 84, 'AT_017'),
(2509, 84, 'AT_017'),
(2510, 84, 'LOE_107'),
(2511, 84, 'LOE_107'),
(2512, 84, 'BRM_034'),
(2513, 84, 'BRM_034'),
(2514, 84, 'EX1_284'),
(2515, 84, 'EX1_284'),
(2516, 84, 'CS1_112'),
(2517, 84, 'BRM_024'),
(2518, 84, 'BRM_024'),
(2519, 84, 'KAR_033'),
(2520, 84, 'KAR_033'),
(2521, 85, 'OG_198'),
(2522, 85, 'NEW1_020'),
(2523, 85, 'CS2_173'),
(2524, 85, 'CS2_173'),
(2525, 85, 'NEW1_020'),
(2526, 85, 'EX1_619'),
(2527, 85, 'EX1_619'),
(2528, 85, 'EX1_096'),
(2529, 85, 'EX1_096'),
(2530, 85, 'NEW1_021'),
(2531, 85, 'NEW1_021'),
(2532, 85, 'EX1_007'),
(2533, 85, 'EX1_007'),
(2534, 85, 'EX1_507'),
(2535, 85, 'EX1_507'),
(2536, 85, 'EX1_382'),
(2537, 85, 'EX1_382'),
(2538, 85, 'KAR_114'),
(2539, 85, 'CS2_093'),
(2540, 85, 'CS2_093'),
(2541, 85, 'CS2_097'),
(2542, 85, 'CS2_097'),
(2543, 85, 'BRM_001'),
(2544, 85, 'BRM_001'),
(2545, 85, 'KAR_057'),
(2546, 85, 'KAR_057'),
(2547, 85, 'OG_229'),
(2548, 85, 'EX1_383'),
(2549, 85, 'LOE_026'),
(2550, 85, 'LOE_026'),
(2551, 86, 'AT_105'),
(2552, 86, 'AT_105'),
(2553, 86, 'DS1_184'),
(2554, 86, 'EX1_066'),
(2555, 86, 'KAR_005'),
(2556, 86, 'KAR_005'),
(2557, 86, 'BRM_013'),
(2558, 86, 'BRM_013'),
(2559, 86, 'EX1_611'),
(2560, 86, 'EX1_536'),
(2561, 86, 'LOE_020'),
(2562, 86, 'LOE_020'),
(2563, 86, 'EX1_536'),
(2564, 86, 'NEW1_031'),
(2565, 86, 'NEW1_031'),
(2566, 86, 'EX1_539'),
(2567, 86, 'EX1_539'),
(2568, 86, 'EX1_617'),
(2569, 86, 'EX1_617'),
(2570, 86, 'KAR_114'),
(2571, 86, 'OG_216'),
(2572, 86, 'OG_216'),
(2573, 86, 'DS1_070'),
(2574, 86, 'DS1_070'),
(2575, 86, 'DS1_178'),
(2576, 86, 'EX1_028'),
(2577, 86, 'EX1_534'),
(2578, 86, 'EX1_534'),
(2579, 86, 'EX1_298'),
(2580, 86, 'OG_211'),
(2581, 87, 'OG_312'),
(2582, 87, 'OG_312'),
(2583, 87, 'EX1_409'),
(2584, 87, 'OG_314'),
(2585, 87, 'OG_314'),
(2586, 87, 'LOE_076'),
(2587, 87, 'CS2_146'),
(2588, 87, 'CS2_146'),
(2589, 87, 'CS2_106'),
(2590, 87, 'CS2_106'),
(2591, 87, 'CS2_105'),
(2592, 87, 'CS2_105'),
(2593, 87, 'NEW1_018'),
(2594, 87, 'NEW1_018'),
(2595, 87, 'AT_094'),
(2596, 87, 'LOE_046'),
(2597, 87, 'LOE_046'),
(2598, 87, 'EX1_604'),
(2599, 87, 'EX1_604'),
(2600, 87, 'AT_087'),
(2601, 87, 'OG_315'),
(2602, 87, 'OG_315'),
(2603, 87, 'EX1_408'),
(2604, 87, 'EX1_408'),
(2605, 87, 'NEW1_022'),
(2606, 87, 'NEW1_011'),
(2607, 87, 'NEW1_011'),
(2608, 87, 'EX1_116'),
(2609, 87, 'CS2_112'),
(2610, 87, 'CS2_112'),
(2611, 88, 'EX1_169'),
(2612, 88, 'EX1_169'),
(2613, 88, 'LOE_115'),
(2614, 88, 'LOE_115'),
(2615, 88, 'AT_037'),
(2616, 88, 'AT_037'),
(2617, 88, 'CS2_013'),
(2618, 88, 'CS2_013'),
(2619, 88, 'EX1_154'),
(2620, 88, 'EX1_154'),
(2621, 88, 'EX1_160'),
(2622, 88, 'EX1_160'),
(2623, 88, 'EX1_012'),
(2624, 88, 'OG_047'),
(2625, 88, 'OG_047'),
(2626, 88, 'OG_202'),
(2627, 88, 'OG_044'),
(2628, 88, 'NEW1_026'),
(2629, 88, 'NEW1_026'),
(2630, 88, 'CS2_012'),
(2631, 88, 'CS2_012'),
(2632, 88, 'EX1_284'),
(2633, 88, 'EX1_284'),
(2634, 88, 'EX1_164'),
(2635, 88, 'EX1_164'),
(2636, 88, 'BRM_028'),
(2637, 88, 'EX1_178'),
(2638, 88, 'EX1_562'),
(2639, 88, 'KAR_711'),
(2640, 88, 'KAR_711'),
(2641, 89, 'EX1_145'),
(2642, 89, 'EX1_145'),
(2643, 89, 'CS2_072'),
(2644, 89, 'CS2_072'),
(2645, 89, 'EX1_128'),
(2646, 89, 'EX1_128'),
(2647, 89, 'CS2_073'),
(2648, 89, 'CS2_073'),
(2649, 89, 'CS2_074'),
(2650, 89, 'CS2_074'),
(2651, 89, 'OG_072'),
(2652, 89, 'EX1_124'),
(2653, 89, 'EX1_124'),
(2654, 89, 'EX1_012'),
(2655, 89, 'EX1_581'),
(2656, 89, 'EX1_581'),
(2657, 89, 'EX1_129'),
(2658, 89, 'EX1_613'),
(2659, 89, 'EX1_134'),
(2660, 89, 'OG_176'),
(2661, 89, 'EX1_044'),
(2662, 89, 'EX1_044'),
(2663, 89, 'EX1_134'),
(2664, 89, 'EX1_129'),
(2665, 89, 'LOE_012'),
(2666, 89, 'LOE_012'),
(2667, 89, 'EX1_284'),
(2668, 89, 'EX1_284'),
(2669, 89, 'EX1_116'),
(2670, 89, 'EX1_095'),
(2671, 90, 'CS2_065'),
(2672, 90, 'EX1_308'),
(2673, 90, 'EX1_308'),
(2674, 90, 'EX1_319'),
(2675, 90, 'EX1_319'),
(2676, 90, 'KAR_089'),
(2677, 90, 'KAR_089'),
(2678, 90, 'CS2_065'),
(2679, 90, 'OG_241'),
(2680, 90, 'OG_241'),
(2681, 90, 'CS2_188'),
(2682, 90, 'CS2_188'),
(2683, 90, 'NEW1_019'),
(2684, 90, 'NEW1_019'),
(2685, 90, 'LOE_023'),
(2686, 90, 'LOE_023'),
(2687, 90, 'EX1_162'),
(2688, 90, 'EX1_162'),
(2689, 90, 'OG_109'),
(2690, 90, 'OG_109'),
(2691, 90, 'BRM_006'),
(2692, 90, 'BRM_006'),
(2693, 90, 'KAR_205'),
(2694, 90, 'KAR_205'),
(2695, 90, 'OG_113'),
(2696, 90, 'OG_113'),
(2697, 90, 'EX1_093'),
(2698, 90, 'EX1_093'),
(2699, 90, 'EX1_310'),
(2700, 90, 'EX1_310'),
(2701, 91, 'EX1_607'),
(2702, 91, 'EX1_607'),
(2703, 91, 'CS2_103'),
(2704, 91, 'OG_314'),
(2705, 91, 'EX1_400'),
(2706, 91, 'EX1_400'),
(2707, 91, 'CS2_106'),
(2708, 91, 'EX1_603'),
(2709, 91, 'EX1_391'),
(2710, 91, 'EX1_391'),
(2711, 91, 'EX1_402'),
(2712, 91, 'EX1_402'),
(2713, 91, 'CS2_104'),
(2714, 91, 'EX1_392'),
(2715, 91, 'EX1_392'),
(2716, 91, 'NEW1_020'),
(2717, 91, 'NEW1_020'),
(2718, 91, 'CS2_106'),
(2719, 91, 'NEW1_036'),
(2720, 91, 'LOE_022'),
(2721, 91, 'EX1_007'),
(2722, 91, 'LOE_022'),
(2723, 91, 'OG_149'),
(2724, 91, 'OG_149'),
(2725, 91, 'EX1_007'),
(2726, 91, 'EX1_606'),
(2727, 91, 'EX1_606'),
(2728, 91, 'EX1_564'),
(2729, 91, 'AT_088'),
(2730, 91, 'BRM_028'),
(2731, 92, 'EX1_277'),
(2732, 92, 'AT_004'),
(2733, 92, 'AT_004'),
(2734, 92, 'NEW1_012'),
(2735, 92, 'NEW1_012'),
(2736, 92, 'CS2_027'),
(2737, 92, 'KAR_009'),
(2738, 92, 'KAR_009'),
(2739, 92, 'EX1_277'),
(2740, 92, 'CS2_024'),
(2741, 92, 'CS2_024'),
(2742, 92, 'EX1_608'),
(2743, 92, 'EX1_608'),
(2744, 92, 'OG_303'),
(2745, 92, 'OG_303'),
(2746, 92, 'BRM_002'),
(2747, 92, 'BRM_002'),
(2748, 92, 'CS2_023'),
(2749, 92, 'CS2_023'),
(2750, 92, 'CS2_029'),
(2751, 92, 'CS2_029'),
(2752, 92, 'EX1_284'),
(2753, 92, 'EX1_284'),
(2754, 92, 'OG_090'),
(2755, 92, 'OG_090'),
(2756, 92, 'CS2_028'),
(2757, 92, 'EX1_559'),
(2758, 92, 'CS2_032'),
(2759, 92, 'KAR_076'),
(2760, 92, 'KAR_097'),
(2761, 93, 'OG_101'),
(2762, 93, 'OG_101'),
(2763, 93, 'BRM_004'),
(2764, 93, 'BRM_004'),
(2765, 93, 'CS2_004'),
(2766, 93, 'CS2_004'),
(2767, 93, 'AT_116'),
(2768, 93, 'AT_116'),
(2769, 93, 'NEW1_023'),
(2770, 93, 'CS2_234'),
(2771, 93, 'KAR_062'),
(2772, 93, 'KAR_062'),
(2773, 93, 'EX1_625'),
(2774, 93, 'EX1_625'),
(2775, 93, 'EX1_622'),
(2776, 93, 'BRM_033'),
(2777, 93, 'EX1_334'),
(2778, 93, 'AT_017'),
(2779, 93, 'AT_017'),
(2780, 93, 'EX1_284'),
(2781, 93, 'EX1_284'),
(2782, 93, 'CS1_112'),
(2783, 93, 'EX1_091'),
(2784, 93, 'EX1_091'),
(2785, 93, 'LOE_104'),
(2786, 93, 'AT_123'),
(2787, 93, 'EX1_350'),
(2788, 93, 'EX1_298'),
(2789, 93, 'EX1_572'),
(2790, 93, 'NEW1_030'),
(2791, 94, 'CS2_045'),
(2792, 94, 'CS2_045'),
(2793, 94, 'KAR_063'),
(2794, 94, 'EX1_008'),
(2795, 94, 'EX1_008'),
(2796, 94, 'CS2_142'),
(2797, 94, 'AT_052'),
(2798, 94, 'AT_052'),
(2799, 94, 'KAR_073'),
(2800, 94, 'KAR_073'),
(2801, 94, 'OG_206'),
(2802, 94, 'EX1_565'),
(2803, 94, 'EX1_565'),
(2804, 94, 'EX1_246'),
(2805, 94, 'EX1_259'),
(2806, 94, 'EX1_259'),
(2807, 94, 'EX1_246'),
(2808, 94, 'EX1_575'),
(2809, 94, 'EX1_575'),
(2810, 94, 'AT_046'),
(2811, 94, 'AT_046'),
(2812, 94, 'EX1_284'),
(2813, 94, 'EX1_284'),
(2814, 94, 'AT_049'),
(2815, 94, 'AT_049'),
(2816, 94, 'OG_028'),
(2817, 94, 'OG_028'),
(2818, 94, 'CS2_042'),
(2819, 94, 'CS2_042'),
(2820, 94, 'EX1_298'),
(2821, 95, 'EX1_238'),
(2822, 95, 'EX1_238'),
(2823, 95, 'LOE_018'),
(2824, 95, 'LOE_018'),
(2825, 95, 'CS2_039'),
(2826, 95, 'CS2_039'),
(2827, 95, 'AT_053'),
(2828, 95, 'AT_053'),
(2829, 95, 'OG_206'),
(2830, 95, 'OG_206'),
(2831, 95, 'EX1_258'),
(2832, 95, 'EX1_258'),
(2833, 95, 'AT_051'),
(2834, 95, 'AT_051'),
(2835, 95, 'OG_174'),
(2836, 95, 'OG_174'),
(2837, 95, 'BRM_012'),
(2838, 95, 'BRM_012'),
(2839, 95, 'OG_024'),
(2840, 95, 'OG_024'),
(2841, 95, 'EX1_250'),
(2842, 95, 'EX1_250'),
(2843, 95, 'KAR_096'),
(2844, 95, 'EX1_564'),
(2845, 95, 'EX1_564'),
(2846, 95, 'EX1_564'),
(2847, 95, 'EX1_564'),
(2848, 95, 'AT_054'),
(2849, 95, 'KAR_711'),
(2850, 95, 'KAR_711'),
(2851, 96, 'CS2_065'),
(2852, 96, 'EX1_308'),
(2853, 96, 'EX1_308'),
(2854, 96, 'EX1_319'),
(2855, 96, 'EX1_319'),
(2856, 96, 'KAR_089'),
(2857, 96, 'KAR_089'),
(2858, 96, 'CS2_065'),
(2859, 96, 'OG_241'),
(2860, 96, 'OG_241'),
(2861, 96, 'CS2_188'),
(2862, 96, 'CS2_188'),
(2863, 96, 'NEW1_019'),
(2864, 96, 'NEW1_019'),
(2865, 96, 'LOE_023'),
(2866, 96, 'LOE_023'),
(2867, 96, 'EX1_162'),
(2868, 96, 'EX1_162'),
(2869, 96, 'OG_109'),
(2870, 96, 'OG_109'),
(2871, 96, 'BRM_006'),
(2872, 96, 'BRM_006'),
(2873, 96, 'KAR_205'),
(2874, 96, 'KAR_205'),
(2875, 96, 'OG_113'),
(2876, 96, 'OG_113'),
(2877, 96, 'EX1_093'),
(2878, 96, 'EX1_093'),
(2879, 96, 'EX1_310'),
(2880, 96, 'EX1_310'),
(2881, 97, 'EX1_607'),
(2882, 97, 'EX1_607'),
(2883, 97, 'CS2_108'),
(2884, 97, 'CS2_108'),
(2885, 97, 'EX1_400'),
(2886, 97, 'EX1_400'),
(2887, 97, 'CS2_106'),
(2888, 97, 'CS2_106'),
(2889, 97, 'EX1_393'),
(2890, 97, 'EX1_603'),
(2891, 97, 'EX1_603'),
(2892, 97, 'EX1_391'),
(2893, 97, 'EX1_391'),
(2894, 97, 'EX1_402'),
(2895, 97, 'EX1_402'),
(2896, 97, 'CS2_104'),
(2897, 97, 'CS2_104'),
(2898, 97, 'EX1_007'),
(2899, 97, 'EX1_007'),
(2900, 97, 'CS2_103'),
(2901, 97, 'CS2_103'),
(2902, 97, 'EX1_390'),
(2903, 97, 'AT_064'),
(2904, 97, 'AT_064'),
(2905, 97, 'EX1_412'),
(2906, 97, 'EX1_412'),
(2907, 97, 'CS2_179'),
(2908, 97, 'CS2_179'),
(2909, 97, 'EX1_564'),
(2910, 97, 'BRM_028'),
(2911, 98, 'OG_179'),
(2912, 98, 'OG_179'),
(2913, 98, 'AT_058'),
(2914, 98, 'AT_058'),
(2915, 98, 'EX1_162'),
(2916, 98, 'LOE_046'),
(2917, 98, 'LOE_046'),
(2918, 98, 'LOE_029'),
(2919, 98, 'KAR_005'),
(2920, 98, 'KAR_005'),
(2921, 98, 'BRM_013'),
(2922, 98, 'BRM_013'),
(2923, 98, 'EX1_536'),
(2924, 98, 'NEW1_031'),
(2925, 98, 'NEW1_031'),
(2926, 98, 'EX1_539'),
(2927, 98, 'EX1_539'),
(2928, 98, 'EX1_538'),
(2929, 98, 'EX1_617'),
(2930, 98, 'OG_216'),
(2931, 98, 'OG_216'),
(2932, 98, 'KAR_114'),
(2933, 98, 'DS1_070'),
(2934, 98, 'DS1_178'),
(2935, 98, 'EX1_534'),
(2936, 98, 'EX1_534'),
(2937, 98, 'EX1_016'),
(2938, 98, 'OG_211'),
(2939, 98, 'OG_211'),
(2940, 98, 'OG_133'),
(2941, 99, 'KAR_063'),
(2942, 99, 'KAR_063'),
(2943, 99, 'EX1_008'),
(2944, 99, 'EX1_008'),
(2945, 99, 'LOE_018'),
(2946, 99, 'LOE_018'),
(2947, 99, 'AT_052'),
(2948, 99, 'AT_052'),
(2949, 99, 'KAR_073'),
(2950, 99, 'EX1_012'),
(2951, 99, 'EX1_565'),
(2952, 99, 'EX1_565'),
(2953, 99, 'EX1_248'),
(2954, 99, 'EX1_246'),
(2955, 99, 'EX1_246'),
(2956, 99, 'EX1_259'),
(2957, 99, 'EX1_259'),
(2958, 99, 'EX1_575'),
(2959, 99, 'AT_046'),
(2960, 99, 'AT_046'),
(2961, 99, 'KAR_114'),
(2962, 99, 'OG_024'),
(2963, 99, 'EX1_284'),
(2964, 99, 'EX1_284'),
(2965, 99, 'AT_049'),
(2966, 99, 'AT_049'),
(2967, 99, 'OG_028'),
(2968, 99, 'OG_028'),
(2969, 99, 'CS2_042'),
(2970, 99, 'CS2_042'),
(2971, 100, 'AT_058'),
(2972, 100, 'AT_058'),
(2973, 100, 'EX1_066'),
(2974, 100, 'KAR_005'),
(2975, 100, 'KAR_005'),
(2976, 100, 'EX1_012'),
(2977, 100, 'BRM_013'),
(2978, 100, 'BRM_013'),
(2979, 100, 'NEW1_021'),
(2980, 100, 'OG_325'),
(2981, 100, 'AT_063t'),
(2982, 100, 'NEW1_031'),
(2983, 100, 'NEW1_031'),
(2984, 100, 'EX1_539'),
(2985, 100, 'EX1_539'),
(2986, 100, 'AT_056'),
(2987, 100, 'EX1_617'),
(2988, 100, 'EX1_617'),
(2989, 100, 'KAR_114'),
(2990, 100, 'OG_216'),
(2991, 100, 'OG_216'),
(2992, 100, 'DS1_070'),
(2993, 100, 'DS1_070'),
(2994, 100, 'NEW1_041'),
(2995, 100, 'EX1_534'),
(2996, 100, 'EX1_534'),
(2997, 100, 'EX1_016'),
(2998, 100, 'OG_211'),
(2999, 100, 'OG_211'),
(3000, 100, 'OG_133'),
(3001, 101, 'EX1_080'),
(3002, 101, 'EX1_080'),
(3003, 101, 'EX1_611'),
(3004, 101, 'KAR_005'),
(3005, 101, 'KAR_005'),
(3006, 101, 'EX1_609'),
(3007, 101, 'EX1_609'),
(3008, 101, 'AT_058'),
(3009, 101, 'EX1_611'),
(3010, 101, 'EX1_610'),
(3011, 101, 'EX1_554'),
(3012, 101, 'EX1_554'),
(3013, 101, 'KAR_004'),
(3014, 101, 'KAR_004'),
(3015, 101, 'EX1_536'),
(3016, 101, 'EX1_536'),
(3017, 101, 'KAR_006'),
(3018, 101, 'KAR_006'),
(3019, 101, 'NEW1_031'),
(3020, 101, 'NEW1_031'),
(3021, 101, 'EX1_539'),
(3022, 101, 'KAR_114'),
(3023, 101, 'DS1_070'),
(3024, 101, 'DS1_070'),
(3025, 101, 'KAR_037'),
(3026, 101, 'EX1_534'),
(3027, 101, 'EX1_534'),
(3028, 101, 'EX1_298'),
(3029, 101, 'OG_211'),
(3030, 101, 'OG_211'),
(3031, 102, 'EX1_169'),
(3032, 102, 'EX1_169'),
(3033, 102, 'LOE_115'),
(3034, 102, 'LOE_115'),
(3035, 102, 'AT_037'),
(3036, 102, 'AT_037'),
(3037, 102, 'CS2_013'),
(3038, 102, 'EX1_154'),
(3039, 102, 'CS2_013'),
(3040, 102, 'EX1_154'),
(3041, 102, 'EX1_160'),
(3042, 102, 'EX1_160'),
(3043, 102, 'AT_044'),
(3044, 102, 'OG_047'),
(3045, 102, 'OG_202'),
(3046, 102, 'OG_044'),
(3047, 102, 'NEW1_026'),
(3048, 102, 'NEW1_026'),
(3049, 102, 'CS2_012'),
(3050, 102, 'CS2_012'),
(3051, 102, 'EX1_284'),
(3052, 102, 'EX1_284'),
(3053, 102, 'EX1_164'),
(3054, 102, 'KAR_075'),
(3055, 102, 'KAR_075'),
(3056, 102, 'EX1_178'),
(3057, 102, 'EX1_178'),
(3058, 102, 'OG_134'),
(3059, 102, 'KAR_711'),
(3060, 102, 'KAR_711'),
(3061, 103, 'EX1_008'),
(3062, 103, 'OG_179'),
(3063, 103, 'OG_179'),
(3064, 103, 'CS2_188'),
(3065, 103, 'DS1_184'),
(3066, 103, 'EX1_162'),
(3067, 103, 'LOE_046'),
(3068, 103, 'LOE_046'),
(3069, 103, 'KAR_005'),
(3070, 103, 'KAR_005'),
(3071, 103, 'BRM_013'),
(3072, 103, 'BRM_013'),
(3073, 103, 'AT_087'),
(3074, 103, 'EX1_536'),
(3075, 103, 'NEW1_031'),
(3076, 103, 'NEW1_031'),
(3077, 103, 'EX1_539'),
(3078, 103, 'EX1_539'),
(3079, 103, 'EX1_538'),
(3080, 103, 'EX1_538'),
(3081, 103, 'EX1_617'),
(3082, 103, 'KAR_114'),
(3083, 103, 'OG_216'),
(3084, 103, 'OG_216'),
(3085, 103, 'DS1_070'),
(3086, 103, 'DS1_070'),
(3087, 103, 'EX1_534'),
(3088, 103, 'EX1_534'),
(3089, 103, 'OG_211'),
(3090, 103, 'OG_211'),
(3091, 104, 'EX1_621'),
(3092, 104, 'EX1_621'),
(3093, 104, 'CS2_235'),
(3094, 104, 'CS2_235'),
(3095, 104, 'AT_055'),
(3096, 104, 'AT_055'),
(3097, 104, 'CS2_234'),
(3098, 104, 'BRM_017'),
(3099, 104, 'EX1_622'),
(3100, 104, 'EX1_622'),
(3101, 104, 'AT_011'),
(3102, 104, 'EX1_334'),
(3103, 104, 'KAR_035'),
(3104, 104, 'KAR_035'),
(3105, 104, 'EX1_591'),
(3106, 104, 'EX1_591'),
(3107, 104, 'OG_234'),
(3108, 104, 'OG_234'),
(3109, 104, 'CS1_112'),
(3110, 104, 'LOE_111'),
(3111, 104, 'KAR_096'),
(3112, 104, 'AT_132'),
(3113, 104, 'EX1_016'),
(3114, 104, 'BRM_028'),
(3115, 104, 'LOE_104'),
(3116, 104, 'LOE_104'),
(3117, 104, 'EX1_350'),
(3118, 104, 'KAR_097'),
(3119, 104, 'CS1_113'),
(3120, 104, 'OG_134'),
(3121, 105, 'EX1_410'),
(3122, 105, 'EX1_410'),
(3123, 105, 'CS2_108'),
(3124, 105, 'CS2_108'),
(3125, 105, 'OG_314'),
(3126, 105, 'OG_314'),
(3127, 105, 'CS2_106'),
(3128, 105, 'CS2_106'),
(3129, 105, 'EX1_391'),
(3130, 105, 'EX1_391'),
(3131, 105, 'BRM_015'),
(3132, 105, 'BRM_015'),
(3133, 105, 'EX1_007'),
(3134, 105, 'EX1_007'),
(3135, 105, 'OG_149'),
(3136, 105, 'OG_149'),
(3137, 105, 'EX1_606'),
(3138, 105, 'EX1_606'),
(3139, 105, 'AT_064'),
(3140, 105, 'AT_064'),
(3141, 105, 'LOE_079'),
(3142, 105, 'KAR_091'),
(3143, 105, 'KAR_091'),
(3144, 105, 'EX1_407'),
(3145, 105, 'EX1_407'),
(3146, 105, 'AT_132'),
(3147, 105, 'EX1_016'),
(3148, 105, 'EX1_411'),
(3149, 105, 'EX1_414'),
(3150, 105, 'OG_134'),
(3151, 106, 'EX1_145'),
(3152, 106, 'EX1_145'),
(3153, 106, 'CS2_072'),
(3154, 106, 'CS2_072'),
(3155, 106, 'EX1_008'),
(3156, 106, 'KAR_069'),
(3157, 106, 'KAR_069'),
(3158, 106, 'EX1_124'),
(3159, 106, 'EX1_124'),
(3160, 106, 'EX1_012'),
(3161, 106, 'OG_330'),
(3162, 106, 'OG_330'),
(3163, 106, 'EX1_581'),
(3164, 106, 'EX1_581'),
(3165, 106, 'EX1_134'),
(3166, 106, 'LOE_077'),
(3167, 106, 'EX1_134'),
(3168, 106, 'EX1_613'),
(3169, 106, 'AT_033'),
(3170, 106, 'AT_033'),
(3171, 106, 'EX1_129'),
(3172, 106, 'EX1_129'),
(3173, 106, 'NEW1_026'),
(3174, 106, 'NEW1_026'),
(3175, 106, 'EX1_284'),
(3176, 106, 'EX1_284'),
(3177, 106, 'KAR_070'),
(3178, 106, 'KAR_070'),
(3179, 106, 'CS2_077'),
(3180, 106, 'CS2_077'),
(3181, 107, 'NEW1_012'),
(3182, 107, 'NEW1_012'),
(3183, 107, 'CS2_027'),
(3184, 107, 'CS2_027'),
(3185, 107, 'EX1_277'),
(3186, 107, 'EX1_277'),
(3187, 107, 'CS2_142'),
(3188, 107, 'CS2_024'),
(3189, 107, 'CS2_024'),
(3190, 107, 'EX1_608'),
(3191, 107, 'EX1_608'),
(3192, 107, 'OG_303'),
(3193, 107, 'OG_303'),
(3194, 107, 'CS2_023'),
(3195, 107, 'CS2_023'),
(3196, 107, 'OG_083'),
(3197, 107, 'AT_007'),
(3198, 107, 'AT_007'),
(3199, 107, 'CS2_033'),
(3200, 107, 'CS2_033'),
(3201, 107, 'CS2_022'),
(3202, 107, 'CS2_029'),
(3203, 107, 'CS2_029'),
(3204, 107, 'EX1_284'),
(3205, 107, 'EX1_284'),
(3206, 107, 'OG_090'),
(3207, 107, 'OG_207'),
(3208, 107, 'OG_207'),
(3209, 107, 'CS2_032'),
(3210, 107, 'CS2_032'),
(3211, 108, 'OG_114'),
(3212, 108, 'OG_114'),
(3213, 108, 'EX1_008'),
(3214, 108, 'EX1_008'),
(3215, 108, 'EX1_319'),
(3216, 108, 'EX1_319'),
(3217, 108, 'CS2_065'),
(3218, 108, 'CS2_065'),
(3219, 108, 'OG_241'),
(3220, 108, 'OG_241'),
(3221, 108, 'CS2_188'),
(3222, 108, 'CS2_188'),
(3223, 108, 'OG_156'),
(3224, 108, 'NEW1_019'),
(3225, 108, 'NEW1_019'),
(3226, 108, 'LOE_023'),
(3227, 108, 'LOE_023'),
(3228, 108, 'EX1_162'),
(3229, 108, 'EX1_162'),
(3230, 108, 'AT_084'),
(3231, 108, 'LOE_077'),
(3232, 108, 'BRM_006'),
(3233, 108, 'BRM_006'),
(3234, 108, 'OG_256'),
(3235, 108, 'OG_256'),
(3236, 108, 'EX1_093'),
(3237, 108, 'EX1_093'),
(3238, 108, 'EX1_046'),
(3239, 108, 'EX1_310'),
(3240, 108, 'EX1_310'),
(3241, 109, 'OG_179'),
(3242, 109, 'EX1_609'),
(3243, 109, 'EX1_533'),
(3244, 109, 'AT_058'),
(3245, 109, 'KAR_005'),
(3246, 109, 'KAR_005'),
(3247, 109, 'EX1_611'),
(3248, 109, 'EX1_611'),
(3249, 109, 'EX1_610'),
(3250, 109, 'EX1_554'),
(3251, 109, 'AT_060'),
(3252, 109, 'KAR_004'),
(3253, 109, 'EX1_536'),
(3254, 109, 'EX1_536'),
(3255, 109, 'KAR_006'),
(3256, 109, 'NEW1_031'),
(3257, 109, 'NEW1_031'),
(3258, 109, 'KAR_006'),
(3259, 109, 'EX1_539'),
(3260, 109, 'EX1_539'),
(3261, 109, 'EX1_538'),
(3262, 109, 'OG_216'),
(3263, 109, 'DS1_070'),
(3264, 109, 'DS1_070'),
(3265, 109, 'KAR_114'),
(3266, 109, 'KAR_037'),
(3267, 109, 'EX1_534'),
(3268, 109, 'EX1_534'),
(3269, 109, 'OG_211'),
(3270, 109, 'OG_211'),
(3271, 110, 'CS2_108'),
(3272, 110, 'OG_151'),
(3273, 110, 'CS2_108'),
(3274, 110, 'OG_151'),
(3275, 110, 'EX1_400'),
(3276, 110, 'EX1_400'),
(3277, 110, 'EX1_603'),
(3278, 110, 'EX1_603'),
(3279, 110, 'EX1_402'),
(3280, 110, 'EX1_402'),
(3281, 110, 'EX1_392'),
(3282, 110, 'GVG_076'),
(3283, 110, 'GVG_076'),
(3284, 110, 'BRM_015'),
(3285, 110, 'BRM_015'),
(3286, 110, 'AT_068'),
(3287, 110, 'AT_068'),
(3288, 110, 'OG_149'),
(3289, 110, 'OG_149'),
(3290, 110, 'LOE_022'),
(3291, 110, 'FP1_009'),
(3292, 110, 'KAR_026'),
(3293, 110, 'KAR_026'),
(3294, 110, 'FP1_009'),
(3295, 110, 'LOE_022'),
(3296, 110, 'FP1_021'),
(3297, 110, 'FP1_021'),
(3298, 110, 'EX1_097'),
(3299, 110, 'EX1_407'),
(3300, 110, 'EX1_407'),
(3301, 111, 'OG_114'),
(3302, 111, 'OG_114'),
(3303, 111, 'NEW1_017'),
(3304, 111, 'EX1_319'),
(3305, 111, 'EX1_319'),
(3306, 111, 'OG_241'),
(3307, 111, 'OG_241'),
(3308, 111, 'EX1_316'),
(3309, 111, 'EX1_316'),
(3310, 111, 'EX1_302'),
(3311, 111, 'EX1_302'),
(3312, 111, 'GVG_015'),
(3313, 111, 'LOE_023'),
(3314, 111, 'LOE_023'),
(3315, 111, 'EX1_162'),
(3316, 111, 'EX1_162'),
(3317, 111, 'GVG_015'),
(3318, 111, 'BRM_006'),
(3319, 111, 'BRM_006'),
(3320, 111, 'CS2_057'),
(3321, 111, 'CS2_057'),
(3322, 111, 'OG_113'),
(3323, 111, 'OG_113'),
(3324, 111, 'GVG_045'),
(3325, 111, 'GVG_045'),
(3326, 111, 'EX1_303'),
(3327, 111, 'EX1_303'),
(3328, 111, 'EX1_005'),
(3329, 111, 'EX1_309'),
(3330, 111, 'EX1_309'),
(3331, 112, 'EX1_332'),
(3332, 112, 'EX1_332'),
(3333, 112, 'CS2_004'),
(3334, 112, 'CS2_004'),
(3335, 112, 'EX1_045'),
(3336, 112, 'EX1_045'),
(3337, 112, 'KAR_013'),
(3338, 112, 'KAR_013'),
(3339, 112, 'EX1_012'),
(3340, 112, 'EX1_622'),
(3341, 112, 'EX1_622'),
(3342, 112, 'KAR_114'),
(3343, 112, 'OG_174'),
(3344, 112, 'OG_174'),
(3345, 112, 'EX1_334'),
(3346, 112, 'EX1_334'),
(3347, 112, 'LOE_107'),
(3348, 112, 'LOE_107'),
(3349, 112, 'EX1_284'),
(3350, 112, 'CS1_112'),
(3351, 112, 'CS1_112'),
(3352, 112, 'LOE_111'),
(3353, 112, 'LOE_111'),
(3354, 112, 'EX1_016'),
(3355, 112, 'LOE_104'),
(3356, 112, 'AT_123'),
(3357, 112, 'AT_125'),
(3358, 112, 'EX1_572'),
(3359, 112, 'OG_317'),
(3360, 112, 'OG_042'),
(3361, 113, 'EX1_621'),
(3362, 113, 'EX1_621'),
(3363, 113, 'CS2_235'),
(3364, 113, 'CS2_235'),
(3365, 113, 'CS1_129'),
(3366, 113, 'CS1_129'),
(3367, 113, 'AT_013'),
(3368, 113, 'AT_013'),
(3369, 113, 'CS2_004'),
(3370, 113, 'CS2_004'),
(3371, 113, 'CS1_130'),
(3372, 113, 'CS2_234'),
(3373, 113, 'CS2_234'),
(3374, 113, 'EX1_341'),
(3375, 113, 'EX1_341'),
(3376, 113, 'BRM_017'),
(3377, 113, 'BRM_017'),
(3378, 113, 'CS2_236'),
(3379, 113, 'CS2_236'),
(3380, 113, 'CS2_181'),
(3381, 113, 'CS2_181'),
(3382, 113, 'GVG_010'),
(3383, 113, 'GVG_010'),
(3384, 113, 'FP1_009'),
(3385, 113, 'FP1_009'),
(3386, 113, 'KAR_035'),
(3387, 113, 'KAR_035'),
(3388, 113, 'CS1_112'),
(3389, 113, 'CS1_112'),
(3390, 113, 'FP1_013'),
(3391, 114, 'OG_221'),
(3392, 114, 'OG_221'),
(3393, 114, 'EX1_008'),
(3394, 114, 'EX1_008'),
(3395, 114, 'EX1_010'),
(3396, 114, 'EX1_010'),
(3397, 114, 'EX1_379'),
(3398, 114, 'EX1_619'),
(3399, 114, 'EX1_619'),
(3400, 114, 'NEW1_019'),
(3401, 114, 'NEW1_019'),
(3402, 114, 'CS2_089'),
(3403, 114, 'CS2_089'),
(3404, 114, 'EX1_362'),
(3405, 114, 'OG_247'),
(3406, 114, 'OG_247'),
(3407, 114, 'CS2_124'),
(3408, 114, 'CS2_124'),
(3409, 114, 'OG_222'),
(3410, 114, 'OG_222'),
(3411, 114, 'AT_087'),
(3412, 114, 'AT_087'),
(3413, 114, 'OG_310'),
(3414, 114, 'OG_310'),
(3415, 114, 'CS2_092'),
(3416, 114, 'CS2_092'),
(3417, 114, 'EX1_093'),
(3418, 114, 'EX1_093'),
(3419, 114, 'OG_273'),
(3420, 114, 'OG_273'),
(3421, 115, 'EX1_308'),
(3422, 115, 'EX1_308'),
(3423, 115, 'EX1_302'),
(3424, 115, 'EX1_302'),
(3425, 115, 'EX1_015'),
(3426, 115, 'EX1_015'),
(3427, 115, 'EX1_066'),
(3428, 115, 'EX1_066'),
(3429, 115, 'EX1_066'),
(3430, 115, 'EX1_066'),
(3431, 115, 'CS2_173'),
(3432, 115, 'CS2_173'),
(3433, 115, 'EX1_019'),
(3434, 115, 'EX1_019'),
(3435, 115, 'CS2_057'),
(3436, 115, 'CS2_057'),
(3437, 115, 'CS2_062'),
(3438, 115, 'CS2_062'),
(3439, 115, 'CS2_147'),
(3440, 115, 'CS2_147'),
(3441, 115, 'CS2_179'),
(3442, 115, 'CS2_179'),
(3443, 115, 'CS2_182'),
(3444, 115, 'CS2_182'),
(3445, 115, 'CS2_064'),
(3446, 115, 'CS2_064'),
(3447, 115, 'CS2_200'),
(3448, 115, 'CS2_200'),
(3449, 115, 'CS2_222'),
(3450, 115, 'CS2_222'),
(3451, 116, 'EX1_371'),
(3452, 116, 'EX1_371'),
(3453, 116, 'EX1_015'),
(3454, 116, 'EX1_015'),
(3455, 116, 'EX1_066'),
(3456, 116, 'EX1_066'),
(3457, 116, 'CS2_172'),
(3458, 116, 'CS2_172'),
(3459, 116, 'CS2_196'),
(3460, 116, 'CS2_196'),
(3461, 116, 'EX1_019'),
(3462, 116, 'EX1_019'),
(3463, 116, 'CS2_092'),
(3464, 116, 'CS2_092'),
(3465, 116, 'CS2_093'),
(3466, 116, 'CS2_093'),
(3467, 116, 'CS2_094'),
(3468, 116, 'CS2_094'),
(3469, 116, 'CS2_097'),
(3470, 116, 'CS2_097'),
(3471, 116, 'CS2_182'),
(3472, 116, 'CS2_182'),
(3473, 116, 'CS2_226'),
(3474, 116, 'CS2_226'),
(3475, 116, 'CS2_200'),
(3476, 116, 'CS2_200'),
(3477, 116, 'CS2_222'),
(3478, 116, 'CS2_222'),
(3479, 116, 'CS2_088'),
(3480, 116, 'CS2_088'),
(3481, 117, 'CS2_108'),
(3482, 117, 'CS2_108'),
(3483, 117, 'CS2_106'),
(3484, 117, 'CS2_106'),
(3485, 117, 'CS2_105'),
(3486, 117, 'CS2_105'),
(3487, 117, 'CS2_114'),
(3488, 117, 'CS2_114'),
(3489, 117, 'EX1_015'),
(3490, 117, 'EX1_015'),
(3491, 117, 'EX1_066'),
(3492, 117, 'EX1_066'),
(3493, 117, 'CS2_172'),
(3494, 117, 'CS2_172'),
(3495, 117, 'EX1_084'),
(3496, 117, 'EX1_084'),
(3497, 117, 'EX1_019'),
(3498, 117, 'EX1_019'),
(3499, 117, 'EX1_606'),
(3500, 117, 'EX1_606'),
(3501, 117, 'CS2_147'),
(3502, 117, 'CS2_147'),
(3503, 117, 'CS2_182'),
(3504, 117, 'CS2_182'),
(3505, 117, 'NEW1_011'),
(3506, 117, 'NEW1_011'),
(3507, 117, 'CS2_112'),
(3508, 117, 'CS2_112'),
(3509, 117, 'CS2_200'),
(3510, 117, 'CS2_200'),
(3511, 118, 'CS2_108'),
(3512, 118, 'OG_151'),
(3513, 118, 'OG_151'),
(3514, 118, 'OG_312'),
(3515, 118, 'EX1_400'),
(3516, 118, 'EX1_400'),
(3517, 118, 'EX1_603'),
(3518, 118, 'EX1_402'),
(3519, 118, 'EX1_402'),
(3520, 118, 'CS2_114'),
(3521, 118, 'CS2_114'),
(3522, 118, 'BRM_015'),
(3523, 118, 'EX1_007'),
(3524, 118, 'EX1_604'),
(3525, 118, 'EX1_604'),
(3526, 118, 'OG_149'),
(3527, 118, 'OG_149'),
(3528, 118, 'LOE_022'),
(3529, 118, 'LOE_022'),
(3530, 118, 'OG_218'),
(3531, 118, 'OG_218'),
(3532, 118, 'CS2_179'),
(3533, 118, 'CS2_179'),
(3534, 118, 'FP1_021'),
(3535, 118, 'FP1_021'),
(3536, 118, 'OG_249'),
(3537, 118, 'OG_249'),
(3538, 118, 'BRM_019'),
(3539, 118, 'BRM_019'),
(3540, 118, 'EX1_407'),
(3541, 119, 'EX1_308'),
(3542, 119, 'EX1_308'),
(3543, 119, 'CS2_059'),
(3544, 119, 'EX1_319'),
(3545, 119, 'EX1_319'),
(3546, 119, 'CS2_065'),
(3547, 119, 'CS2_065'),
(3548, 119, 'OG_241'),
(3549, 119, 'OG_241'),
(3550, 119, 'EX1_316'),
(3551, 119, 'AT_021'),
(3552, 119, 'AT_021'),
(3553, 119, 'EX1_596'),
(3554, 119, 'AT_024'),
(3555, 119, 'LOE_023'),
(3556, 119, 'LOE_023'),
(3557, 119, 'OG_109'),
(3558, 119, 'OG_109'),
(3559, 119, 'EX1_306'),
(3560, 119, 'EX1_306'),
(3561, 119, 'BRM_006'),
(3562, 119, 'BRM_006'),
(3563, 119, 'KAR_205'),
(3564, 119, 'KAR_205'),
(3565, 119, 'EX1_317'),
(3566, 119, 'AT_022'),
(3567, 119, 'AT_022'),
(3568, 119, 'EX1_320'),
(3569, 119, 'EX1_310'),
(3570, 119, 'EX1_310'),
(3571, 120, 'CS2_108'),
(3572, 120, 'CS2_108'),
(3573, 120, 'OG_314'),
(3574, 120, 'EX1_410'),
(3575, 120, 'EX1_392'),
(3576, 120, 'EX1_392'),
(3577, 120, 'EX1_391'),
(3578, 120, 'CS2_106'),
(3579, 120, 'CS2_106'),
(3580, 120, 'EX1_391'),
(3581, 120, 'EX1_096'),
(3582, 120, 'EX1_096'),
(3583, 120, 'OG_281'),
(3584, 120, 'OG_281'),
(3585, 120, 'OG_149'),
(3586, 120, 'OG_149'),
(3587, 120, 'EX1_606'),
(3588, 120, 'EX1_606'),
(3589, 120, 'LOE_077'),
(3590, 120, 'OG_162'),
(3591, 120, 'OG_162'),
(3592, 120, 'EX1_007'),
(3593, 120, 'EX1_007'),
(3594, 120, 'CS2_147'),
(3595, 120, 'EX1_407'),
(3596, 120, 'BRM_028'),
(3597, 120, 'OG_301'),
(3598, 120, 'OG_131'),
(3599, 120, 'OG_255'),
(3600, 120, 'OG_280'),
(3601, 121, 'EX1_145'),
(3602, 121, 'EX1_145'),
(3603, 121, 'CS2_072'),
(3604, 121, 'CS2_072'),
(3605, 121, 'EX1_008'),
(3606, 121, 'EX1_008'),
(3607, 121, 'CS2_073'),
(3608, 121, 'CS2_073'),
(3609, 121, 'EX1_124'),
(3610, 121, 'EX1_124'),
(3611, 121, 'EX1_012'),
(3612, 121, 'OG_330'),
(3613, 121, 'OG_330'),
(3614, 121, 'EX1_581'),
(3615, 121, 'EX1_581'),
(3616, 121, 'EX1_129'),
(3617, 121, 'EX1_134'),
(3618, 121, 'EX1_134'),
(3619, 121, 'OG_176'),
(3620, 121, 'EX1_613'),
(3621, 121, 'LOE_019'),
(3622, 121, 'LOE_019'),
(3623, 121, 'EX1_129'),
(3624, 121, 'NEW1_026'),
(3625, 121, 'LOE_012'),
(3626, 121, 'LOE_012'),
(3627, 121, 'EX1_284'),
(3628, 121, 'EX1_284'),
(3629, 121, 'EX1_095'),
(3630, 121, 'EX1_095'),
(3631, 122, 'CS2_031'),
(3632, 122, 'CS2_031'),
(3633, 122, 'CS2_024'),
(3634, 122, 'CS2_024'),
(3635, 122, 'EX1_066'),
(3636, 122, 'EX1_012'),
(3637, 122, 'NEW1_021'),
(3638, 122, 'EX1_007'),
(3639, 122, 'EX1_007'),
(3640, 122, 'EX1_289'),
(3641, 122, 'EX1_295'),
(3642, 122, 'CS2_026'),
(3643, 122, 'CS2_026'),
(3644, 122, 'CS2_023'),
(3645, 122, 'CS2_023'),
(3646, 122, 'CS2_022'),
(3647, 122, 'CS2_022'),
(3648, 122, 'CS2_029'),
(3649, 122, 'CS2_029'),
(3650, 122, 'EX1_284'),
(3651, 122, 'EX1_284'),
(3652, 122, 'EX1_110'),
(3653, 122, 'EX1_016'),
(3654, 122, 'BRM_028'),
(3655, 122, 'CS2_028'),
(3656, 122, 'EX1_559'),
(3657, 122, 'CS2_032'),
(3658, 122, 'CS2_032'),
(3659, 122, 'EX1_561'),
(3660, 122, 'OG_133'),
(3661, 123, 'NEW1_029'),
(3662, 123, 'OG_338'),
(3663, 123, 'EX1_012'),
(3664, 123, 'EX1_014'),
(3665, 123, 'LOE_079'),
(3666, 123, 'AT_122'),
(3667, 123, 'EX1_062'),
(3668, 123, 'FP1_015'),
(3669, 123, 'EX1_558'),
(3670, 123, 'EX1_116'),
(3671, 123, 'FP1_030'),
(3672, 123, 'GVG_119'),
(3673, 123, 'FP1_014'),
(3674, 123, 'NEW1_040'),
(3675, 123, 'AT_124'),
(3676, 123, 'EX1_110'),
(3677, 123, 'OG_122'),
(3678, 123, 'EX1_016'),
(3679, 123, 'BRM_028'),
(3680, 123, 'GVG_110'),
(3681, 123, 'GVG_035'),
(3682, 123, 'GVG_118'),
(3683, 123, 'EX1_298'),
(3684, 123, 'EX1_561'),
(3685, 123, 'AT_045'),
(3686, 123, 'EX1_573'),
(3687, 123, 'EX1_560'),
(3688, 123, 'OG_340'),
(3689, 123, 'OG_133'),
(3690, 123, 'OG_042'),
(3691, 124, 'EX1_332'),
(3692, 124, 'CS2_235'),
(3693, 124, 'CS2_235'),
(3694, 124, 'CS2_004'),
(3695, 124, 'CS2_004'),
(3696, 124, 'CS2_003'),
(3697, 124, 'CS2_003'),
(3698, 124, 'LOE_006'),
(3699, 124, 'LOE_006'),
(3700, 124, 'CS2_234'),
(3701, 124, 'CS2_234'),
(3702, 124, 'EX1_341'),
(3703, 124, 'BRM_017'),
(3704, 124, 'BRM_017'),
(3705, 124, 'EX1_339'),
(3706, 124, 'EX1_339'),
(3707, 124, 'EX1_622'),
(3708, 124, 'EX1_622'),
(3709, 124, 'EX1_085'),
(3710, 124, 'EX1_334'),
(3711, 124, 'OG_234'),
(3712, 124, 'OG_234'),
(3713, 124, 'CS1_112'),
(3714, 124, 'CS1_112'),
(3715, 124, 'LOE_111'),
(3716, 124, 'LOE_086'),
(3717, 124, 'LOE_104'),
(3718, 124, 'LOE_104'),
(3719, 124, 'CS1_113'),
(3720, 124, 'CS1_113'),
(3721, 125, 'OG_179'),
(3722, 125, 'OG_179'),
(3723, 125, 'AT_058'),
(3724, 125, 'AT_094'),
(3725, 125, 'AT_094'),
(3726, 125, 'LOE_046'),
(3727, 125, 'LOE_046'),
(3728, 125, 'BRM_013'),
(3729, 125, 'BRM_013'),
(3730, 125, 'EX1_611'),
(3731, 125, 'EX1_536'),
(3732, 125, 'NEW1_031'),
(3733, 125, 'OG_325'),
(3734, 125, 'NEW1_031'),
(3735, 125, 'EX1_536'),
(3736, 125, 'EX1_538'),
(3737, 125, 'EX1_539'),
(3738, 125, 'EX1_539'),
(3739, 125, 'EX1_617'),
(3740, 125, 'EX1_617'),
(3741, 125, 'OG_216'),
(3742, 125, 'OG_216'),
(3743, 125, 'DS1_070'),
(3744, 125, 'DS1_070'),
(3745, 125, 'NEW1_041'),
(3746, 125, 'DS1_178'),
(3747, 125, 'EX1_534'),
(3748, 125, 'EX1_534'),
(3749, 125, 'OG_211'),
(3750, 125, 'OG_211'),
(3751, 126, 'OG_198'),
(3752, 126, 'OG_198'),
(3753, 126, 'EX1_619'),
(3754, 126, 'EX1_619'),
(3755, 126, 'CS2_173'),
(3756, 126, 'CS2_173'),
(3757, 126, 'NEW1_020'),
(3758, 126, 'NEW1_020'),
(3759, 126, 'EX1_096'),
(3760, 126, 'EX1_096'),
(3761, 126, 'NEW1_021'),
(3762, 126, 'NEW1_021'),
(3763, 126, 'EX1_507'),
(3764, 126, 'EX1_507'),
(3765, 126, 'EX1_382'),
(3766, 126, 'EX1_382'),
(3767, 126, 'CS2_093'),
(3768, 126, 'CS2_093'),
(3769, 126, 'LOE_017'),
(3770, 126, 'CS2_097'),
(3771, 126, 'CS2_097'),
(3772, 126, 'BRM_001'),
(3773, 126, 'BRM_001'),
(3774, 126, 'EX1_016'),
(3775, 126, 'EX1_354'),
(3776, 126, 'OG_229'),
(3777, 126, 'EX1_383'),
(3778, 126, 'LOE_026'),
(3779, 126, 'LOE_026'),
(3780, 126, 'OG_133'),
(3781, 127, 'LOE_076'),
(3782, 127, 'CS2_045'),
(3783, 127, 'CS2_045'),
(3784, 127, 'EX1_238'),
(3785, 127, 'EX1_238'),
(3786, 127, 'EX1_245'),
(3787, 127, 'EX1_008'),
(3788, 127, 'EX1_008'),
(3789, 127, 'CS2_188'),
(3790, 127, 'CS2_188'),
(3791, 127, 'LOE_018'),
(3792, 127, 'LOE_018'),
(3793, 127, 'BRM_011'),
(3794, 127, 'BRM_011'),
(3795, 127, 'AT_052'),
(3796, 127, 'AT_052'),
(3797, 127, 'AT_094'),
(3798, 127, 'AT_053'),
(3799, 127, 'AT_053'),
(3800, 127, 'EX1_565'),
(3801, 127, 'EX1_565'),
(3802, 127, 'AT_087'),
(3803, 127, 'EX1_241'),
(3804, 127, 'EX1_241'),
(3805, 127, 'EX1_248'),
(3806, 127, 'EX1_248'),
(3807, 127, 'OG_024'),
(3808, 127, 'OG_024'),
(3809, 127, 'EX1_567'),
(3810, 127, 'EX1_567'),
(3811, 128, 'EX1_169'),
(3812, 128, 'EX1_169'),
(3813, 128, 'AT_037'),
(3814, 128, 'AT_037'),
(3815, 128, 'LOE_076'),
(3816, 128, 'CS2_188'),
(3817, 128, 'CS2_188'),
(3818, 128, 'AT_042'),
(3819, 128, 'AT_042'),
(3820, 128, 'EX1_154'),
(3821, 128, 'EX1_154'),
(3822, 128, 'OG_048'),
(3823, 128, 'OG_048'),
(3824, 128, 'EX1_162'),
(3825, 128, 'EX1_162'),
(3826, 128, 'EX1_160'),
(3827, 128, 'EX1_160'),
(3828, 128, 'LOE_046'),
(3829, 128, 'LOE_046'),
(3830, 128, 'AT_087'),
(3831, 128, 'AT_087'),
(3832, 128, 'LOE_050'),
(3833, 128, 'LOE_050'),
(3834, 128, 'CS2_011'),
(3835, 128, 'CS2_011'),
(3836, 128, 'OG_044'),
(3837, 128, 'CS2_012'),
(3838, 128, 'CS2_012'),
(3839, 128, 'EX1_165'),
(3840, 128, 'EX1_165'),
(3841, 129, 'BRM_004'),
(3842, 129, 'BRM_004'),
(3843, 129, 'AT_116'),
(3844, 129, 'AT_116'),
(3845, 129, 'NEW1_023'),
(3846, 129, 'NEW1_023'),
(3847, 129, 'EX1_622'),
(3848, 129, 'BRM_033'),
(3849, 129, 'EX1_622'),
(3850, 129, 'BRM_033'),
(3851, 129, 'EX1_043'),
(3852, 129, 'EX1_043'),
(3853, 129, 'AT_017'),
(3854, 129, 'AT_017'),
(3855, 129, 'BRM_034'),
(3856, 129, 'BRM_034'),
(3857, 129, 'EX1_284'),
(3858, 129, 'EX1_284'),
(3859, 129, 'BRM_024'),
(3860, 129, 'OG_271'),
(3861, 129, 'OG_271'),
(3862, 129, 'EX1_016'),
(3863, 129, 'LOE_104'),
(3864, 129, 'LOE_104'),
(3865, 129, 'AT_123'),
(3866, 129, 'EX1_561'),
(3867, 129, 'BRM_030'),
(3868, 129, 'EX1_572'),
(3869, 129, 'NEW1_030'),
(3870, 129, 'OG_317'),
(3871, 130, 'NEW1_003'),
(3872, 130, 'OG_114'),
(3873, 130, 'CS2_063'),
(3874, 130, 'CS1_042'),
(3875, 130, 'CS2_059'),
(3876, 130, 'CS2_065'),
(3877, 130, 'EX1_316'),
(3878, 130, 'OG_156'),
(3879, 130, 'FP1_024'),
(3880, 130, 'LOE_023'),
(3881, 130, 'LOE_029'),
(3882, 130, 'CS2_122'),
(3883, 130, 'CS2_057'),
(3884, 130, 'EX1_102'),
(3885, 130, 'FP1_009'),
(3886, 130, 'EX1_304'),
(3887, 130, 'EX1_301'),
(3888, 130, 'GVG_045'),
(3889, 130, 'FP1_022'),
(3890, 130, 'EX1_093'),
(3891, 130, 'EX1_303'),
(3892, 130, 'EX1_315'),
(3893, 130, 'LOE_047'),
(3894, 130, 'GVG_069'),
(3895, 130, 'OG_145'),
(3896, 130, 'FP1_012'),
(3897, 130, 'AT_112'),
(3898, 130, 'LOE_011'),
(3899, 130, 'BRM_028'),
(3900, 130, 'EX1_312'),
(3901, 131, 'EX1_008'),
(3902, 131, 'CS2_045'),
(3903, 131, 'CS2_045'),
(3904, 131, 'EX1_238'),
(3905, 131, 'EX1_238'),
(3906, 131, 'EX1_008'),
(3907, 131, 'LOE_076'),
(3908, 131, 'CS2_188'),
(3909, 131, 'CS2_188'),
(3910, 131, 'LOE_018'),
(3911, 131, 'LOE_018'),
(3912, 131, 'AT_052'),
(3913, 131, 'AT_052'),
(3914, 131, 'AT_094'),
(3915, 131, 'EX1_565'),
(3916, 131, 'EX1_565'),
(3917, 131, 'AT_087'),
(3918, 131, 'AT_087'),
(3919, 131, 'EX1_241'),
(3920, 131, 'EX1_241'),
(3921, 131, 'EX1_248'),
(3922, 131, 'EX1_248'),
(3923, 131, 'AT_046'),
(3924, 131, 'AT_046'),
(3925, 131, 'OG_024'),
(3926, 131, 'OG_024'),
(3927, 131, 'EX1_567'),
(3928, 131, 'EX1_567'),
(3929, 131, 'OG_028'),
(3930, 131, 'OG_028'),
(3931, 132, 'EX1_308'),
(3932, 132, 'EX1_308'),
(3933, 132, 'EX1_302'),
(3934, 132, 'EX1_302'),
(3935, 132, 'LOE_023'),
(3936, 132, 'LOE_023'),
(3937, 132, 'LOE_077'),
(3938, 132, 'BRM_006'),
(3939, 132, 'BRM_006'),
(3940, 132, 'BRM_033'),
(3941, 132, 'BRM_033'),
(3942, 132, 'EX1_043'),
(3943, 132, 'EX1_043'),
(3944, 132, 'LOE_079'),
(3945, 132, 'CS2_062'),
(3946, 132, 'CS2_062'),
(3947, 132, 'AT_017'),
(3948, 132, 'AT_111'),
(3949, 132, 'AT_017'),
(3950, 132, 'AT_111'),
(3951, 132, 'BRM_034'),
(3952, 132, 'BRM_034'),
(3953, 132, 'EX1_284'),
(3954, 132, 'EX1_284'),
(3955, 132, 'EX1_309'),
(3956, 132, 'EX1_309'),
(3957, 132, 'BRM_028'),
(3958, 132, 'OG_121'),
(3959, 132, 'EX1_561'),
(3960, 132, 'EX1_563'),
(3961, 133, 'OG_114'),
(3962, 133, 'EX1_008'),
(3963, 133, 'EX1_308'),
(3964, 133, 'EX1_308'),
(3965, 133, 'EX1_319'),
(3966, 133, 'EX1_319'),
(3967, 133, 'CS2_065'),
(3968, 133, 'CS2_065'),
(3969, 133, 'OG_241'),
(3970, 133, 'OG_241'),
(3971, 133, 'EX1_316'),
(3972, 133, 'EX1_316'),
(3973, 133, 'CS2_188'),
(3974, 133, 'CS2_188'),
(3975, 133, 'AT_026'),
(3976, 133, 'LOE_023'),
(3977, 133, 'LOE_023'),
(3978, 133, 'AT_094'),
(3979, 133, 'AT_094'),
(3980, 133, 'EX1_162'),
(3981, 133, 'EX1_162'),
(3982, 133, 'BRM_006'),
(3983, 133, 'BRM_006'),
(3984, 133, 'OG_113'),
(3985, 133, 'OG_113'),
(3986, 133, 'EX1_093'),
(3987, 133, 'EX1_093'),
(3988, 133, 'EX1_046'),
(3989, 133, 'EX1_116'),
(3990, 133, 'EX1_586'),
(3991, 134, 'OG_114'),
(3992, 134, 'OG_114'),
(3993, 134, 'OG_241'),
(3994, 134, 'EX1_008'),
(3995, 134, 'EX1_308'),
(3996, 134, 'EX1_319'),
(3997, 134, 'EX1_319'),
(3998, 134, 'CS2_065'),
(3999, 134, 'CS2_065'),
(4000, 134, 'OG_241'),
(4001, 134, 'EX1_316'),
(4002, 134, 'EX1_316'),
(4003, 134, 'CS2_188'),
(4004, 134, 'CS2_188'),
(4005, 134, 'EX1_059'),
(4006, 134, 'LOE_023'),
(4007, 134, 'LOE_023'),
(4008, 134, 'AT_094'),
(4009, 134, 'AT_094'),
(4010, 134, 'EX1_162'),
(4011, 134, 'EX1_162'),
(4012, 134, 'BRM_006'),
(4013, 134, 'BRM_006'),
(4014, 134, 'OG_113'),
(4015, 134, 'OG_113'),
(4016, 134, 'EX1_093'),
(4017, 134, 'EX1_093'),
(4018, 134, 'EX1_046'),
(4019, 134, 'EX1_116'),
(4020, 134, 'EX1_586'),
(4021, 135, 'AT_004'),
(4022, 135, 'AT_004'),
(4023, 135, 'NEW1_012'),
(4024, 135, 'NEW1_012'),
(4025, 135, 'CS2_027'),
(4026, 135, 'CS2_027'),
(4027, 135, 'EX1_277'),
(4028, 135, 'EX1_277'),
(4029, 135, 'CS2_024'),
(4030, 135, 'CS2_024'),
(4031, 135, 'EX1_608'),
(4032, 135, 'EX1_608'),
(4033, 135, 'OG_303'),
(4034, 135, 'OG_303'),
(4035, 135, 'EX1_012'),
(4036, 135, 'BRM_002'),
(4037, 135, 'BRM_002'),
(4038, 135, 'CS2_023'),
(4039, 135, 'CS2_023'),
(4040, 135, 'CS2_033'),
(4041, 135, 'CS2_033'),
(4042, 135, 'CS2_029'),
(4043, 135, 'CS2_029'),
(4044, 135, 'EX1_284'),
(4045, 135, 'EX1_284'),
(4046, 135, 'OG_207'),
(4047, 135, 'CS2_032'),
(4048, 135, 'CS2_032'),
(4049, 135, 'EX1_298'),
(4050, 135, 'OG_134'),
(4051, 136, 'EX1_410'),
(4052, 136, 'EX1_410'),
(4053, 136, 'CS2_108'),
(4054, 136, 'CS2_108'),
(4055, 136, 'CS2_106'),
(4056, 136, 'CS2_106'),
(4057, 136, 'OG_281'),
(4058, 136, 'OG_281'),
(4059, 136, 'EX1_007'),
(4060, 136, 'EX1_007'),
(4061, 136, 'LOE_077'),
(4062, 136, 'OG_162'),
(4063, 136, 'OG_162'),
(4064, 136, 'OG_149'),
(4065, 136, 'OG_149'),
(4066, 136, 'EX1_606'),
(4067, 136, 'EX1_606'),
(4068, 136, 'OG_283'),
(4069, 136, 'OG_283'),
(4070, 136, 'EX1_558'),
(4071, 136, 'EX1_407'),
(4072, 136, 'EX1_407'),
(4073, 136, 'AT_132'),
(4074, 136, 'EX1_016'),
(4075, 136, 'OG_131'),
(4076, 136, 'OG_301'),
(4077, 136, 'OG_301'),
(4078, 136, 'EX1_411'),
(4079, 136, 'NEW1_030'),
(4080, 136, 'OG_280'),
(4081, 137, 'OG_114'),
(4082, 137, 'OG_114'),
(4083, 137, 'OG_241'),
(4084, 137, 'EX1_319'),
(4085, 137, 'EX1_319'),
(4086, 137, 'EX1_008'),
(4087, 137, 'CS2_065'),
(4088, 137, 'CS2_065'),
(4089, 137, 'OG_241'),
(4090, 137, 'EX1_316'),
(4091, 137, 'EX1_316'),
(4092, 137, 'CS2_188'),
(4093, 137, 'CS2_188'),
(4094, 137, 'EX1_059'),
(4095, 137, 'NEW1_019'),
(4096, 137, 'NEW1_019'),
(4097, 137, 'LOE_023'),
(4098, 137, 'LOE_023'),
(4099, 137, 'EX1_162'),
(4100, 137, 'EX1_162'),
(4101, 137, 'BRM_006'),
(4102, 137, 'BRM_006'),
(4103, 137, 'OG_113'),
(4104, 137, 'OG_113'),
(4105, 137, 'EX1_093'),
(4106, 137, 'EX1_093'),
(4107, 137, 'AT_122'),
(4108, 137, 'EX1_310'),
(4109, 137, 'EX1_116'),
(4110, 137, 'EX1_586'),
(4111, 138, 'CS2_027'),
(4112, 138, 'CS2_031'),
(4113, 138, 'CS2_031'),
(4114, 138, 'CS2_024'),
(4115, 138, 'CS2_024'),
(4116, 138, 'EX1_015'),
(4117, 138, 'EX1_015'),
(4118, 138, 'EX1_096'),
(4119, 138, 'EX1_096'),
(4120, 138, 'EX1_012'),
(4121, 138, 'NEW1_021'),
(4122, 138, 'NEW1_021'),
(4123, 138, 'EX1_007'),
(4124, 138, 'EX1_289'),
(4125, 138, 'EX1_295'),
(4126, 138, 'EX1_295'),
(4127, 138, 'EX1_289'),
(4128, 138, 'CS2_026'),
(4129, 138, 'CS2_023'),
(4130, 138, 'CS2_026'),
(4131, 138, 'CS2_023'),
(4132, 138, 'LOE_002'),
(4133, 138, 'LOE_002'),
(4134, 138, 'CS2_029'),
(4135, 138, 'CS2_029'),
(4136, 138, 'BRM_028'),
(4137, 138, 'CS2_028'),
(4138, 138, 'CS2_028'),
(4139, 138, 'EX1_561'),
(4140, 138, 'EX1_279'),
(4141, 139, 'OG_114'),
(4142, 139, 'CS2_188'),
(4143, 139, 'EX1_308'),
(4144, 139, 'EX1_308'),
(4145, 139, 'EX1_008'),
(4146, 139, 'EX1_319'),
(4147, 139, 'EX1_319'),
(4148, 139, 'CS2_065'),
(4149, 139, 'CS2_065'),
(4150, 139, 'EX1_008'),
(4151, 139, 'CS2_188'),
(4152, 139, 'AT_026'),
(4153, 139, 'AT_084'),
(4154, 139, 'AT_084'),
(4155, 139, 'LOE_023'),
(4156, 139, 'LOE_023'),
(4157, 139, 'AT_026'),
(4158, 139, 'EX1_162'),
(4159, 139, 'EX1_162'),
(4160, 139, 'AT_087'),
(4161, 139, 'OG_113'),
(4162, 139, 'AT_087'),
(4163, 139, 'LOE_077'),
(4164, 139, 'BRM_006'),
(4165, 139, 'BRM_006'),
(4166, 139, 'EX1_093'),
(4167, 139, 'EX1_093'),
(4168, 139, 'EX1_310'),
(4169, 139, 'EX1_310'),
(4170, 139, 'EX1_067'),
(4171, 140, 'NEW1_012'),
(4172, 140, 'NEW1_012'),
(4173, 140, 'EX1_277'),
(4174, 140, 'EX1_277'),
(4175, 140, 'CS2_024'),
(4176, 140, 'CS2_025'),
(4177, 140, 'AT_094'),
(4178, 140, 'EX1_608'),
(4179, 140, 'CS2_024'),
(4180, 140, 'EX1_608'),
(4181, 140, 'BRM_002'),
(4182, 140, 'BRM_002'),
(4183, 140, 'CS2_023'),
(4184, 140, 'CS2_023'),
(4185, 140, 'CS2_033'),
(4186, 140, 'CS2_033'),
(4187, 140, 'CS2_022'),
(4188, 140, 'CS2_022'),
(4189, 140, 'CS2_029'),
(4190, 140, 'CS2_029'),
(4191, 140, 'EX1_284'),
(4192, 140, 'EX1_284'),
(4193, 140, 'OG_090'),
(4194, 140, 'OG_090'),
(4195, 140, 'OG_207'),
(4196, 140, 'OG_207'),
(4197, 140, 'BRM_028'),
(4198, 140, 'EX1_559'),
(4199, 140, 'EX1_298'),
(4200, 140, 'OG_134'),
(4201, 141, 'EX1_169'),
(4202, 141, 'EX1_169'),
(4203, 141, 'AT_037'),
(4204, 141, 'OG_281'),
(4205, 141, 'OG_281'),
(4206, 141, 'EX1_154'),
(4207, 141, 'EX1_154'),
(4208, 141, 'OG_286'),
(4209, 141, 'OG_286'),
(4210, 141, 'LOE_077'),
(4211, 141, 'AT_044'),
(4212, 141, 'OG_162'),
(4213, 141, 'OG_162'),
(4214, 141, 'OG_202'),
(4215, 141, 'OG_044'),
(4216, 141, 'CS2_012'),
(4217, 141, 'CS2_012'),
(4218, 141, 'OG_188'),
(4219, 141, 'OG_188'),
(4220, 141, 'EX1_284'),
(4221, 141, 'EX1_284'),
(4222, 141, 'EX1_165'),
(4223, 141, 'EX1_165'),
(4224, 141, 'EX1_164'),
(4225, 141, 'OG_293'),
(4226, 141, 'OG_293'),
(4227, 141, 'OG_131'),
(4228, 141, 'EX1_298'),
(4229, 141, 'EX1_573'),
(4230, 141, 'OG_280'),
(4231, 142, 'LOE_076'),
(4232, 142, 'CS2_045'),
(4233, 142, 'CS2_045'),
(4234, 142, 'EX1_238'),
(4235, 142, 'EX1_238'),
(4236, 142, 'EX1_008'),
(4237, 142, 'EX1_008'),
(4238, 142, 'CS2_188'),
(4239, 142, 'CS2_188'),
(4240, 142, 'LOE_018'),
(4241, 142, 'LOE_018'),
(4242, 142, 'AT_052'),
(4243, 142, 'AT_052'),
(4244, 142, 'AT_094'),
(4245, 142, 'EX1_565'),
(4246, 142, 'EX1_565'),
(4247, 142, 'AT_087'),
(4248, 142, 'AT_087'),
(4249, 142, 'EX1_241'),
(4250, 142, 'AT_046'),
(4251, 142, 'EX1_248'),
(4252, 142, 'AT_046'),
(4253, 142, 'EX1_241'),
(4254, 142, 'EX1_248'),
(4255, 142, 'OG_024'),
(4256, 142, 'OG_024'),
(4257, 142, 'EX1_567'),
(4258, 142, 'EX1_567'),
(4259, 142, 'OG_028'),
(4260, 142, 'OG_028'),
(4261, 143, 'OG_114'),
(4262, 143, 'OG_114'),
(4263, 143, 'OG_241'),
(4264, 143, 'EX1_319'),
(4265, 143, 'EX1_008'),
(4266, 143, 'EX1_319'),
(4267, 143, 'CS2_065'),
(4268, 143, 'CS2_065'),
(4269, 143, 'OG_241'),
(4270, 143, 'EX1_316'),
(4271, 143, 'EX1_316'),
(4272, 143, 'CS2_188'),
(4273, 143, 'CS2_188'),
(4274, 143, 'EX1_059'),
(4275, 143, 'EX1_059'),
(4276, 143, 'NEW1_019'),
(4277, 143, 'NEW1_019'),
(4278, 143, 'LOE_023'),
(4279, 143, 'LOE_023'),
(4280, 143, 'EX1_162'),
(4281, 143, 'EX1_162'),
(4282, 143, 'BRM_006'),
(4283, 143, 'BRM_006'),
(4284, 143, 'OG_113'),
(4285, 143, 'OG_113'),
(4286, 143, 'EX1_093'),
(4287, 143, 'EX1_093'),
(4288, 143, 'AT_122'),
(4289, 143, 'EX1_310'),
(4290, 143, 'EX1_310'),
(4291, 144, 'EX1_238'),
(4292, 144, 'EX1_238'),
(4293, 144, 'BRM_011'),
(4294, 144, 'BRM_011'),
(4295, 144, 'LOE_029'),
(4296, 144, 'LOE_029'),
(4297, 144, 'OG_206'),
(4298, 144, 'OG_206'),
(4299, 144, 'EX1_246'),
(4300, 144, 'EX1_246'),
(4301, 144, 'AT_048'),
(4302, 144, 'AT_048'),
(4303, 144, 'AT_051'),
(4304, 144, 'AT_051'),
(4305, 144, 'EX1_259'),
(4306, 144, 'EX1_259'),
(4307, 144, 'EX1_575'),
(4308, 144, 'EX1_575'),
(4309, 144, 'LOE_079'),
(4310, 144, 'EX1_284'),
(4311, 144, 'EX1_284'),
(4312, 144, 'OG_209'),
(4313, 144, 'OG_031'),
(4314, 144, 'OG_028'),
(4315, 144, 'OG_028'),
(4316, 144, 'CS2_042'),
(4317, 144, 'CS2_042'),
(4318, 144, 'BRM_028'),
(4319, 144, 'EX1_298'),
(4320, 144, 'LOE_092'),
(4321, 145, 'EX1_607'),
(4322, 145, 'CS2_108'),
(4323, 145, 'CS2_108'),
(4324, 145, 'OG_314'),
(4325, 145, 'CS2_106'),
(4326, 145, 'CS2_106'),
(4327, 145, 'CS2_105'),
(4328, 145, 'CS2_105'),
(4329, 145, 'CS2_114'),
(4330, 145, 'CS2_114'),
(4331, 145, 'OG_281'),
(4332, 145, 'OG_281'),
(4333, 145, 'EX1_162'),
(4334, 145, 'EX1_604'),
(4335, 145, 'EX1_604'),
(4336, 145, 'EX1_084'),
(4337, 145, 'OG_162'),
(4338, 145, 'OG_149'),
(4339, 145, 'CS2_125'),
(4340, 145, 'EX1_606'),
(4341, 145, 'OG_327'),
(4342, 145, 'OG_218'),
(4343, 145, 'CS2_179'),
(4344, 145, 'OG_283'),
(4345, 145, 'OG_283'),
(4346, 145, 'NEW1_011'),
(4347, 145, 'OG_321'),
(4348, 145, 'CS2_112'),
(4349, 145, 'CS2_222'),
(4350, 145, 'OG_280'),
(4351, 146, 'BRM_022'),
(4352, 146, 'EX1_008'),
(4353, 146, 'EX1_008'),
(4354, 146, 'EX1_136'),
(4355, 146, 'EX1_130'),
(4356, 146, 'CS2_188'),
(4357, 146, 'CS2_188'),
(4358, 146, 'AT_073'),
(4359, 146, 'BRM_022'),
(4360, 146, 'OG_310'),
(4361, 146, 'OG_310'),
(4362, 146, 'OG_222'),
(4363, 146, 'OG_222'),
(4364, 146, 'EX1_382'),
(4365, 146, 'EX1_382'),
(4366, 146, 'CS2_097'),
(4367, 146, 'EX1_093'),
(4368, 146, 'CS2_092'),
(4369, 146, 'CS2_093'),
(4370, 146, 'CS2_093'),
(4371, 146, 'CS2_092'),
(4372, 146, 'EX1_093'),
(4373, 146, 'LOE_017'),
(4374, 146, 'LOE_017'),
(4375, 146, 'CS2_097'),
(4376, 146, 'EX1_116'),
(4377, 146, 'EX1_384'),
(4378, 146, 'AT_079'),
(4379, 146, 'AT_079'),
(4380, 146, 'EX1_383'),
(4381, 147, 'EX1_410'),
(4382, 147, 'EX1_410'),
(4383, 147, 'CS2_108'),
(4384, 147, 'CS2_108'),
(4385, 147, 'CS2_106'),
(4386, 147, 'CS2_106'),
(4387, 147, 'EX1_391'),
(4388, 147, 'BRM_015'),
(4389, 147, 'BRM_015'),
(4390, 147, 'NEW1_021'),
(4391, 147, 'EX1_007'),
(4392, 147, 'OG_149'),
(4393, 147, 'OG_149'),
(4394, 147, 'EX1_606'),
(4395, 147, 'EX1_606'),
(4396, 147, 'AT_064'),
(4397, 147, 'AT_064'),
(4398, 147, 'OG_218'),
(4399, 147, 'OG_218'),
(4400, 147, 'OG_249'),
(4401, 147, 'EX1_407'),
(4402, 147, 'EX1_407'),
(4403, 147, 'EX1_110'),
(4404, 147, 'AT_132'),
(4405, 147, 'EX1_016'),
(4406, 147, 'EX1_249'),
(4407, 147, 'AT_123'),
(4408, 147, 'EX1_414'),
(4409, 147, 'EX1_572'),
(4410, 147, 'OG_133'),
(4411, 148, 'CS2_045'),
(4412, 148, 'CS2_045'),
(4413, 148, 'EX1_008'),
(4414, 148, 'EX1_008'),
(4415, 148, 'LOE_018'),
(4416, 148, 'LOE_018'),
(4417, 148, 'AT_052'),
(4418, 148, 'AT_052'),
(4419, 148, 'AT_094'),
(4420, 148, 'AT_094'),
(4421, 148, 'EX1_565'),
(4422, 148, 'EX1_565'),
(4423, 148, 'EX1_248'),
(4424, 148, 'EX1_248'),
(4425, 148, 'EX1_246'),
(4426, 148, 'EX1_246'),
(4427, 148, 'EX1_259'),
(4428, 148, 'EX1_259'),
(4429, 148, 'EX1_575'),
(4430, 148, 'AT_046'),
(4431, 148, 'AT_046'),
(4432, 148, 'OG_024'),
(4433, 148, 'OG_024'),
(4434, 148, 'CS2_046'),
(4435, 148, 'EX1_284'),
(4436, 148, 'EX1_284'),
(4437, 148, 'EX1_567'),
(4438, 148, 'AT_049'),
(4439, 148, 'OG_028'),
(4440, 148, 'OG_028'),
(4441, 149, 'EX1_145'),
(4442, 149, 'CS2_072'),
(4443, 149, 'CS2_072'),
(4444, 149, 'CS2_073'),
(4445, 149, 'LOE_076'),
(4446, 149, 'EX1_096'),
(4447, 149, 'EX1_124'),
(4448, 149, 'EX1_124'),
(4449, 149, 'EX1_012'),
(4450, 149, 'OG_330'),
(4451, 149, 'OG_330'),
(4452, 149, 'EX1_581'),
(4453, 149, 'EX1_134'),
(4454, 149, 'OG_176'),
(4455, 149, 'OG_176'),
(4456, 149, 'AT_035'),
(4457, 149, 'EX1_134'),
(4458, 149, 'LOE_019'),
(4459, 149, 'LOE_019'),
(4460, 149, 'EX1_129'),
(4461, 149, 'EX1_093'),
(4462, 149, 'OG_272'),
(4463, 149, 'OG_272'),
(4464, 149, 'LOE_012'),
(4465, 149, 'EX1_284'),
(4466, 149, 'EX1_284'),
(4467, 149, 'BRM_008'),
(4468, 149, 'EX1_110'),
(4469, 149, 'EX1_016'),
(4470, 149, 'OG_133'),
(4471, 150, 'CS2_027'),
(4472, 150, 'CS2_027'),
(4473, 150, 'NEW1_012'),
(4474, 150, 'NEW1_012'),
(4475, 150, 'EX1_277'),
(4476, 150, 'EX1_277'),
(4477, 150, 'CS2_024'),
(4478, 150, 'CS2_024'),
(4479, 150, 'EX1_608'),
(4480, 150, 'EX1_608'),
(4481, 150, 'EX1_096'),
(4482, 150, 'EX1_096'),
(4483, 150, 'OG_156'),
(4484, 150, 'EX1_287'),
(4485, 150, 'EX1_594'),
(4486, 150, 'CS2_023'),
(4487, 150, 'CS2_023'),
(4488, 150, 'LOE_002'),
(4489, 150, 'LOE_002'),
(4490, 150, 'AT_087'),
(4491, 150, 'FP1_029'),
(4492, 150, 'EX1_007'),
(4493, 150, 'CS2_033'),
(4494, 150, 'CS2_022'),
(4495, 150, 'CS2_029'),
(4496, 150, 'CS2_029'),
(4497, 150, 'EX1_048'),
(4498, 150, 'LOE_003'),
(4499, 150, 'OG_090'),
(4500, 150, 'CS2_032'),
(4501, 151, 'EX1_607'),
(4502, 151, 'EX1_607'),
(4503, 151, 'CS2_108'),
(4504, 151, 'CS2_108'),
(4505, 151, 'OG_314'),
(4506, 151, 'OG_314'),
(4507, 151, 'LOE_076'),
(4508, 151, 'EX1_400'),
(4509, 151, 'EX1_400'),
(4510, 151, 'CS2_106'),
(4511, 151, 'CS2_106'),
(4512, 151, 'EX1_391'),
(4513, 151, 'EX1_391'),
(4514, 151, 'EX1_402'),
(4515, 151, 'EX1_402'),
(4516, 151, 'EX1_392'),
(4517, 151, 'EX1_392'),
(4518, 151, 'NEW1_020'),
(4519, 151, 'OG_149'),
(4520, 151, 'EX1_007'),
(4521, 151, 'EX1_604'),
(4522, 151, 'EX1_604'),
(4523, 151, 'OG_149'),
(4524, 151, 'EX1_007'),
(4525, 151, 'OG_218'),
(4526, 151, 'OG_218'),
(4527, 151, 'EX1_398'),
(4528, 151, 'BRM_019'),
(4529, 151, 'BRM_019'),
(4530, 151, 'EX1_414'),
(4531, 152, 'OG_198'),
(4532, 152, 'OG_198'),
(4533, 152, 'EX1_619'),
(4534, 152, 'EX1_619'),
(4535, 152, 'EX1_066'),
(4536, 152, 'NEW1_021'),
(4537, 152, 'NEW1_021'),
(4538, 152, 'EX1_382'),
(4539, 152, 'EX1_382'),
(4540, 152, 'BRM_033'),
(4541, 152, 'BRM_033'),
(4542, 152, 'CS2_093'),
(4543, 152, 'CS2_093'),
(4544, 152, 'AT_017'),
(4545, 152, 'AT_017'),
(4546, 152, 'LOE_017'),
(4547, 152, 'CS2_097'),
(4548, 152, 'CS2_097'),
(4549, 152, 'BRM_018'),
(4550, 152, 'BRM_018'),
(4551, 152, 'BRM_034'),
(4552, 152, 'BRM_034'),
(4553, 152, 'EX1_284'),
(4554, 152, 'EX1_284'),
(4555, 152, 'EX1_016'),
(4556, 152, 'AT_123'),
(4557, 152, 'BRM_031'),
(4558, 152, 'EX1_383'),
(4559, 152, 'EX1_572'),
(4560, 152, 'OG_133'),
(4561, 153, 'OG_198'),
(4562, 153, 'OG_198'),
(4563, 153, 'EX1_360'),
(4564, 153, 'EX1_360'),
(4565, 153, 'EX1_619'),
(4566, 153, 'EX1_066'),
(4567, 153, 'NEW1_020'),
(4568, 153, 'NEW1_020'),
(4569, 153, 'EX1_619'),
(4570, 153, 'NEW1_021'),
(4571, 153, 'NEW1_021'),
(4572, 153, 'EX1_007'),
(4573, 153, 'EX1_382'),
(4574, 153, 'EX1_382'),
(4575, 153, 'CS2_093'),
(4576, 153, 'CS2_093'),
(4577, 153, 'CS2_097'),
(4578, 153, 'CS2_097'),
(4579, 153, 'EX1_048'),
(4580, 153, 'NEW1_041'),
(4581, 153, 'NEW1_041'),
(4582, 153, 'BRM_001'),
(4583, 153, 'EX1_110'),
(4584, 153, 'AT_132'),
(4585, 153, 'EX1_016'),
(4586, 153, 'AT_081'),
(4587, 153, 'EX1_298'),
(4588, 153, 'OG_229'),
(4589, 153, 'EX1_383'),
(4590, 153, 'OG_133'),
(4591, 154, 'OG_101'),
(4592, 154, 'CS2_004'),
(4593, 154, 'BRM_004'),
(4594, 154, 'CS2_234'),
(4595, 154, 'LOE_006'),
(4596, 154, 'EX1_066'),
(4597, 154, 'AT_116'),
(4598, 154, 'EX1_339'),
(4599, 154, 'EX1_622'),
(4600, 154, 'BRM_033'),
(4601, 154, 'CS2_117'),
(4602, 154, 'OG_335'),
(4603, 154, 'EX1_345'),
(4604, 154, 'AT_111'),
(4605, 154, 'EX1_043'),
(4606, 154, 'AT_017'),
(4607, 154, 'CS1_112'),
(4608, 154, 'EX1_284'),
(4609, 154, 'EX1_005'),
(4610, 154, 'BRM_034'),
(4611, 154, 'OG_295'),
(4612, 154, 'LOE_111'),
(4613, 154, 'LOE_104'),
(4614, 154, 'LOE_011'),
(4615, 154, 'EX1_016'),
(4616, 154, 'BRM_028'),
(4617, 154, 'AT_123'),
(4618, 154, 'EX1_572'),
(4619, 154, 'OG_317'),
(4620, 154, 'OG_133'),
(4621, 155, 'EX1_008'),
(4622, 155, 'CS2_045'),
(4623, 155, 'CS2_045'),
(4624, 155, 'EX1_238'),
(4625, 155, 'EX1_238'),
(4626, 155, 'EX1_245'),
(4627, 155, 'EX1_245'),
(4628, 155, 'EX1_008'),
(4629, 155, 'CS2_188'),
(4630, 155, 'CS2_188'),
(4631, 155, 'LOE_018'),
(4632, 155, 'LOE_018'),
(4633, 155, 'AT_052'),
(4634, 155, 'AT_052'),
(4635, 155, 'AT_094'),
(4636, 155, 'AT_094'),
(4637, 155, 'AT_053'),
(4638, 155, 'AT_053'),
(4639, 155, 'EX1_565'),
(4640, 155, 'EX1_565'),
(4641, 155, 'AT_087'),
(4642, 155, 'AT_087'),
(4643, 155, 'EX1_241'),
(4644, 155, 'EX1_241'),
(4645, 155, 'EX1_248'),
(4646, 155, 'EX1_248'),
(4647, 155, 'OG_024'),
(4648, 155, 'OG_024'),
(4649, 155, 'EX1_567'),
(4650, 155, 'EX1_567'),
(4651, 156, 'EX1_316'),
(4652, 156, 'EX1_302'),
(4653, 156, 'EX1_058'),
(4654, 156, 'LOE_023'),
(4655, 156, 'EX1_066'),
(4656, 156, 'NEW1_021'),
(4657, 156, 'BRM_006'),
(4658, 156, 'CS2_057'),
(4659, 156, 'BRM_005'),
(4660, 156, 'CS2_117'),
(4661, 156, 'EX1_093'),
(4662, 156, 'EX1_043'),
(4663, 156, 'CS2_062'),
(4664, 156, 'CS2_179'),
(4665, 156, 'AT_111'),
(4666, 156, 'EX1_303'),
(4667, 156, 'EX1_048'),
(4668, 156, 'EX1_005'),
(4669, 156, 'NEW1_041'),
(4670, 156, 'EX1_116'),
(4671, 156, 'EX1_564'),
(4672, 156, 'LOE_011'),
(4673, 156, 'EX1_309'),
(4674, 156, 'EX1_016'),
(4675, 156, 'BRM_028'),
(4676, 156, 'EX1_312'),
(4677, 156, 'EX1_298'),
(4678, 156, 'EX1_561'),
(4679, 156, 'EX1_323'),
(4680, 156, 'EX1_105'),
(4681, 157, 'EX1_169'),
(4682, 157, 'EX1_169'),
(4683, 157, 'LOE_115'),
(4684, 157, 'LOE_115'),
(4685, 157, 'AT_037'),
(4686, 157, 'AT_037'),
(4687, 157, 'AT_042'),
(4688, 157, 'EX1_154'),
(4689, 157, 'AT_042'),
(4690, 157, 'EX1_154'),
(4691, 157, 'OG_048'),
(4692, 157, 'OG_048'),
(4693, 157, 'EX1_160'),
(4694, 157, 'EX1_160'),
(4695, 157, 'BRM_010'),
(4696, 157, 'BRM_010'),
(4697, 157, 'LOE_050'),
(4698, 157, 'LOE_050'),
(4699, 157, 'CS2_011'),
(4700, 157, 'CS2_011'),
(4701, 157, 'OG_044'),
(4702, 157, 'NEW1_026'),
(4703, 157, 'NEW1_026'),
(4704, 157, 'CS2_012'),
(4705, 157, 'CS2_012'),
(4706, 157, 'EX1_165'),
(4707, 157, 'EX1_165'),
(4708, 157, 'EX1_028'),
(4709, 157, 'EX1_028'),
(4710, 157, 'EX1_298'),
(4711, 158, 'EX1_621'),
(4712, 158, 'EX1_621'),
(4713, 158, 'CS2_004'),
(4714, 158, 'CS2_004'),
(4715, 158, 'CS2_235'),
(4716, 158, 'CS2_235'),
(4717, 158, 'FP1_001'),
(4718, 158, 'FP1_001'),
(4719, 158, 'OG_104'),
(4720, 158, 'OG_104'),
(4721, 158, 'LOE_006'),
(4722, 158, 'EX1_622'),
(4723, 158, 'EX1_622'),
(4724, 158, 'FP1_009'),
(4725, 158, 'EX1_591'),
(4726, 158, 'EX1_591'),
(4727, 158, 'CS1_112'),
(4728, 158, 'CS1_112'),
(4729, 158, 'OG_147'),
(4730, 158, 'OG_147'),
(4731, 158, 'EX1_091'),
(4732, 158, 'GVG_008'),
(4733, 158, 'GVG_008'),
(4734, 158, 'OG_316'),
(4735, 158, 'LOE_104'),
(4736, 158, 'AT_132'),
(4737, 158, 'BRM_028'),
(4738, 158, 'EX1_016'),
(4739, 158, 'EX1_298'),
(4740, 158, 'OG_133'),
(4741, 159, 'EX1_145'),
(4742, 159, 'CS2_072'),
(4743, 159, 'CS2_072'),
(4744, 159, 'CS2_073'),
(4745, 159, 'EX1_096'),
(4746, 159, 'EX1_124'),
(4747, 159, 'EX1_124'),
(4748, 159, 'EX1_012'),
(4749, 159, 'OG_330'),
(4750, 159, 'OG_330'),
(4751, 159, 'EX1_581'),
(4752, 159, 'EX1_134'),
(4753, 159, 'OG_176'),
(4754, 159, 'OG_176'),
(4755, 159, 'AT_035'),
(4756, 159, 'LOE_019'),
(4757, 159, 'EX1_134'),
(4758, 159, 'LOE_019'),
(4759, 159, 'EX1_129'),
(4760, 159, 'OG_272'),
(4761, 159, 'OG_272'),
(4762, 159, 'LOE_012'),
(4763, 159, 'EX1_284'),
(4764, 159, 'BRM_008'),
(4765, 159, 'EX1_284'),
(4766, 159, 'EX1_110'),
(4767, 159, 'EX1_016');
INSERT INTO `card_deck` (`card_deck_id`, `deck_id`, `card_id`) VALUES
(4768, 159, 'CS2_077'),
(4769, 159, 'EX1_298'),
(4770, 159, 'OG_133'),
(4771, 160, 'EX1_621'),
(4772, 160, 'EX1_621'),
(4773, 160, 'OG_101'),
(4774, 160, 'OG_101'),
(4775, 160, 'AT_055'),
(4776, 160, 'AT_055'),
(4777, 160, 'OG_104'),
(4778, 160, 'LOE_006'),
(4779, 160, 'LOE_006'),
(4780, 160, 'CS2_234'),
(4781, 160, 'CS2_234'),
(4782, 160, 'NEW1_021'),
(4783, 160, 'NEW1_021'),
(4784, 160, 'EX1_622'),
(4785, 160, 'EX1_622'),
(4786, 160, 'EX1_334'),
(4787, 160, 'OG_335'),
(4788, 160, 'OG_335'),
(4789, 160, 'EX1_591'),
(4790, 160, 'EX1_591'),
(4791, 160, 'EX1_558'),
(4792, 160, 'LOE_111'),
(4793, 160, 'LOE_111'),
(4794, 160, 'EX1_091'),
(4795, 160, 'EX1_091'),
(4796, 160, 'AT_132'),
(4797, 160, 'EX1_016'),
(4798, 160, 'LOE_104'),
(4799, 160, 'LOE_104'),
(4800, 160, 'OG_133'),
(4801, 161, 'EX1_410'),
(4802, 161, 'EX1_410'),
(4803, 161, 'CS2_108'),
(4804, 161, 'CS2_108'),
(4805, 161, 'CS2_106'),
(4806, 161, 'CS2_106'),
(4807, 161, 'EX1_391'),
(4808, 161, 'BRM_015'),
(4809, 161, 'BRM_015'),
(4810, 161, 'NEW1_021'),
(4811, 161, 'NEW1_021'),
(4812, 161, 'EX1_007'),
(4813, 161, 'EX1_007'),
(4814, 161, 'EX1_606'),
(4815, 161, 'EX1_606'),
(4816, 161, 'AT_064'),
(4817, 161, 'AT_064'),
(4818, 161, 'OG_218'),
(4819, 161, 'OG_218'),
(4820, 161, 'LOE_079'),
(4821, 161, 'EX1_558'),
(4822, 161, 'EX1_407'),
(4823, 161, 'EX1_407'),
(4824, 161, 'EX1_110'),
(4825, 161, 'AT_132'),
(4826, 161, 'EX1_016'),
(4827, 161, 'EX1_249'),
(4828, 161, 'EX1_411'),
(4829, 161, 'EX1_414'),
(4830, 161, 'EX1_561'),
(4831, 162, 'EX1_316'),
(4832, 162, 'EX1_302'),
(4833, 162, 'LOE_023'),
(4834, 162, 'EX1_066'),
(4835, 162, 'NEW1_021'),
(4836, 162, 'LOE_077'),
(4837, 162, 'BRM_006'),
(4838, 162, 'CS2_057'),
(4839, 162, 'BRM_005'),
(4840, 162, 'EX1_085'),
(4841, 162, 'CS2_117'),
(4842, 162, 'EX1_093'),
(4843, 162, 'EX1_043'),
(4844, 162, 'CS2_062'),
(4845, 162, 'CS2_179'),
(4846, 162, 'AT_111'),
(4847, 162, 'EX1_303'),
(4848, 162, 'EX1_048'),
(4849, 162, 'NEW1_041'),
(4850, 162, 'EX1_116'),
(4851, 162, 'EX1_564'),
(4852, 162, 'OG_295'),
(4853, 162, 'LOE_011'),
(4854, 162, 'EX1_309'),
(4855, 162, 'EX1_016'),
(4856, 162, 'BRM_028'),
(4857, 162, 'EX1_312'),
(4858, 162, 'EX1_561'),
(4859, 162, 'EX1_323'),
(4860, 162, 'EX1_105'),
(4861, 163, 'EX1_145'),
(4862, 163, 'EX1_145'),
(4863, 163, 'CS2_072'),
(4864, 163, 'CS2_072'),
(4865, 163, 'EX1_128'),
(4866, 163, 'CS2_073'),
(4867, 163, 'CS2_073'),
(4868, 163, 'CS2_074'),
(4869, 163, 'EX1_128'),
(4870, 163, 'OG_072'),
(4871, 163, 'EX1_124'),
(4872, 163, 'EX1_124'),
(4873, 163, 'EX1_012'),
(4874, 163, 'EX1_581'),
(4875, 163, 'EX1_581'),
(4876, 163, 'EX1_134'),
(4877, 163, 'EX1_134'),
(4878, 163, 'OG_176'),
(4879, 163, 'EX1_613'),
(4880, 163, 'EX1_129'),
(4881, 163, 'EX1_129'),
(4882, 163, 'NEW1_026'),
(4883, 163, 'LOE_012'),
(4884, 163, 'LOE_012'),
(4885, 163, 'OG_080'),
(4886, 163, 'EX1_284'),
(4887, 163, 'EX1_284'),
(4888, 163, 'EX1_116'),
(4889, 163, 'EX1_095'),
(4890, 163, 'EX1_095'),
(4891, 164, 'OG_312'),
(4892, 164, 'OG_312'),
(4893, 164, 'EX1_409'),
(4894, 164, 'EX1_409'),
(4895, 164, 'OG_314'),
(4896, 164, 'OG_314'),
(4897, 164, 'LOE_076'),
(4898, 164, 'CS2_146'),
(4899, 164, 'CS2_146'),
(4900, 164, 'CS2_106'),
(4901, 164, 'CS2_106'),
(4902, 164, 'CS2_105'),
(4903, 164, 'CS2_105'),
(4904, 164, 'NEW1_018'),
(4905, 164, 'NEW1_018'),
(4906, 164, 'AT_094'),
(4907, 164, 'AT_094'),
(4908, 164, 'EX1_604'),
(4909, 164, 'EX1_604'),
(4910, 164, 'OG_315'),
(4911, 164, 'OG_315'),
(4912, 164, 'EX1_408'),
(4913, 164, 'EX1_408'),
(4914, 164, 'NEW1_022'),
(4915, 164, 'NEW1_022'),
(4916, 164, 'EX1_398'),
(4917, 164, 'NEW1_011'),
(4918, 164, 'NEW1_011'),
(4919, 164, 'CS2_112'),
(4920, 164, 'CS2_112'),
(4921, 165, 'EX1_144'),
(4922, 165, 'EX1_145'),
(4923, 165, 'EX1_145'),
(4924, 165, 'CS2_072'),
(4925, 165, 'CS2_072'),
(4926, 165, 'EX1_128'),
(4927, 165, 'EX1_128'),
(4928, 165, 'CS2_073'),
(4929, 165, 'CS2_073'),
(4930, 165, 'CS2_074'),
(4931, 165, 'EX1_278'),
(4932, 165, 'EX1_278'),
(4933, 165, 'EX1_124'),
(4934, 165, 'EX1_124'),
(4935, 165, 'EX1_012'),
(4936, 165, 'EX1_581'),
(4937, 165, 'EX1_581'),
(4938, 165, 'EX1_134'),
(4939, 165, 'EX1_134'),
(4940, 165, 'EX1_613'),
(4941, 165, 'EX1_129'),
(4942, 165, 'EX1_129'),
(4943, 165, 'NEW1_026'),
(4944, 165, 'LOE_012'),
(4945, 165, 'LOE_012'),
(4946, 165, 'EX1_284'),
(4947, 165, 'EX1_284'),
(4948, 165, 'EX1_116'),
(4949, 165, 'EX1_095'),
(4950, 165, 'EX1_095'),
(4951, 166, 'EX1_607'),
(4952, 166, 'EX1_607'),
(4953, 166, 'CS2_108'),
(4954, 166, 'CS2_108'),
(4955, 166, 'EX1_603'),
(4956, 166, 'CS2_104'),
(4957, 166, 'CS2_104'),
(4958, 166, 'CS2_106'),
(4959, 166, 'CS2_106'),
(4960, 166, 'EX1_391'),
(4961, 166, 'EX1_391'),
(4962, 166, 'EX1_096'),
(4963, 166, 'EX1_096'),
(4964, 166, 'EX1_606'),
(4965, 166, 'EX1_606'),
(4966, 166, 'CS2_103'),
(4967, 166, 'CS2_103'),
(4968, 166, 'AT_064'),
(4969, 166, 'AT_064'),
(4970, 166, 'EX1_007'),
(4971, 166, 'EX1_007'),
(4972, 166, 'EX1_050'),
(4973, 166, 'EX1_050'),
(4974, 166, 'EX1_412'),
(4975, 166, 'EX1_412'),
(4976, 166, 'NEW1_011'),
(4977, 166, 'NEW1_011'),
(4978, 166, 'OG_218'),
(4979, 166, 'OG_218'),
(4980, 166, 'EX1_407'),
(4981, 167, 'CS2_045'),
(4982, 167, 'CS2_045'),
(4983, 167, 'EX1_238'),
(4984, 167, 'EX1_238'),
(4985, 167, 'OG_156'),
(4986, 167, 'OG_156'),
(4987, 167, 'AT_052'),
(4988, 167, 'AT_052'),
(4989, 167, 'EX1_015'),
(4990, 167, 'EX1_066'),
(4991, 167, 'EX1_565'),
(4992, 167, 'EX1_565'),
(4993, 167, 'EX1_246'),
(4994, 167, 'EX1_246'),
(4995, 167, 'AT_046'),
(4996, 167, 'AT_046'),
(4997, 167, 'EX1_258'),
(4998, 167, 'EX1_258'),
(4999, 167, 'OG_024'),
(5000, 167, 'OG_024'),
(5001, 167, 'CS2_147'),
(5002, 167, 'CS2_147'),
(5003, 167, 'OG_249'),
(5004, 167, 'OG_145'),
(5005, 167, 'OG_145'),
(5006, 167, 'CS2_226'),
(5007, 167, 'CS2_226'),
(5008, 167, 'CS2_042'),
(5009, 167, 'CS2_042'),
(5010, 167, 'CS2_222'),
(5011, 168, 'AT_004'),
(5012, 168, 'NEW1_012'),
(5013, 168, 'NEW1_012'),
(5014, 168, 'CS2_027'),
(5015, 168, 'CS2_027'),
(5016, 168, 'EX1_277'),
(5017, 168, 'EX1_277'),
(5018, 168, 'CS2_024'),
(5019, 168, 'CS2_024'),
(5020, 168, 'AT_094'),
(5021, 168, 'AT_094'),
(5022, 168, 'EX1_608'),
(5023, 168, 'EX1_608'),
(5024, 168, 'BRM_002'),
(5025, 168, 'BRM_002'),
(5026, 168, 'CS2_023'),
(5027, 168, 'CS2_117'),
(5028, 168, 'CS2_117'),
(5029, 168, 'LOE_002'),
(5030, 168, 'LOE_119'),
(5031, 168, 'CS2_033'),
(5032, 168, 'CS2_033'),
(5033, 168, 'CS2_029'),
(5034, 168, 'CS2_029'),
(5035, 168, 'EX1_284'),
(5036, 168, 'EX1_284'),
(5037, 168, 'LOE_003'),
(5038, 168, 'OG_207'),
(5039, 168, 'OG_207'),
(5040, 168, 'CS2_032'),
(5041, 169, 'OG_221'),
(5042, 169, 'OG_221'),
(5043, 169, 'OG_223'),
(5044, 169, 'OG_223'),
(5045, 169, 'EX1_008'),
(5046, 169, 'EX1_008'),
(5047, 169, 'CS2_188'),
(5048, 169, 'CS2_188'),
(5049, 169, 'OG_156'),
(5050, 169, 'OG_156'),
(5051, 169, 'AT_094'),
(5052, 169, 'AT_094'),
(5053, 169, 'EX1_362'),
(5054, 169, 'EX1_362'),
(5055, 169, 'AT_087'),
(5056, 169, 'AT_087'),
(5057, 169, 'EX1_590'),
(5058, 169, 'OG_310'),
(5059, 169, 'OG_310'),
(5060, 169, 'EX1_349'),
(5061, 169, 'EX1_349'),
(5062, 169, 'OG_222'),
(5063, 169, 'OG_222'),
(5064, 169, 'CS2_093'),
(5065, 169, 'EX1_093'),
(5066, 169, 'LOE_017'),
(5067, 169, 'LOE_017'),
(5068, 169, 'CS2_097'),
(5069, 169, 'CS2_097'),
(5070, 169, 'EX1_116'),
(5071, 170, 'OG_086'),
(5072, 170, 'NEW1_012'),
(5073, 170, 'NEW1_012'),
(5074, 170, 'CS2_027'),
(5075, 170, 'CS2_027'),
(5076, 170, 'EX1_277'),
(5077, 170, 'EX1_277'),
(5078, 170, 'CS2_024'),
(5079, 170, 'CS2_024'),
(5080, 170, 'OG_081'),
(5081, 170, 'EX1_608'),
(5082, 170, 'EX1_608'),
(5083, 170, 'BRM_002'),
(5084, 170, 'BRM_002'),
(5085, 170, 'EX1_294'),
(5086, 170, 'CS2_023'),
(5087, 170, 'CS2_023'),
(5088, 170, 'OG_083'),
(5089, 170, 'CS2_033'),
(5090, 170, 'CS2_033'),
(5091, 170, 'CS2_029'),
(5092, 170, 'CS2_029'),
(5093, 170, 'LOE_003'),
(5094, 170, 'LOE_003'),
(5095, 170, 'OG_087'),
(5096, 170, 'OG_087'),
(5097, 170, 'OG_207'),
(5098, 170, 'OG_207'),
(5099, 170, 'EX1_559'),
(5100, 170, 'OG_134'),
(5101, 171, 'EX1_008'),
(5102, 171, 'EX1_302'),
(5103, 171, 'EX1_308'),
(5104, 171, 'EX1_008'),
(5105, 171, 'CS2_065'),
(5106, 171, 'EX1_319'),
(5107, 171, 'OG_241'),
(5108, 171, 'EX1_308'),
(5109, 171, 'CS2_065'),
(5110, 171, 'OG_241'),
(5111, 171, 'EX1_316'),
(5112, 171, 'CS2_188'),
(5113, 171, 'EX1_316'),
(5114, 171, 'CS2_188'),
(5115, 171, 'EX1_302'),
(5116, 171, 'EX1_162'),
(5117, 171, 'AT_094'),
(5118, 171, 'NEW1_019'),
(5119, 171, 'LOE_023'),
(5120, 171, 'LOE_023'),
(5121, 171, 'AT_094'),
(5122, 171, 'NEW1_019'),
(5123, 171, 'EX1_162'),
(5124, 171, 'BRM_006'),
(5125, 171, 'BRM_006'),
(5126, 171, 'OG_113'),
(5127, 171, 'OG_113'),
(5128, 171, 'EX1_284'),
(5129, 171, 'EX1_284'),
(5130, 171, 'EX1_116'),
(5131, 172, 'EX1_621'),
(5132, 172, 'EX1_621'),
(5133, 172, 'EX1_332'),
(5134, 172, 'CS2_235'),
(5135, 172, 'CS2_235'),
(5136, 172, 'AT_055'),
(5137, 172, 'AT_055'),
(5138, 172, 'CS2_004'),
(5139, 172, 'CS2_004'),
(5140, 172, 'NEW1_020'),
(5141, 172, 'NEW1_020'),
(5142, 172, 'EX1_096'),
(5143, 172, 'CS2_181'),
(5144, 172, 'CS2_181'),
(5145, 172, 'EX1_622'),
(5146, 172, 'EX1_622'),
(5147, 172, 'OG_335'),
(5148, 172, 'EX1_591'),
(5149, 172, 'EX1_591'),
(5150, 172, 'OG_234'),
(5151, 172, 'OG_234'),
(5152, 172, 'OG_147'),
(5153, 172, 'OG_147'),
(5154, 172, 'CS1_112'),
(5155, 172, 'OG_316'),
(5156, 172, 'EX1_091'),
(5157, 172, 'EX1_110'),
(5158, 172, 'EX1_016'),
(5159, 172, 'LOE_104'),
(5160, 172, 'OG_133'),
(5161, 173, 'OG_221'),
(5162, 173, 'OG_221'),
(5163, 173, 'EX1_008'),
(5164, 173, 'EX1_008'),
(5165, 173, 'CS2_188'),
(5166, 173, 'CS2_188'),
(5167, 173, 'OG_156'),
(5168, 173, 'OG_156'),
(5169, 173, 'EX1_619'),
(5170, 173, 'EX1_362'),
(5171, 173, 'EX1_362'),
(5172, 173, 'AT_087'),
(5173, 173, 'AT_087'),
(5174, 173, 'EX1_590'),
(5175, 173, 'OG_310'),
(5176, 173, 'OG_310'),
(5177, 173, 'EX1_349'),
(5178, 173, 'EX1_382'),
(5179, 173, 'OG_222'),
(5180, 173, 'OG_222'),
(5181, 173, 'EX1_349'),
(5182, 173, 'AT_074'),
(5183, 173, 'CS2_092'),
(5184, 173, 'CS2_092'),
(5185, 173, 'CS2_093'),
(5186, 173, 'LOE_017'),
(5187, 173, 'LOE_017'),
(5188, 173, 'CS2_097'),
(5189, 173, 'CS2_097'),
(5190, 173, 'OG_273'),
(5191, 174, 'CS2_065'),
(5192, 174, 'CS2_188'),
(5193, 174, 'EX1_302'),
(5194, 174, 'OG_281'),
(5195, 174, 'LOE_023'),
(5196, 174, 'NEW1_021'),
(5197, 174, 'OG_286'),
(5198, 174, 'LOE_077'),
(5199, 174, 'BRM_006'),
(5200, 174, 'OG_162'),
(5201, 174, 'BRM_005'),
(5202, 174, 'CS2_117'),
(5203, 174, 'EX1_093'),
(5204, 174, 'EX1_043'),
(5205, 174, 'CS2_062'),
(5206, 174, 'AT_111'),
(5207, 174, 'EX1_303'),
(5208, 174, 'OG_283'),
(5209, 174, 'OG_321'),
(5210, 174, 'EX1_005'),
(5211, 174, 'OG_295'),
(5212, 174, 'OG_302'),
(5213, 174, 'LOE_011'),
(5214, 174, 'EX1_309'),
(5215, 174, 'EX1_016'),
(5216, 174, 'BRM_028'),
(5217, 174, 'OG_131'),
(5218, 174, 'EX1_312'),
(5219, 174, 'EX1_323'),
(5220, 174, 'OG_280'),
(5221, 175, 'CS2_031'),
(5222, 175, 'CS2_031'),
(5223, 175, 'CS2_024'),
(5224, 175, 'CS2_024'),
(5225, 175, 'EX1_015'),
(5226, 175, 'EX1_015'),
(5227, 175, 'EX1_096'),
(5228, 175, 'EX1_096'),
(5229, 175, 'EX1_012'),
(5230, 175, 'NEW1_021'),
(5231, 175, 'NEW1_021'),
(5232, 175, 'EX1_007'),
(5233, 175, 'EX1_289'),
(5234, 175, 'EX1_289'),
(5235, 175, 'LOE_002'),
(5236, 175, 'LOE_002'),
(5237, 175, 'CS2_026'),
(5238, 175, 'EX1_295'),
(5239, 175, 'CS2_026'),
(5240, 175, 'CS2_023'),
(5241, 175, 'CS2_023'),
(5242, 175, 'EX1_295'),
(5243, 175, 'CS2_029'),
(5244, 175, 'CS2_029'),
(5245, 175, 'BRM_028'),
(5246, 175, 'CS2_028'),
(5247, 175, 'CS2_028'),
(5248, 175, 'CS2_032'),
(5249, 175, 'EX1_561'),
(5250, 175, 'EX1_279'),
(5251, 176, 'EX1_145'),
(5252, 176, 'EX1_145'),
(5253, 176, 'CS2_072'),
(5254, 176, 'CS2_072'),
(5255, 176, 'EX1_128'),
(5256, 176, 'CS2_073'),
(5257, 176, 'CS2_073'),
(5258, 176, 'CS2_146'),
(5259, 176, 'CS2_074'),
(5260, 176, 'EX1_278'),
(5261, 176, 'EX1_278'),
(5262, 176, 'EX1_124'),
(5263, 176, 'EX1_124'),
(5264, 176, 'EX1_012'),
(5265, 176, 'EX1_581'),
(5266, 176, 'EX1_581'),
(5267, 176, 'EX1_129'),
(5268, 176, 'CS2_117'),
(5269, 176, 'EX1_134'),
(5270, 176, 'OG_176'),
(5271, 176, 'OG_176'),
(5272, 176, 'EX1_613'),
(5273, 176, 'EX1_134'),
(5274, 176, 'EX1_129'),
(5275, 176, 'OG_080'),
(5276, 176, 'EX1_284'),
(5277, 176, 'EX1_284'),
(5278, 176, 'EX1_564'),
(5279, 176, 'EX1_095'),
(5280, 176, 'EX1_095'),
(5281, 177, 'OG_114'),
(5282, 177, 'OG_114'),
(5283, 177, 'EX1_319'),
(5284, 177, 'EX1_319'),
(5285, 177, 'CS2_065'),
(5286, 177, 'CS2_065'),
(5287, 177, 'OG_241'),
(5288, 177, 'EX1_316'),
(5289, 177, 'EX1_316'),
(5290, 177, 'CS2_188'),
(5291, 177, 'CS2_188'),
(5292, 177, 'OG_156'),
(5293, 177, 'NEW1_019'),
(5294, 177, 'NEW1_019'),
(5295, 177, 'LOE_023'),
(5296, 177, 'LOE_023'),
(5297, 177, 'AT_094'),
(5298, 177, 'EX1_162'),
(5299, 177, 'LOE_077'),
(5300, 177, 'BRM_006'),
(5301, 177, 'BRM_006'),
(5302, 177, 'OG_113'),
(5303, 177, 'OG_113'),
(5304, 177, 'EX1_093'),
(5305, 177, 'EX1_093'),
(5306, 177, 'AT_122'),
(5307, 177, 'EX1_048'),
(5308, 177, 'EX1_116'),
(5309, 177, 'EX1_586'),
(5310, 177, 'EX1_586'),
(5311, 178, 'EX1_169'),
(5312, 178, 'EX1_169'),
(5313, 178, 'AT_037'),
(5314, 178, 'AT_037'),
(5315, 178, 'LOE_115'),
(5316, 178, 'LOE_115'),
(5317, 178, 'EX1_154'),
(5318, 178, 'EX1_154'),
(5319, 178, 'CS2_013'),
(5320, 178, 'CS2_013'),
(5321, 178, 'EX1_085'),
(5322, 178, 'OG_044'),
(5323, 178, 'OG_202'),
(5324, 178, 'OG_202'),
(5325, 178, 'CS2_012'),
(5326, 178, 'CS2_012'),
(5327, 178, 'EX1_048'),
(5328, 178, 'EX1_164'),
(5329, 178, 'EX1_165'),
(5330, 178, 'EX1_165'),
(5331, 178, 'EX1_284'),
(5332, 178, 'EX1_284'),
(5333, 178, 'EX1_002'),
(5334, 178, 'EX1_016'),
(5335, 178, 'BRM_028'),
(5336, 178, 'EX1_178'),
(5337, 178, 'EX1_178'),
(5338, 178, 'EX1_298'),
(5339, 178, 'EX1_572'),
(5340, 178, 'OG_042'),
(5341, 179, 'OG_114'),
(5342, 179, 'EX1_316'),
(5343, 179, 'CS2_188'),
(5344, 179, 'EX1_302'),
(5345, 179, 'LOE_023'),
(5346, 179, 'EX1_066'),
(5347, 179, 'NEW1_021'),
(5348, 179, 'LOE_077'),
(5349, 179, 'BRM_006'),
(5350, 179, 'CS2_057'),
(5351, 179, 'BRM_005'),
(5352, 179, 'CS2_117'),
(5353, 179, 'EX1_093'),
(5354, 179, 'EX1_043'),
(5355, 179, 'CS2_062'),
(5356, 179, 'CS2_179'),
(5357, 179, 'AT_111'),
(5358, 179, 'EX1_303'),
(5359, 179, 'EX1_005'),
(5360, 179, 'NEW1_041'),
(5361, 179, 'EX1_116'),
(5362, 179, 'OG_145'),
(5363, 179, 'EX1_564'),
(5364, 179, 'LOE_011'),
(5365, 179, 'EX1_309'),
(5366, 179, 'EX1_016'),
(5367, 179, 'BRM_028'),
(5368, 179, 'EX1_312'),
(5369, 179, 'EX1_561'),
(5370, 179, 'EX1_323'),
(5371, 180, 'CS2_108'),
(5372, 180, 'CS2_108'),
(5373, 180, 'OG_314'),
(5374, 180, 'OG_314'),
(5375, 180, 'EX1_400'),
(5376, 180, 'EX1_400'),
(5377, 180, 'CS2_106'),
(5378, 180, 'EX1_391'),
(5379, 180, 'CS2_106'),
(5380, 180, 'EX1_391'),
(5381, 180, 'EX1_402'),
(5382, 180, 'EX1_402'),
(5383, 180, 'EX1_392'),
(5384, 180, 'EX1_392'),
(5385, 180, 'EX1_007'),
(5386, 180, 'EX1_007'),
(5387, 180, 'EX1_604'),
(5388, 180, 'EX1_604'),
(5389, 180, 'OG_149'),
(5390, 180, 'OG_149'),
(5391, 180, 'LOE_022'),
(5392, 180, 'OG_218'),
(5393, 180, 'OG_218'),
(5394, 180, 'EX1_398'),
(5395, 180, 'EX1_398'),
(5396, 180, 'EX1_110'),
(5397, 180, 'OG_220'),
(5398, 180, 'EX1_414'),
(5399, 180, 'EX1_298'),
(5400, 180, 'AT_072'),
(5401, 181, 'OG_086'),
(5402, 181, 'NEW1_012'),
(5403, 181, 'NEW1_012'),
(5404, 181, 'EX1_277'),
(5405, 181, 'EX1_277'),
(5406, 181, 'CS2_024'),
(5407, 181, 'EX1_096'),
(5408, 181, 'EX1_096'),
(5409, 181, 'CS2_024'),
(5410, 181, 'EX1_295'),
(5411, 181, 'BRM_002'),
(5412, 181, 'BRM_002'),
(5413, 181, 'AT_002'),
(5414, 181, 'BRM_033'),
(5415, 181, 'BRM_033'),
(5416, 181, 'EX1_043'),
(5417, 181, 'AT_017'),
(5418, 181, 'AT_017'),
(5419, 181, 'CS2_022'),
(5420, 181, 'CS2_029'),
(5421, 181, 'CS2_029'),
(5422, 181, 'BRM_034'),
(5423, 181, 'BRM_034'),
(5424, 181, 'EX1_284'),
(5425, 181, 'EX1_284'),
(5426, 181, 'CS2_032'),
(5427, 181, 'CS2_032'),
(5428, 181, 'EX1_561'),
(5429, 181, 'EX1_572'),
(5430, 181, 'EX1_279'),
(5431, 182, 'EX1_169'),
(5432, 182, 'EX1_169'),
(5433, 182, 'CS2_013'),
(5434, 182, 'CS2_013'),
(5435, 182, 'AT_042'),
(5436, 182, 'AT_042'),
(5437, 182, 'AT_038'),
(5438, 182, 'AT_038'),
(5439, 182, 'EX1_154'),
(5440, 182, 'EX1_154'),
(5441, 182, 'OG_048'),
(5442, 182, 'OG_048'),
(5443, 182, 'CS2_011'),
(5444, 182, 'CS2_011'),
(5445, 182, 'LOE_050'),
(5446, 182, 'LOE_050'),
(5447, 182, 'CS2_012'),
(5448, 182, 'CS2_012'),
(5449, 182, 'AT_040'),
(5450, 182, 'AT_040'),
(5451, 182, 'LOE_047'),
(5452, 182, 'LOE_047'),
(5453, 182, 'AT_039'),
(5454, 182, 'AT_039'),
(5455, 182, 'EX1_165'),
(5456, 182, 'EX1_165'),
(5457, 182, 'EX1_164'),
(5458, 182, 'EX1_164'),
(5459, 182, 'AT_041'),
(5460, 182, 'AT_041'),
(5461, 183, 'EX1_607'),
(5462, 183, 'EX1_607'),
(5463, 183, 'CS2_108'),
(5464, 183, 'CS2_108'),
(5465, 183, 'OG_314'),
(5466, 183, 'OG_314'),
(5467, 183, 'EX1_400'),
(5468, 183, 'EX1_400'),
(5469, 183, 'CS2_106'),
(5470, 183, 'CS2_106'),
(5471, 183, 'EX1_391'),
(5472, 183, 'EX1_391'),
(5473, 183, 'EX1_402'),
(5474, 183, 'EX1_402'),
(5475, 183, 'EX1_392'),
(5476, 183, 'EX1_392'),
(5477, 183, 'OG_281'),
(5478, 183, 'EX1_604'),
(5479, 183, 'EX1_604'),
(5480, 183, 'OG_149'),
(5481, 183, 'OG_149'),
(5482, 183, 'OG_218'),
(5483, 183, 'OG_218'),
(5484, 183, 'NEW1_011'),
(5485, 183, 'NEW1_011'),
(5486, 183, 'OG_321'),
(5487, 183, 'BRM_019'),
(5488, 183, 'BRM_019'),
(5489, 183, 'BRM_028'),
(5490, 183, 'OG_280'),
(5491, 184, 'EX1_169'),
(5492, 184, 'EX1_169'),
(5493, 184, 'CS2_013'),
(5494, 184, 'EX1_154'),
(5495, 184, 'OG_281'),
(5496, 184, 'OG_281'),
(5497, 184, 'EX1_154'),
(5498, 184, 'CS2_013'),
(5499, 184, 'OG_286'),
(5500, 184, 'OG_286'),
(5501, 184, 'LOE_077'),
(5502, 184, 'OG_162'),
(5503, 184, 'OG_162'),
(5504, 184, 'OG_202'),
(5505, 184, 'OG_202'),
(5506, 184, 'OG_283'),
(5507, 184, 'OG_283'),
(5508, 184, 'CS2_012'),
(5509, 184, 'CS2_012'),
(5510, 184, 'OG_188'),
(5511, 184, 'OG_188'),
(5512, 184, 'OG_321'),
(5513, 184, 'OG_321'),
(5514, 184, 'EX1_284'),
(5515, 184, 'EX1_284'),
(5516, 184, 'OG_293'),
(5517, 184, 'OG_293'),
(5518, 184, 'BRM_028'),
(5519, 184, 'OG_131'),
(5520, 184, 'OG_280'),
(5521, 185, 'CS2_108'),
(5522, 185, 'CS2_108'),
(5523, 185, 'OG_312'),
(5524, 185, 'OG_312'),
(5525, 185, 'OG_314'),
(5526, 185, 'OG_314'),
(5527, 185, 'LOE_076'),
(5528, 185, 'CS2_106'),
(5529, 185, 'CS2_106'),
(5530, 185, 'EX1_603'),
(5531, 185, 'EX1_603'),
(5532, 185, 'AT_069'),
(5533, 185, 'AT_069'),
(5534, 185, 'EX1_392'),
(5535, 185, 'EX1_392'),
(5536, 185, 'NEW1_018'),
(5537, 185, 'NEW1_018'),
(5538, 185, 'OG_315'),
(5539, 185, 'OG_315'),
(5540, 185, 'AT_065'),
(5541, 185, 'AT_065'),
(5542, 185, 'LOE_022'),
(5543, 185, 'LOE_022'),
(5544, 185, 'NEW1_022'),
(5545, 185, 'NEW1_022'),
(5546, 185, 'NEW1_011'),
(5547, 185, 'NEW1_011'),
(5548, 185, 'NEW1_024'),
(5549, 185, 'CS2_112'),
(5550, 185, 'AT_070'),
(5551, 186, 'EX1_607'),
(5552, 186, 'CS2_108'),
(5553, 186, 'CS2_108'),
(5554, 186, 'CS2_106'),
(5555, 186, 'CS2_106'),
(5556, 186, 'EX1_391'),
(5557, 186, 'EX1_391'),
(5558, 186, 'EX1_402'),
(5559, 186, 'EX1_402'),
(5560, 186, 'EX1_392'),
(5561, 186, 'EX1_392'),
(5562, 186, 'EX1_007'),
(5563, 186, 'EX1_007'),
(5564, 186, 'OG_286'),
(5565, 186, 'OG_286'),
(5566, 186, 'OG_162'),
(5567, 186, 'OG_162'),
(5568, 186, 'OG_149'),
(5569, 186, 'OG_149'),
(5570, 186, 'EX1_606'),
(5571, 186, 'EX1_606'),
(5572, 186, 'EX1_412'),
(5573, 186, 'OG_218'),
(5574, 186, 'NEW1_011'),
(5575, 186, 'OG_321'),
(5576, 186, 'BRM_028'),
(5577, 186, 'OG_301'),
(5578, 186, 'OG_301'),
(5579, 186, 'OG_255'),
(5580, 186, 'OG_280'),
(5581, 187, 'EX1_409'),
(5582, 187, 'OG_312'),
(5583, 187, 'OG_312'),
(5584, 187, 'CS2_146'),
(5585, 187, 'CS2_146'),
(5586, 187, 'LOE_076'),
(5587, 187, 'EX1_391'),
(5588, 187, 'CS2_106'),
(5589, 187, 'CS2_106'),
(5590, 187, 'CS2_105'),
(5591, 187, 'CS2_105'),
(5592, 187, 'NEW1_018'),
(5593, 187, 'NEW1_018'),
(5594, 187, 'OG_315'),
(5595, 187, 'AT_064'),
(5596, 187, 'AT_064'),
(5597, 187, 'NEW1_027'),
(5598, 187, 'NEW1_027'),
(5599, 187, 'EX1_408'),
(5600, 187, 'EX1_408'),
(5601, 187, 'NEW1_011'),
(5602, 187, 'NEW1_011'),
(5603, 187, 'NEW1_022'),
(5604, 187, 'NEW1_022'),
(5605, 187, 'OG_322'),
(5606, 187, 'OG_322'),
(5607, 187, 'CS2_112'),
(5608, 187, 'CS2_112'),
(5609, 187, 'EX1_411'),
(5610, 187, 'AT_070'),
(5611, 188, 'EX1_144'),
(5612, 188, 'EX1_144'),
(5613, 188, 'OG_070'),
(5614, 188, 'OG_070'),
(5615, 188, 'CS2_073'),
(5616, 188, 'CS2_073'),
(5617, 188, 'CS2_074'),
(5618, 188, 'CS2_074'),
(5619, 188, 'BRM_007'),
(5620, 188, 'BRM_007'),
(5621, 188, 'EX1_131'),
(5622, 188, 'OG_284'),
(5623, 188, 'OG_281'),
(5624, 188, 'OG_281'),
(5625, 188, 'EX1_124'),
(5626, 188, 'EX1_124'),
(5627, 188, 'OG_286'),
(5628, 188, 'OG_286'),
(5629, 188, 'OG_162'),
(5630, 188, 'AT_033'),
(5631, 188, 'OG_283'),
(5632, 188, 'OG_283'),
(5633, 188, 'CS2_076'),
(5634, 188, 'CS2_076'),
(5635, 188, 'CS2_080'),
(5636, 188, 'OG_339'),
(5637, 188, 'NEW1_004'),
(5638, 188, 'CS2_077'),
(5639, 188, 'OG_282'),
(5640, 188, 'OG_280'),
(5641, 189, 'CS2_045'),
(5642, 189, 'CS2_045'),
(5643, 189, 'EX1_238'),
(5644, 189, 'EX1_238'),
(5645, 189, 'EX1_029'),
(5646, 189, 'EX1_029'),
(5647, 189, 'LOE_076'),
(5648, 189, 'CS2_188'),
(5649, 189, 'CS2_188'),
(5650, 189, 'LOE_018'),
(5651, 189, 'LOE_018'),
(5652, 189, 'GVG_038'),
(5653, 189, 'GVG_038'),
(5654, 189, 'AT_052'),
(5655, 189, 'AT_052'),
(5656, 189, 'NEW1_019'),
(5657, 189, 'NEW1_019'),
(5658, 189, 'FP1_002'),
(5659, 189, 'FP1_002'),
(5660, 189, 'EX1_565'),
(5661, 189, 'AT_087'),
(5662, 189, 'AT_087'),
(5663, 189, 'EX1_241'),
(5664, 189, 'EX1_241'),
(5665, 189, 'EX1_248'),
(5666, 189, 'EX1_248'),
(5667, 189, 'AT_046'),
(5668, 189, 'AT_046'),
(5669, 189, 'EX1_567'),
(5670, 189, 'EX1_567');

-- --------------------------------------------------------

--
-- Struttura della tabella `comment`
--

CREATE TABLE IF NOT EXISTS `comment` (
  `comment_id` int(11) NOT NULL AUTO_INCREMENT,
  `content` varchar(2000) NOT NULL,
  `creation_date` datetime NOT NULL,
  `user_name` varchar(50) NOT NULL,
  `topic_id` int(11) NOT NULL,
  PRIMARY KEY (`comment_id`),
  KEY `user_name` (`user_name`),
  KEY `topic_id` (`topic_id`)
) ENGINE=InnoDB  DEFAULT CHARSET=latin1 AUTO_INCREMENT=18 ;

--
-- Dump dei dati per la tabella `comment`
--

INSERT INTO `comment` (`comment_id`, `content`, `creation_date`, `user_name`, `topic_id`) VALUES
(1, 'Sito top', '2017-02-05 01:20:46', 'sosssoldi', 1),
(2, 'Provare a cercare qualche guida. L&igrave; trovi qualcosa sicuramente.', '2017-02-05 01:20:46', 'barco', 2),
(3, '&egrave; stra bella. Io ho gi&agrave; vinto la bustina.', '2017-02-05 01:20:46', 'TiNtO', 3),
(4, 'KARA', '2017-02-05 01:20:46', 'barco', 4),
(5, '&egrave; il formato che comprende tutte le carte ancora valide', '2017-02-05 01:20:46', 'maiunagioia', 5),
(6, '&egrave; il formato che comprende tutte le carte, anche quelle non pi&ugrave; valide', '2017-02-05 01:20:46', 'maiunagioia', 6),
(7, 'Leeeeeeroyyyyy Jenkinssssssssss', '2017-02-05 01:20:46', 'TiNtO', 7),
(8, 'Stilla &egrave; GG OP', '2017-02-05 01:20:46', 'TiNtO', 8),
(9, 'Maestro dei segugi', '2017-02-05 01:20:46', 'maiunagioia', 9),
(10, 'Innervazione', '2017-02-05 01:20:46', 'maiunagioia', 10),
(11, 'Rissa', '2017-02-05 01:20:46', 'sosssoldi', 11),
(12, 'Preparazione', '2017-02-05 01:20:46', 'TiNtO', 12),
(13, 'Antonio', '2017-02-05 01:20:46', 'barco', 13),
(14, 'Addestratore di cavalli', '2017-02-05 01:20:46', 'maiunagioia', 14),
(15, 'Profeta Valen', '2017-02-05 01:20:46', 'barco', 15),
(16, 'Totem di fuoco', '2017-02-05 01:20:46', 'sosssoldi', 16),
(17, 'Imp di Malchezar', '2017-02-05 01:20:46', 'sosssoldi', 17);

--
-- Trigger `comment`
--
DROP TRIGGER IF EXISTS `aggiornaPost`;
DELIMITER //
CREATE TRIGGER `aggiornaPost` AFTER INSERT ON `comment`
 FOR EACH ROW BEGIN
	UPDATE user
	SET count_post = count_post + 1
    WHERE user.username = new.user_name;
	UPDATE topic
	SET num_comments= num_comments + 1
    WHERE topic.topic_id = new.topic_id;
END
//
DELIMITER ;

-- --------------------------------------------------------

--
-- Struttura della tabella `deck`
--

CREATE TABLE IF NOT EXISTS `deck` (
  `deck_id` int(11) NOT NULL AUTO_INCREMENT,
  `name` varchar(100) NOT NULL,
  `description` varchar(250) DEFAULT '',
  `likes` int(11) DEFAULT '0',
  `creation_date` datetime NOT NULL,
  `hero_id` varchar(15) NOT NULL,
  `user_name` varchar(50) NOT NULL,
  PRIMARY KEY (`deck_id`),
  KEY `hero_id` (`hero_id`),
  KEY `user_name` (`user_name`)
) ENGINE=InnoDB  DEFAULT CHARSET=latin1 AUTO_INCREMENT=190 ;

--
-- Dump dei dati per la tabella `deck`
--

INSERT INTO `deck` (`deck_id`, `name`, `description`, `likes`, `creation_date`, `hero_id`, `user_name`) VALUES
(1, 'Dragon Priest Vlps', '', 1, '1000-01-01 00:00:00', 'HERO_09', 'sosssoldi'),
(2, 'Control Warrior Vlps', '', -4, '1000-01-01 00:00:00', 'HERO_01', 'sosssoldi'),
(3, 'Control Shaman Vlps', '', -6, '1000-01-01 00:00:00', 'HERO_02', 'Yulsic'),
(4, 'Reno Mage Vlps', '', 0, '1000-01-01 00:00:00', 'HERO_08', 'Pavel'),
(5, 'I SEGRETI DEL MAGO', '', 3, '1000-01-01 00:00:00', 'HERO_08', 'maiunagioia'),
(6, 'BaRoN - LevelUP4', '', 3, '1000-01-01 00:00:00', 'HERO_01', 'ThijsNL'),
(7, 'BaRoN - LevelUP3', '', 0, '1000-01-01 00:00:00', 'HERO_08', 'Jasonzhou'),
(8, 'BaRoN - LevelUP1', '', 2, '1000-01-01 00:00:00', 'HERO_09', 'cheOnsu'),
(9, 'RenoControl', '', 2, '1000-01-01 00:00:00', 'HERO_08', 'Yulsic'),
(10, 'N''Zoth Devolve Shaman di Savjz', '', 1, '1000-01-01 00:00:00', 'HERO_02', 'DrHippi'),
(11, 'GUIDA JADE DRUID - ELEGANT', '', -1, '1000-01-01 00:00:00', 'HERO_06', 'hotMEOWTH'),
(12, 'Jade Druid dei poveri', '', -1, '1000-01-01 00:00:00', 'HERO_06', 'Hamster'),
(13, 'Shaku Miracle Rogue di SuperJJ', '', 0, '1000-01-01 00:00:00', 'HERO_03', 'Pavel'),
(14, 'Reno Mage', '', 3, '1000-01-01 00:00:00', 'HERO_08', 'Amnesiasc'),
(15, 'Rogue ladro di giada/N''zoth', '', 1, '1000-01-01 00:00:00', 'HERO_03', 'cheOnsu'),
(16, 'Jade White Shaman', '', 1, '1000-01-01 00:00:00', 'HERO_02', 'barco'),
(17, 'N''toz Pala LEGGENDA', '', -2, '1000-01-01 00:00:00', 'HERO_04', 'DrHippi'),
(18, 'Top100 Dragon Priest di Shoop', '', 1, '1000-01-01 00:00:00', 'HERO_09', 'Cydonia'),
(19, 'Top10 Legend Aggro Jade Shaman di Amnesiac', '', 2, '1000-01-01 00:00:00', 'HERO_02', 'barco'),
(20, 'Aggro Pirate Warrior #25 Legend di Gameking', '', 1, '1000-01-01 00:00:00', 'HERO_01', 'Pavel'),
(21, 'Surrender Aggro Pirate Warrior #1 Legend', '', -1, '1000-01-01 00:00:00', 'HERO_01', 'Jasonzhou'),
(22, 'Dragon Priest', '', -2, '1000-01-01 00:00:00', 'HERO_09', 'maiunagioia'),
(23, 'Dragon Warrior', '', -3, '1000-01-01 00:00:00', 'HERO_01', 'TiNtO'),
(24, 'Token Priest', '', -1, '1000-01-01 00:00:00', 'HERO_09', 'BBgungun'),
(25, 'Aggro freeze', '', -3, '1000-01-01 00:00:00', 'HERO_08', 'TiNtO'),
(26, 'PalaShield by Silverdusk', '', 5, '1000-01-01 00:00:00', 'HERO_04', 'hotMEOWTH'),
(27, 'Secret Meta Crusher', '', 4, '1000-01-01 00:00:00', 'HERO_05', 'cheOnsu'),
(28, 'New Combo Dragon Priest', '', 1, '1000-01-01 00:00:00', 'HERO_09', 'Yulsic'),
(29, 'Reno Mage di Lifecoach', '', 0, '1000-01-01 00:00:00', 'HERO_08', 'Naiman'),
(30, 'Wild Hunter', '', 1, '1000-01-01 00:00:00', 'HERO_05', 'Yulsic'),
(31, 'RenoLock - Monthly Cup #4', '', 0, '1000-01-01 00:00:00', 'HERO_07', 'TiNtO'),
(32, 'Thijs N''Zoth Jade Rogue', '', 0, '1000-01-01 00:00:00', 'HERO_03', 'DrHippi'),
(33, 'Anyfin Murloc Paladin di J4ckiechan', '', 1, '1000-01-01 00:00:00', 'HERO_04', 'hotMEOWTH'),
(34, 'Reno Kaza Mage di Gera89', '', 2, '1000-01-01 00:00:00', 'HERO_08', 'Yulsic'),
(35, 'Jade Druid di Orange', '', 2, '1000-01-01 00:00:00', 'HERO_06', 'Hamster'),
(36, 'Reno Velen Priest di Zetalot', '', -1, '1000-01-01 00:00:00', 'HERO_09', 'maiunagioia'),
(37, 'Jade Shaman Legend di Loyan', '', -2, '1000-01-01 00:00:00', 'HERO_02', 'handsomeguy'),
(38, 'Dragon Pirate Rank 3 > Legend', '', -4, '1000-01-01 00:00:00', 'HERO_01', 'sosssoldi'),
(39, 'Sintolol #1 Legend Aggro Pirate Warrior', '', 2, '1000-01-01 00:00:00', 'HERO_01', 'Hamster'),
(40, 'Midrange Jade Shaman', '', 2, '1000-01-01 00:00:00', 'HERO_02', 'mamolloche'),
(41, 'Jade Aggro Shaman di Orange', '', 2, '1000-01-01 00:00:00', 'HERO_02', 'Amnesiasc'),
(42, 'PIRATI!!!! Worrior', '', 3, '1000-01-01 00:00:00', 'HERO_01', 'cheOnsu'),
(43, 'Hype Pala', '', -1, '1000-01-01 00:00:00', 'HERO_04', 'Pavel'),
(44, 'Dragon Velen Priest di Zetalot', '', -1, '1000-01-01 00:00:00', 'HERO_09', 'Breath'),
(45, 'Pirate Warrior Economico', '', -4, '1000-01-01 00:00:00', 'HERO_01', 'ThijsNL'),
(46, 'Budget Mage', '', -2, '1000-01-01 00:00:00', 'HERO_08', 'Naiman'),
(47, 'Budget Warrior', '', 2, '1000-01-01 00:00:00', 'HERO_01', 'Pavel'),
(48, 'Budget Shaman', '', 1, '1000-01-01 00:00:00', 'HERO_02', 'barco'),
(49, 'Prete anti aggro budget', '', 0, '1000-01-01 00:00:00', 'HERO_09', 'Pavel'),
(50, 'Midrange Hunter Rank 5 > Rank 1 NickChipper', '', -2, '1000-01-01 00:00:00', 'HERO_05', 'sosssoldi'),
(51, 'Aggro Face Shaman di Zorkthar (93% Winrate)', '', 2, '1000-01-01 00:00:00', 'HERO_02', 'sosssoldi'),
(52, 'Taunt Warrior di Kolento', '', 0, '1000-01-01 00:00:00', 'HERO_01', 'Cydonia'),
(53, 'Buff Paladin di Grimy', '', -4, '1000-01-01 00:00:00', 'HERO_04', 'mamolloche'),
(54, 'Meliador''s Small-Time Paladin', '', 0, '1000-01-01 00:00:00', 'HERO_04', 'barco'),
(55, 'ISPIRAZIONE DI RENO', '', -2, '1000-01-01 00:00:00', 'HERO_09', 'Yulsic'),
(56, 'Savjz Reno Kazakus Dragon Priest #1 Legend', '', 1, '1000-01-01 00:00:00', 'HERO_09', 'mamolloche'),
(57, 'New Aggro Hunter', '', 2, '1000-01-01 00:00:00', 'HERO_05', 'sosssoldi'),
(58, 'Jade Golem Gang up', '', 2, '1000-01-01 00:00:00', 'HERO_03', 'BBgungun'),
(59, 'Sjow Control Priest', '', -1, '1000-01-01 00:00:00', 'HERO_09', 'maiunagioia'),
(60, 'Miracle Pirate Rogue Thufull', '', -1, '1000-01-01 00:00:00', 'HERO_03', 'DrHippi'),
(61, 'Dragon Priest Classico', '', 4, '1000-01-01 00:00:00', 'HERO_09', 'Cydonia'),
(62, 'Pirate Paladin 75% Winrate', '', -1, '1000-01-01 00:00:00', 'HERO_04', 'maiunagioia'),
(63, 'J4ckiechan Sacerdote Inner Fire', '', 0, '1000-01-01 00:00:00', 'HERO_09', 'Jasonzhou'),
(64, 'Kolento Taunt Buff Warrior', '', -1, '1000-01-01 00:00:00', 'HERO_01', 'Cydonia'),
(65, 'FORZA BESTIALE', '', -1, '1000-01-01 00:00:00', 'HERO_05', 'hotMEOWTH'),
(66, 'TEMPO MAGE#NO DESTAFIAMME#BY LUCA16', '', 1, '1000-01-01 00:00:00', 'HERO_08', 'sosssoldi'),
(67, 'Totem', '', -3, '1000-01-01 00:00:00', 'HERO_02', 'Jasonzhou'),
(68, 'Rank 18 > 5 AL''Akir Shaman di MantisR', '', 4, '1000-01-01 00:00:00', 'HERO_02', 'handsomeguy'),
(69, 'Hearts &amp', '', -2, '1000-01-01 00:00:00', 'HERO_02', 'mamolloche'),
(70, 'SPELL PRIEST', '', 0, '1000-01-01 00:00:00', 'HERO_09', 'maiunagioia'),
(71, 'Totem Shaman (Stagione 32)', '', 0, '1000-01-01 00:00:00', 'HERO_02', 'BBgungun'),
(72, 'C''thun Warrior by Pavel', '', 0, '1000-01-01 00:00:00', 'HERO_01', 'maiunagioia'),
(73, 'Mrglrglmrglmrrrlggg', '', 0, '1000-01-01 00:00:00', 'HERO_04', 'DrHippi'),
(74, 'OTK Malygos Hunter', '', 1, '1000-01-01 00:00:00', 'HERO_05', 'ThijsNL'),
(75, 'The', '', 1, '1000-01-01 00:00:00', 'HERO_09', 'Yulsic'),
(76, 'Jab Top100 Dragon Priest', '', 4, '1000-01-01 00:00:00', 'HERO_09', 'barco'),
(77, 'Nzoth Control Druid', '', 2, '1000-01-01 00:00:00', 'HERO_06', 'TiNtO'),
(78, 'Zoo Warlock Legend (Cursed)', '', -1, '1000-01-01 00:00:00', 'HERO_07', 'Amnesiasc'),
(79, 'Guida Mago Tempo', '', 2, '1000-01-01 00:00:00', 'HERO_08', 'Cydonia'),
(80, 'Guida al Secret Hunter', '', 0, '1000-01-01 00:00:00', 'HERO_05', 'hotMEOWTH'),
(81, 'Guida Miracle Rogue', '', 1, '1000-01-01 00:00:00', 'HERO_03', 'Pavel'),
(82, 'Gera89 Control Shaman C''thun', '', 0, '1000-01-01 00:00:00', 'HERO_02', 'ThijsNL'),
(83, 'Aggro Paladin di Muzzy (Top10 Legend)', '', 1, '1000-01-01 00:00:00', 'HERO_04', 'Cydonia'),
(84, 'Legend #11 Dragon priest di MrYagut', '', 1, '1000-01-01 00:00:00', 'HERO_09', 'sosssoldi'),
(85, 'Anyfin Murloc Paladin Thijs', '', 1, '1000-01-01 00:00:00', 'HERO_04', 'cheOnsu'),
(86, 'Cheonsu''s Midrange Camel Hunter - Asia-Pacific Last Call', '', -1, '1000-01-01 00:00:00', 'HERO_05', 'serghiei'),
(87, 'Rank17 >> Legend in 2 giorni: Pirate Warrior', '', -2, '1000-01-01 00:00:00', 'HERO_01', 'handsomeguy'),
(88, 'Token Druid di Muzzy', '', -2, '1000-01-01 00:00:00', 'HERO_06', 'Breath'),
(89, 'RDU''s Miracle Rogue - EU Last Call 2016', '', 1, '1000-01-01 00:00:00', 'HERO_03', 'Breath'),
(90, 'RDU''s Discard Warlock - EU Last Call 2016', '', 0, '1000-01-01 00:00:00', 'HERO_07', 'Jasonzhou'),
(91, 'Combo OTK Charge Warrior di HysteriA', '', 0, '1000-01-01 00:00:00', 'HERO_01', 'ThijsNL'),
(92, 'Tempo Mage post Nerf', '', 2, '1000-01-01 00:00:00', 'HERO_08', 'sosssoldi'),
(93, 'ShadowDragonPriest', '', -2, '1000-01-01 00:00:00', 'HERO_09', 'BBgungun'),
(94, 'KARAZHAN MIDRANGE SHAMAN', '', 0, '1000-01-01 00:00:00', 'HERO_02', 'Pavel'),
(95, 'Giant Overlord', '', 0, '1000-01-01 00:00:00', 'HERO_02', 'ThijsNL'),
(96, 'Discard Warlock Zoo #1 Legend Sjow', '', 0, '1000-01-01 00:00:00', 'HERO_07', 'ThijsNL'),
(97, 'Rage Wolf', '', 1, '1000-01-01 00:00:00', 'HERO_01', 'TiNtO'),
(98, 'N''zoth Hunter', '', 1, '1000-01-01 00:00:00', 'HERO_05', 'Yulsic'),
(99, 'Dal Rank 17 al Legend in 13 ore: Sciamano BlackDaniels', '', -1, '1000-01-01 00:00:00', 'HERO_02', 'Breath'),
(100, 'China Autumn Championship 2016 - N''Zoth Hunter di Ham-Shirou', '', 0, '1000-01-01 00:00:00', 'HERO_05', 'serghiei'),
(101, 'Lifecoach Secret Hunter Trucco Felino', '', -2, '1000-01-01 00:00:00', 'HERO_05', 'hotMEOWTH'),
(102, 'Thijs Yogg token Druid', '', 2, '1000-01-01 00:00:00', 'HERO_06', 'handsomeguy'),
(103, 'Fr0zen''s Midrange Hunter - ONOG 2016 Pax West Finals', '', 4, '1000-01-01 00:00:00', 'HERO_05', 'Cydonia'),
(104, 'Control Yogg', '', 1, '1000-01-01 00:00:00', 'HERO_09', 'Hamster'),
(105, 'Chiper Control Warrior', '', 1, '1000-01-01 00:00:00', 'HERO_01', 'Amnesiasc'),
(106, 'Rogue di Mr Yagut con Venditrice Eterea e Pirata Festaiolo', '', 2, '1000-01-01 00:00:00', 'HERO_03', 'mamolloche'),
(107, 'Mage - Budget Tempo', '', 0, '1000-01-01 00:00:00', 'HERO_08', 'Amnesiasc'),
(108, 'PolpoZoo', '', 1, '1000-01-01 00:00:00', 'HERO_07', 'Yulsic'),
(109, 'Secret Hunter Karazhan', '', 1, '1000-01-01 00:00:00', 'HERO_05', 'maiunagioia'),
(110, 'Malazampa Eroico', '', 3, '1000-01-01 00:00:00', 'HERO_01', 'barco'),
(111, 'Il Curatore Eroico', '', -1, '1000-01-01 00:00:00', 'HERO_07', 'Yulsic'),
(112, 'Kripp Silence Priest Purificazione', '', 3, '1000-01-01 00:00:00', 'HERO_09', 'hotMEOWTH'),
(113, 'Sacerdote Budget Julianne Eroica', '', 1, '1000-01-01 00:00:00', 'HERO_09', 'Hamster'),
(114, 'Il Palatrino dallo Scudo Lucente', '', -2, '1000-01-01 00:00:00', 'HERO_04', 'mamolloche'),
(115, 'BLOOR BASIC DECKS VIDEO - WARLOCK', '', 4, '1000-01-01 00:00:00', 'HERO_07', 'maiunagioia'),
(116, 'BLOOR BASIC DECKS VIDEO - PALADIN', '', -3, '1000-01-01 00:00:00', 'HERO_04', 'handsomeguy'),
(117, 'BLOOR BASIC DECKS VIDEO - WARRIOR', '', 3, '1000-01-01 00:00:00', 'HERO_01', 'ThijsNL'),
(118, 'Budget Warrior Golem dell''Argenteria Eroico', '', 4, '1000-01-01 00:00:00', 'HERO_01', 'Jasonzhou'),
(119, 'warlock mazzo standard', '', -1, '1000-01-01 00:00:00', 'HERO_07', 'maiunagioia'),
(120, 'kolento twich', '', 2, '1000-01-01 00:00:00', 'HERO_01', 'mamolloche'),
(121, 'Lifecoach Tempo/Deathrattle', '', 0, '1000-01-01 00:00:00', 'HERO_03', 'Amnesiasc'),
(122, 'N''Zoth Freeze Mage 2.0', '', 1, '1000-01-01 00:00:00', 'HERO_08', 'Naiman'),
(123, 'Druid All Legend Deck', '', 0, '1000-01-01 00:00:00', 'HERO_06', 'Cydonia'),
(124, 'Priest who steals By zodkillerx00', '', -1, '1000-01-01 00:00:00', 'HERO_09', 'handsomeguy'),
(125, 'Guida MidRange Hunter', '', 6, '1000-01-01 00:00:00', 'HERO_05', 'ThijsNL'),
(126, 'PURPLE''S ANYFIN MURLOC PALADIN (JULY 2016, SEASON 28)', '', 1, '1000-01-01 00:00:00', 'HERO_04', 'Amnesiasc'),
(127, 'Garrim FaceShaman', '', 1, '1000-01-01 00:00:00', 'HERO_02', 'Amnesiasc'),
(128, 'Chakki Top 10 Legend Aggro Beast Druid S27', '', -2, '1000-01-01 00:00:00', 'HERO_06', 'BBgungun'),
(129, 'Mattiux Dragon Priest', '', 4, '1000-01-01 00:00:00', 'HERO_09', 'Hamster'),
(130, 'Archaedas Eroica - Fatigue Warlock', '', 2, '1000-01-01 00:00:00', 'HERO_07', 'cheOnsu'),
(131, 'GREENSHEEP''S TOP 10 LEGEND AGGRO SHAMAN (JUNE 2016, SEASON 27)', '', 1, '1000-01-01 00:00:00', 'HERO_02', 'Amnesiasc'),
(132, 'Standard Malylock', '', 2, '1000-01-01 00:00:00', 'HERO_07', 'Hamster'),
(133, 'Duane''s Zoolock', '', 0, '1000-01-01 00:00:00', 'HERO_07', 'hotMEOWTH'),
(134, 'DeerJason''s Zoolock', '', 1, '1000-01-01 00:00:00', 'HERO_07', 'barco'),
(135, 'Rdu Yogg Tempo Mage - Dreamhack Summer 2016', '', 0, '1000-01-01 00:00:00', 'HERO_08', 'handsomeguy'),
(136, 'Hoej''s C''Thun Warrior DreamHack Summer 2016', '', 0, '1000-01-01 00:00:00', 'HERO_01', 'Breath'),
(137, 'Zoo Warlock', '', 4, '1000-01-01 00:00:00', 'HERO_07', 'Jasonzhou'),
(138, 'Freeze Mage Laughing Guida', '', -1, '1000-01-01 00:00:00', 'HERO_08', 'sosssoldi'),
(139, 'Elix Top100 Warlock Budget', '', 0, '1000-01-01 00:00:00', 'HERO_07', 'cheOnsu'),
(140, 'Pavlik Tempo Mage S27', '', -1, '1000-01-01 00:00:00', 'HERO_08', 'ThijsNL'),
(141, 'AKAWonder''s C''Thun Druid - Europe Spring Championship', '', 1, '1000-01-01 00:00:00', 'HERO_06', 'handsomeguy'),
(142, 'Thijs'' Aggro Shaman - Europe Spring Championship 2016', '', 0, '1000-01-01 00:00:00', 'HERO_02', 'ThijsNL'),
(143, 'Turna''s Zoolock - Europe Spring Championships 2016', '', -3, '1000-01-01 00:00:00', 'HERO_07', 'ThijsNL'),
(144, 'Control Shaman', '', 3, '1000-01-01 00:00:00', 'HERO_02', 'TiNtO'),
(145, 'war', '', -1, '1000-01-01 00:00:00', 'HERO_01', 'DrHippi'),
(146, 'JAMBRE''S TOP 10 EU STANDARD SECRET PALADIN DECK', '', -2, '1000-01-01 00:00:00', 'HERO_04', 'Naiman'),
(147, 'fibbonacci n''zoth warrior', '', -1, '1000-01-01 00:00:00', 'HERO_01', 'handsomeguy'),
(148, 'Hybrid Shaman - Guida completa Lik', '', -4, '1000-01-01 00:00:00', 'HERO_02', 'barco'),
(149, 'Ladro N''zoth Control', '', 3, '1000-01-01 00:00:00', 'HERO_03', 'hotMEOWTH'),
(150, 'MidRange Mago eco', '', 0, '1000-01-01 00:00:00', 'HERO_08', 'Jasonzhou'),
(151, 'Zalae''s (Team Archon) Deck Gauntlet 2 Patron Warrior', '', -1, '1000-01-01 00:00:00', 'HERO_01', 'Jasonzhou'),
(152, 'Brian Kibler''s N''Zoth Dragon Paladin (May 2016)', '', 2, '1000-01-01 00:00:00', 'HERO_04', 'Amnesiasc'),
(153, 'N''Zoth Paladin - Dazzar', '', 2, '1000-01-01 00:00:00', 'HERO_04', 'hotMEOWTH'),
(154, 'Reno Dragon N''Zoth Priest', '', 1, '1000-01-01 00:00:00', 'HERO_09', 'Breath'),
(155, 'Aggro Shaman', '', -3, '1000-01-01 00:00:00', 'HERO_02', 'sosssoldi'),
(156, 'Cydonia''s Renolock - Hearthstone Americas Spring Prelims 2016', '', 2, '1000-01-01 00:00:00', 'HERO_07', 'ThijsNL'),
(157, 'CHAKKI''S BEAST DRUID - HEARTHSTONE AMERICAS SPRING PRELIMS 2016', '', 0, '1000-01-01 00:00:00', 'HERO_06', 'Naiman'),
(158, 'OTK PRIST', '', 2, '1000-01-01 00:00:00', 'HERO_09', 'hotMEOWTH'),
(159, 'N''zoth Ladro', '', 4, '1000-01-01 00:00:00', 'HERO_03', 'hotMEOWTH'),
(160, 'Gaara''s Priest - Europe Spring 2016', '', -4, '1000-01-01 00:00:00', 'HERO_09', 'serghiei'),
(161, 'Loyan''s Warrior - Europe Spring 2016', '', -1, '1000-01-01 00:00:00', 'HERO_01', 'cheOnsu'),
(162, 'Pokrovac''s Warlock - Europe Spring 2016', '', 1, '1000-01-01 00:00:00', 'HERO_07', 'Amnesiasc'),
(163, 'Greensheep''s Rogue - Europe Spring Preliminary 2016', '', 1, '1000-01-01 00:00:00', 'HERO_03', 'Pavel'),
(164, 'Xzirez''s Pirate Warrior - Hearthstone EU Spring Prelims 2016', '', -1, '1000-01-01 00:00:00', 'HERO_01', 'Naiman'),
(165, 'Ostkaka''s Leeroy Miracle Rogue - Hearthstone EU Spring Prelims 2016', '', 1, '1000-01-01 00:00:00', 'HERO_03', 'TiNtO'),
(166, 'OTK worgen', '', 1, '1000-01-01 00:00:00', 'HERO_01', 'serghiei'),
(167, 'Super Budget Midrange Shaman', '', 0, '1000-01-01 00:00:00', 'HERO_02', 'handsomeguy'),
(168, 'Animated Mage by Dax (Standard S26)', '', 0, '1000-01-01 00:00:00', 'HERO_08', 'Jasonzhou'),
(169, 'Thijs'' Aggro Divine Shield Paladin (Standard, May 2016, Season 26)', '', 1, '1000-01-01 00:00:00', 'HERO_04', 'Jasonzhou'),
(170, 'Yogg-Saron Tempo Mage', '', 1, '1000-01-01 00:00:00', 'HERO_08', 'hotMEOWTH'),
(171, 'Firebat''s Season 26 (Standard) Aggro Warlock Zoo', '', 1, '1000-01-01 00:00:00', 'HERO_07', 'Pavel'),
(172, 'Zetalot Control Priest Volazj , N''Zoth', '', -3, '1000-01-01 00:00:00', 'HERO_09', 'DrHippi'),
(173, 'Aggro Shield Paladin by Ataraxy', '', 2, '1000-01-01 00:00:00', 'HERO_04', 'ThijsNL'),
(174, 'Reno C''thun', '', 1, '1000-01-01 00:00:00', 'HERO_07', 'Jasonzhou'),
(175, 'Laughing Freeze Mage S26', '', -2, '1000-01-01 00:00:00', 'HERO_08', 'DrHippi'),
(176, 'Firebat''s MSI EGLX (Standard) Miracle Rogue', '', -3, '1000-01-01 00:00:00', 'HERO_03', 'barco'),
(177, 'Neobility''s MSI EGLX (Standard) Warlock Zoo', '', 0, '1000-01-01 00:00:00', 'HERO_07', 'hotMEOWTH'),
(178, 'GUGLY89 Ramp Druid 70% winrate', '', -3, '1000-01-01 00:00:00', 'HERO_06', 'maiunagioia'),
(179, 'Prelude''s MSI EGLX (Standard) Reno Jackson Warlock', '', -2, '1000-01-01 00:00:00', 'HERO_07', 'Cydonia'),
(180, 'Amez Battle of the Best - Warrior', '', 0, '1000-01-01 00:00:00', 'HERO_01', 'Pavel'),
(181, 'Dragon Mage', '', 2, '1000-01-01 00:00:00', 'HERO_08', 'ThijsNL'),
(182, 'Beast Druid', '', 3, '1000-01-01 00:00:00', 'HERO_06', 'Amnesiasc'),
(183, 'C''thun patron warrior! 640Dust Low budget', '', -3, '1000-01-01 00:00:00', 'HERO_01', 'DrHippi'),
(184, 'Trump - Druido - C''Thun', '', 3, '1000-01-01 00:00:00', 'HERO_06', 'ThijsNL'),
(185, 'Frodan - Guerriero - Pirati', '', -1, '1000-01-01 00:00:00', 'HERO_01', 'Naiman'),
(186, 'Warrior C''Thun Shield', '', 0, '1000-01-01 00:00:00', 'HERO_01', 'Yulsic'),
(187, 'Pirata Warrior Standard Test', '', 3, '1000-01-01 00:00:00', 'HERO_01', 'Pavel'),
(188, 'Rogue Combo Standard Budget', '', -4, '1000-01-01 00:00:00', 'HERO_03', 'barco'),
(189, 'Sempok S25 Tuskarr Aggro Shaman Top5', '', -1, '1000-01-01 00:00:00', 'HERO_02', 'Yulsic');

-- --------------------------------------------------------

--
-- Struttura della tabella `deck_like`
--

CREATE TABLE IF NOT EXISTS `deck_like` (
  `user_name` varchar(50) NOT NULL,
  `vote` tinyint(1) NOT NULL,
  `deck_id` int(11) NOT NULL,
  PRIMARY KEY (`user_name`,`deck_id`),
  KEY `deck_id` (`deck_id`)
) ENGINE=InnoDB DEFAULT CHARSET=latin1;

--
-- Dump dei dati per la tabella `deck_like`
--

INSERT INTO `deck_like` (`user_name`, `vote`, `deck_id`) VALUES
('barco', 1, 2),
('barco', 0, 3),
('barco', 0, 6),
('barco', 1, 7),
('barco', 1, 8),
('barco', 1, 9),
('barco', 0, 11),
('barco', 1, 13),
('barco', 0, 16),
('barco', 0, 17),
('barco', 0, 20),
('barco', 0, 21),
('barco', 1, 23),
('barco', 0, 25),
('barco', 1, 26),
('barco', 1, 27),
('barco', 1, 28),
('barco', 0, 30),
('barco', 1, 35),
('barco', 1, 36),
('barco', 0, 39),
('barco', 1, 40),
('barco', 1, 42),
('barco', 1, 43),
('barco', 0, 44),
('barco', 0, 45),
('barco', 0, 46),
('barco', 1, 47),
('barco', 0, 48),
('barco', 0, 50),
('barco', 1, 51),
('barco', 0, 52),
('barco', 0, 53),
('barco', 0, 54),
('barco', 0, 55),
('barco', 0, 56),
('barco', 1, 57),
('barco', 1, 58),
('barco', 1, 60),
('barco', 1, 61),
('barco', 1, 62),
('barco', 1, 63),
('barco', 1, 64),
('barco', 1, 65),
('barco', 1, 68),
('barco', 0, 70),
('barco', 1, 72),
('barco', 1, 73),
('barco', 1, 74),
('barco', 1, 76),
('barco', 1, 77),
('barco', 0, 78),
('barco', 1, 80),
('barco', 1, 81),
('barco', 1, 82),
('barco', 1, 83),
('barco', 1, 84),
('barco', 1, 85),
('barco', 1, 86),
('barco', 0, 88),
('barco', 1, 90),
('barco', 1, 92),
('barco', 0, 93),
('barco', 0, 94),
('barco', 1, 96),
('barco', 0, 97),
('barco', 0, 99),
('barco', 0, 102),
('barco', 1, 103),
('barco', 0, 104),
('barco', 1, 105),
('barco', 1, 106),
('barco', 1, 109),
('barco', 1, 111),
('barco', 0, 113),
('barco', 1, 115),
('barco', 1, 116),
('barco', 1, 117),
('barco', 1, 118),
('barco', 1, 120),
('barco', 1, 122),
('barco', 0, 124),
('barco', 1, 125),
('barco', 1, 128),
('barco', 1, 131),
('barco', 0, 134),
('barco', 0, 135),
('barco', 0, 136),
('barco', 1, 137),
('barco', 0, 139),
('barco', 0, 140),
('barco', 1, 142),
('barco', 0, 143),
('barco', 1, 145),
('barco', 1, 146),
('barco', 0, 147),
('barco', 0, 150),
('barco', 0, 151),
('barco', 1, 153),
('barco', 0, 154),
('barco', 0, 157),
('barco', 1, 159),
('barco', 0, 160),
('barco', 1, 161),
('barco', 0, 163),
('barco', 0, 164),
('barco', 0, 166),
('barco', 1, 167),
('barco', 1, 168),
('barco', 0, 169),
('barco', 1, 170),
('barco', 1, 171),
('barco', 1, 174),
('barco', 1, 175),
('barco', 1, 176),
('barco', 0, 177),
('barco', 0, 179),
('barco', 0, 180),
('barco', 1, 182),
('barco', 0, 183),
('barco', 1, 184),
('barco', 0, 186),
('barco', 1, 187),
('barco', 0, 188),
('Cydonia', 1, 1),
('Cydonia', 0, 2),
('Cydonia', 0, 3),
('Cydonia', 1, 4),
('Cydonia', 1, 5),
('Cydonia', 0, 7),
('Cydonia', 0, 8),
('Cydonia', 1, 9),
('Cydonia', 1, 10),
('Cydonia', 1, 11),
('Cydonia', 1, 12),
('Cydonia', 0, 13),
('Cydonia', 0, 14),
('Cydonia', 1, 15),
('Cydonia', 1, 16),
('Cydonia', 1, 17),
('Cydonia', 1, 18),
('Cydonia', 0, 19),
('Cydonia', 1, 20),
('Cydonia', 1, 21),
('Cydonia', 1, 22),
('Cydonia', 0, 23),
('Cydonia', 0, 24),
('Cydonia', 1, 26),
('Cydonia', 1, 27),
('Cydonia', 1, 29),
('Cydonia', 1, 30),
('Cydonia', 0, 31),
('Cydonia', 1, 33),
('Cydonia', 1, 34),
('Cydonia', 0, 35),
('Cydonia', 0, 36),
('Cydonia', 0, 37),
('Cydonia', 0, 38),
('Cydonia', 0, 39),
('Cydonia', 1, 40),
('Cydonia', 1, 42),
('Cydonia', 0, 43),
('Cydonia', 1, 47),
('Cydonia', 1, 48),
('Cydonia', 0, 49),
('Cydonia', 1, 50),
('Cydonia', 0, 51),
('Cydonia', 0, 53),
('Cydonia', 0, 54),
('Cydonia', 1, 57),
('Cydonia', 0, 58),
('Cydonia', 1, 61),
('Cydonia', 0, 64),
('Cydonia', 0, 65),
('Cydonia', 0, 67),
('Cydonia', 0, 68),
('Cydonia', 0, 69),
('Cydonia', 1, 70),
('Cydonia', 0, 74),
('Cydonia', 0, 77),
('Cydonia', 0, 78),
('Cydonia', 0, 79),
('Cydonia', 0, 80),
('Cydonia', 0, 82),
('Cydonia', 1, 85),
('Cydonia', 1, 87),
('Cydonia', 0, 90),
('Cydonia', 1, 92),
('Cydonia', 1, 95),
('Cydonia', 0, 96),
('Cydonia', 1, 97),
('Cydonia', 1, 99),
('Cydonia', 0, 101),
('Cydonia', 1, 102),
('Cydonia', 1, 103),
('Cydonia', 0, 104),
('Cydonia', 1, 105),
('Cydonia', 1, 106),
('Cydonia', 0, 110),
('Cydonia', 0, 111),
('Cydonia', 1, 112),
('Cydonia', 1, 113),
('Cydonia', 0, 114),
('Cydonia', 0, 115),
('Cydonia', 1, 120),
('Cydonia', 0, 123),
('Cydonia', 1, 125),
('Cydonia', 1, 126),
('Cydonia', 0, 128),
('Cydonia', 1, 129),
('Cydonia', 1, 130),
('Cydonia', 1, 134),
('Cydonia', 1, 136),
('Cydonia', 0, 139),
('Cydonia', 1, 140),
('Cydonia', 0, 141),
('Cydonia', 0, 142),
('Cydonia', 0, 143),
('Cydonia', 1, 144),
('Cydonia', 0, 145),
('Cydonia', 0, 146),
('Cydonia', 1, 147),
('Cydonia', 0, 150),
('Cydonia', 1, 151),
('Cydonia', 1, 154),
('Cydonia', 1, 156),
('Cydonia', 0, 157),
('Cydonia', 1, 158),
('Cydonia', 1, 159),
('Cydonia', 0, 161),
('Cydonia', 0, 162),
('Cydonia', 1, 163),
('Cydonia', 1, 165),
('Cydonia', 0, 166),
('Cydonia', 0, 167),
('Cydonia', 0, 168),
('Cydonia', 0, 169),
('Cydonia', 1, 170),
('Cydonia', 0, 172),
('Cydonia', 0, 176),
('Cydonia', 0, 177),
('Cydonia', 0, 178),
('Cydonia', 0, 179),
('Cydonia', 0, 180),
('Cydonia', 1, 181),
('Cydonia', 1, 182),
('Cydonia', 1, 184),
('Cydonia', 0, 185),
('Cydonia', 1, 186),
('Cydonia', 0, 188),
('Cydonia', 0, 189),
('handsomeguy', 0, 2),
('handsomeguy', 0, 3),
('handsomeguy', 0, 4),
('handsomeguy', 1, 6),
('handsomeguy', 1, 7),
('handsomeguy', 0, 8),
('handsomeguy', 0, 9),
('handsomeguy', 1, 10),
('handsomeguy', 0, 11),
('handsomeguy', 0, 12),
('handsomeguy', 1, 13),
('handsomeguy', 1, 14),
('handsomeguy', 1, 16),
('handsomeguy', 1, 17),
('handsomeguy', 1, 19),
('handsomeguy', 1, 20),
('handsomeguy', 1, 21),
('handsomeguy', 0, 22),
('handsomeguy', 0, 23),
('handsomeguy', 0, 24),
('handsomeguy', 0, 25),
('handsomeguy', 1, 26),
('handsomeguy', 1, 27),
('handsomeguy', 0, 28),
('handsomeguy', 1, 29),
('handsomeguy', 1, 30),
('handsomeguy', 1, 32),
('handsomeguy', 1, 33),
('handsomeguy', 1, 35),
('handsomeguy', 0, 36),
('handsomeguy', 1, 37),
('handsomeguy', 0, 38),
('handsomeguy', 1, 39),
('handsomeguy', 1, 40),
('handsomeguy', 1, 41),
('handsomeguy', 0, 45),
('handsomeguy', 1, 46),
('handsomeguy', 1, 47),
('handsomeguy', 1, 49),
('handsomeguy', 0, 50),
('handsomeguy', 1, 51),
('handsomeguy', 0, 52),
('handsomeguy', 0, 53),
('handsomeguy', 1, 54),
('handsomeguy', 0, 55),
('handsomeguy', 0, 56),
('handsomeguy', 0, 57),
('handsomeguy', 1, 58),
('handsomeguy', 1, 59),
('handsomeguy', 0, 62),
('handsomeguy', 0, 63),
('handsomeguy', 1, 64),
('handsomeguy', 0, 65),
('handsomeguy', 1, 66),
('handsomeguy', 1, 68),
('handsomeguy', 1, 70),
('handsomeguy', 0, 71),
('handsomeguy', 0, 72),
('handsomeguy', 0, 73),
('handsomeguy', 0, 75),
('handsomeguy', 1, 76),
('handsomeguy', 1, 77),
('handsomeguy', 1, 79),
('handsomeguy', 0, 84),
('handsomeguy', 0, 85),
('handsomeguy', 0, 86),
('handsomeguy', 0, 87),
('handsomeguy', 0, 88),
('handsomeguy', 1, 92),
('handsomeguy', 0, 95),
('handsomeguy', 0, 96),
('handsomeguy', 1, 97),
('handsomeguy', 0, 100),
('handsomeguy', 0, 101),
('handsomeguy', 1, 103),
('handsomeguy', 1, 104),
('handsomeguy', 0, 107),
('handsomeguy', 0, 108),
('handsomeguy', 1, 109),
('handsomeguy', 1, 110),
('handsomeguy', 0, 111),
('handsomeguy', 1, 112),
('handsomeguy', 0, 113),
('handsomeguy', 0, 114),
('handsomeguy', 1, 115),
('handsomeguy', 0, 116),
('handsomeguy', 1, 117),
('handsomeguy', 1, 119),
('handsomeguy', 0, 120),
('handsomeguy', 1, 121),
('handsomeguy', 1, 122),
('handsomeguy', 1, 123),
('handsomeguy', 1, 124),
('handsomeguy', 1, 125),
('handsomeguy', 1, 126),
('handsomeguy', 0, 128),
('handsomeguy', 1, 129),
('handsomeguy', 1, 130),
('handsomeguy', 1, 131),
('handsomeguy', 1, 132),
('handsomeguy', 0, 133),
('handsomeguy', 0, 136),
('handsomeguy', 1, 137),
('handsomeguy', 1, 139),
('handsomeguy', 0, 140),
('handsomeguy', 1, 141),
('handsomeguy', 1, 144),
('handsomeguy', 0, 146),
('handsomeguy', 0, 148),
('handsomeguy', 0, 149),
('handsomeguy', 1, 150),
('handsomeguy', 1, 151),
('handsomeguy', 1, 152),
('handsomeguy', 0, 155),
('handsomeguy', 1, 156),
('handsomeguy', 1, 157),
('handsomeguy', 1, 159),
('handsomeguy', 0, 161),
('handsomeguy', 1, 163),
('handsomeguy', 1, 164),
('handsomeguy', 1, 166),
('handsomeguy', 1, 168),
('handsomeguy', 1, 169),
('handsomeguy', 0, 170),
('handsomeguy', 1, 171),
('handsomeguy', 0, 174),
('handsomeguy', 0, 175),
('handsomeguy', 1, 177),
('handsomeguy', 0, 178),
('handsomeguy', 0, 179),
('handsomeguy', 1, 180),
('handsomeguy', 1, 181),
('handsomeguy', 1, 182),
('handsomeguy', 0, 183),
('handsomeguy', 1, 184),
('handsomeguy', 1, 185),
('handsomeguy', 0, 186),
('handsomeguy', 0, 188),
('handsomeguy', 0, 189),
('maiunagioia', 0, 2),
('maiunagioia', 0, 3),
('maiunagioia', 1, 4),
('maiunagioia', 0, 5),
('maiunagioia', 1, 6),
('maiunagioia', 0, 7),
('maiunagioia', 1, 8),
('maiunagioia', 0, 9),
('maiunagioia', 1, 12),
('maiunagioia', 0, 13),
('maiunagioia', 1, 14),
('maiunagioia', 1, 15),
('maiunagioia', 0, 17),
('maiunagioia', 0, 20),
('maiunagioia', 0, 21),
('maiunagioia', 0, 22),
('maiunagioia', 0, 23),
('maiunagioia', 0, 25),
('maiunagioia', 1, 26),
('maiunagioia', 1, 27),
('maiunagioia', 1, 28),
('maiunagioia', 0, 31),
('maiunagioia', 1, 32),
('maiunagioia', 0, 33),
('maiunagioia', 1, 34),
('maiunagioia', 0, 35),
('maiunagioia', 1, 36),
('maiunagioia', 0, 37),
('maiunagioia', 1, 38),
('maiunagioia', 0, 40),
('maiunagioia', 0, 41),
('maiunagioia', 1, 42),
('maiunagioia', 0, 44),
('maiunagioia', 0, 45),
('maiunagioia', 0, 46),
('maiunagioia', 0, 47),
('maiunagioia', 1, 48),
('maiunagioia', 0, 49),
('maiunagioia', 0, 50),
('maiunagioia', 1, 51),
('maiunagioia', 1, 52),
('maiunagioia', 0, 53),
('maiunagioia', 1, 54),
('maiunagioia', 0, 55),
('maiunagioia', 1, 56),
('maiunagioia', 0, 57),
('maiunagioia', 0, 60),
('maiunagioia', 0, 62),
('maiunagioia', 1, 63),
('maiunagioia', 1, 65),
('maiunagioia', 1, 66),
('maiunagioia', 0, 67),
('maiunagioia', 1, 68),
('maiunagioia', 0, 69),
('maiunagioia', 0, 70),
('maiunagioia', 0, 72),
('maiunagioia', 1, 74),
('maiunagioia', 0, 75),
('maiunagioia', 1, 78),
('maiunagioia', 1, 79),
('maiunagioia', 1, 81),
('maiunagioia', 1, 83),
('maiunagioia', 1, 84),
('maiunagioia', 1, 85),
('maiunagioia', 0, 87),
('maiunagioia', 1, 88),
('maiunagioia', 1, 89),
('maiunagioia', 1, 91),
('maiunagioia', 1, 92),
('maiunagioia', 0, 94),
('maiunagioia', 0, 95),
('maiunagioia', 1, 96),
('maiunagioia', 1, 98),
('maiunagioia', 0, 99),
('maiunagioia', 1, 101),
('maiunagioia', 1, 104),
('maiunagioia', 0, 105),
('maiunagioia', 0, 106),
('maiunagioia', 0, 107),
('maiunagioia', 1, 109),
('maiunagioia', 1, 110),
('maiunagioia', 1, 113),
('maiunagioia', 0, 114),
('maiunagioia', 1, 115),
('maiunagioia', 1, 118),
('maiunagioia', 1, 119),
('maiunagioia', 1, 120),
('maiunagioia', 1, 121),
('maiunagioia', 0, 122),
('maiunagioia', 0, 124),
('maiunagioia', 1, 125),
('maiunagioia', 0, 126),
('maiunagioia', 1, 128),
('maiunagioia', 1, 129),
('maiunagioia', 1, 131),
('maiunagioia', 0, 132),
('maiunagioia', 1, 133),
('maiunagioia', 1, 134),
('maiunagioia', 1, 135),
('maiunagioia', 1, 137),
('maiunagioia', 1, 139),
('maiunagioia', 0, 140),
('maiunagioia', 1, 141),
('maiunagioia', 0, 142),
('maiunagioia', 0, 143),
('maiunagioia', 1, 145),
('maiunagioia', 0, 148),
('maiunagioia', 1, 149),
('maiunagioia', 1, 150),
('maiunagioia', 1, 153),
('maiunagioia', 0, 155),
('maiunagioia', 0, 156),
('maiunagioia', 1, 159),
('maiunagioia', 0, 160),
('maiunagioia', 1, 163),
('maiunagioia', 0, 164),
('maiunagioia', 0, 165),
('maiunagioia', 0, 167),
('maiunagioia', 1, 169),
('maiunagioia', 1, 170),
('maiunagioia', 0, 171),
('maiunagioia', 0, 172),
('maiunagioia', 1, 174),
('maiunagioia', 0, 176),
('maiunagioia', 1, 177),
('maiunagioia', 1, 179),
('maiunagioia', 0, 181),
('maiunagioia', 0, 182),
('maiunagioia', 1, 183),
('maiunagioia', 1, 186),
('maiunagioia', 1, 189),
('mamolloche', 1, 1),
('mamolloche', 0, 2),
('mamolloche', 0, 3),
('mamolloche', 1, 4),
('mamolloche', 1, 5),
('mamolloche', 1, 6),
('mamolloche', 1, 7),
('mamolloche', 1, 8),
('mamolloche', 1, 9),
('mamolloche', 1, 10),
('mamolloche', 0, 16),
('mamolloche', 1, 19),
('mamolloche', 1, 21),
('mamolloche', 0, 22),
('mamolloche', 0, 28),
('mamolloche', 1, 30),
('mamolloche', 1, 31),
('mamolloche', 0, 32),
('mamolloche', 1, 33),
('mamolloche', 1, 35),
('mamolloche', 0, 36),
('mamolloche', 0, 37),
('mamolloche', 0, 38),
('mamolloche', 1, 39),
('mamolloche', 1, 40),
('mamolloche', 1, 42),
('mamolloche', 1, 43),
('mamolloche', 1, 44),
('mamolloche', 0, 45),
('mamolloche', 0, 46),
('mamolloche', 0, 48),
('mamolloche', 0, 49),
('mamolloche', 1, 50),
('mamolloche', 1, 55),
('mamolloche', 1, 56),
('mamolloche', 1, 57),
('mamolloche', 0, 58),
('mamolloche', 0, 60),
('mamolloche', 1, 62),
('mamolloche', 1, 63),
('mamolloche', 0, 64),
('mamolloche', 0, 65),
('mamolloche', 0, 67),
('mamolloche', 1, 68),
('mamolloche', 0, 69),
('mamolloche', 0, 73),
('mamolloche', 1, 74),
('mamolloche', 1, 75),
('mamolloche', 1, 76),
('mamolloche', 0, 78),
('mamolloche', 1, 79),
('mamolloche', 1, 82),
('mamolloche', 1, 84),
('mamolloche', 0, 85),
('mamolloche', 0, 86),
('mamolloche', 1, 89),
('mamolloche', 0, 91),
('mamolloche', 0, 92),
('mamolloche', 0, 93),
('mamolloche', 1, 94),
('mamolloche', 1, 95),
('mamolloche', 1, 96),
('mamolloche', 1, 97),
('mamolloche', 1, 100),
('mamolloche', 1, 101),
('mamolloche', 1, 102),
('mamolloche', 1, 103),
('mamolloche', 1, 104),
('mamolloche', 0, 105),
('mamolloche', 0, 109),
('mamolloche', 1, 110),
('mamolloche', 1, 114),
('mamolloche', 1, 115),
('mamolloche', 0, 116),
('mamolloche', 1, 118),
('mamolloche', 0, 119),
('mamolloche', 0, 120),
('mamolloche', 0, 121),
('mamolloche', 0, 122),
('mamolloche', 0, 123),
('mamolloche', 0, 124),
('mamolloche', 1, 125),
('mamolloche', 1, 126),
('mamolloche', 1, 127),
('mamolloche', 1, 129),
('mamolloche', 0, 130),
('mamolloche', 0, 131),
('mamolloche', 0, 135),
('mamolloche', 0, 136),
('mamolloche', 0, 138),
('mamolloche', 1, 141),
('mamolloche', 1, 144),
('mamolloche', 0, 145),
('mamolloche', 0, 146),
('mamolloche', 1, 149),
('mamolloche', 0, 151),
('mamolloche', 1, 152),
('mamolloche', 0, 154),
('mamolloche', 0, 156),
('mamolloche', 1, 158),
('mamolloche', 0, 159),
('mamolloche', 0, 160),
('mamolloche', 1, 162),
('mamolloche', 0, 163),
('mamolloche', 0, 165),
('mamolloche', 1, 166),
('mamolloche', 1, 169),
('mamolloche', 0, 172),
('mamolloche', 1, 173),
('mamolloche', 1, 174),
('mamolloche', 1, 178),
('mamolloche', 1, 180),
('mamolloche', 1, 181),
('mamolloche', 0, 184),
('mamolloche', 0, 185),
('mamolloche', 1, 187),
('mamolloche', 0, 189),
('sosssoldi', 0, 2),
('sosssoldi', 0, 4),
('sosssoldi', 1, 5),
('sosssoldi', 0, 7),
('sosssoldi', 1, 9),
('sosssoldi', 0, 10),
('sosssoldi', 0, 11),
('sosssoldi', 0, 12),
('sosssoldi', 0, 13),
('sosssoldi', 1, 14),
('sosssoldi', 0, 17),
('sosssoldi', 1, 18),
('sosssoldi', 1, 19),
('sosssoldi', 0, 21),
('sosssoldi', 0, 23),
('sosssoldi', 1, 26),
('sosssoldi', 0, 27),
('sosssoldi', 0, 29),
('sosssoldi', 0, 30),
('sosssoldi', 0, 33),
('sosssoldi', 1, 36),
('sosssoldi', 1, 37),
('sosssoldi', 0, 38),
('sosssoldi', 1, 39),
('sosssoldi', 0, 40),
('sosssoldi', 1, 41),
('sosssoldi', 0, 43),
('sosssoldi', 1, 44),
('sosssoldi', 0, 45),
('sosssoldi', 0, 46),
('sosssoldi', 0, 47),
('sosssoldi', 1, 48),
('sosssoldi', 1, 49),
('sosssoldi', 1, 51),
('sosssoldi', 1, 52),
('sosssoldi', 1, 53),
('sosssoldi', 1, 55),
('sosssoldi', 1, 56),
('sosssoldi', 1, 57),
('sosssoldi', 1, 58),
('sosssoldi', 0, 59),
('sosssoldi', 1, 60),
('sosssoldi', 1, 61),
('sosssoldi', 0, 62),
('sosssoldi', 0, 63),
('sosssoldi', 0, 66),
('sosssoldi', 1, 67),
('sosssoldi', 1, 68),
('sosssoldi', 1, 69),
('sosssoldi', 1, 71),
('sosssoldi', 1, 73),
('sosssoldi', 1, 75),
('sosssoldi', 1, 78),
('sosssoldi', 1, 79),
('sosssoldi', 1, 80),
('sosssoldi', 0, 81),
('sosssoldi', 0, 83),
('sosssoldi', 1, 85),
('sosssoldi', 1, 86),
('sosssoldi', 0, 87),
('sosssoldi', 0, 89),
('sosssoldi', 1, 90),
('sosssoldi', 1, 91),
('sosssoldi', 1, 93),
('sosssoldi', 1, 95),
('sosssoldi', 0, 96),
('sosssoldi', 0, 98),
('sosssoldi', 1, 100),
('sosssoldi', 0, 101),
('sosssoldi', 1, 102),
('sosssoldi', 0, 103),
('sosssoldi', 1, 104),
('sosssoldi', 1, 105),
('sosssoldi', 1, 106),
('sosssoldi', 1, 107),
('sosssoldi', 1, 108),
('sosssoldi', 0, 109),
('sosssoldi', 1, 112),
('sosssoldi', 1, 113),
('sosssoldi', 1, 115),
('sosssoldi', 0, 116),
('sosssoldi', 1, 117),
('sosssoldi', 0, 119),
('sosssoldi', 0, 121),
('sosssoldi', 1, 123),
('sosssoldi', 1, 124),
('sosssoldi', 1, 125),
('sosssoldi', 0, 126),
('sosssoldi', 0, 128),
('sosssoldi', 1, 129),
('sosssoldi', 1, 130),
('sosssoldi', 1, 132),
('sosssoldi', 0, 133),
('sosssoldi', 1, 136),
('sosssoldi', 1, 137),
('sosssoldi', 1, 138),
('sosssoldi', 0, 141),
('sosssoldi', 1, 143),
('sosssoldi', 0, 147),
('sosssoldi', 0, 148),
('sosssoldi', 1, 149),
('sosssoldi', 1, 150),
('sosssoldi', 0, 151),
('sosssoldi', 1, 152),
('sosssoldi', 0, 153),
('sosssoldi', 1, 154),
('sosssoldi', 1, 156),
('sosssoldi', 0, 160),
('sosssoldi', 0, 161),
('sosssoldi', 1, 162),
('sosssoldi', 1, 163),
('sosssoldi', 1, 164),
('sosssoldi', 1, 165),
('sosssoldi', 1, 166),
('sosssoldi', 0, 172),
('sosssoldi', 1, 173),
('sosssoldi', 0, 174),
('sosssoldi', 0, 175),
('sosssoldi', 0, 176),
('sosssoldi', 0, 177),
('sosssoldi', 0, 178),
('sosssoldi', 1, 179),
('sosssoldi', 1, 180),
('sosssoldi', 1, 181),
('sosssoldi', 1, 182),
('sosssoldi', 0, 183),
('sosssoldi', 1, 184),
('sosssoldi', 0, 185),
('sosssoldi', 0, 186),
('sosssoldi', 0, 188),
('TiNtO', 0, 1),
('TiNtO', 0, 3),
('TiNtO', 0, 4),
('TiNtO', 1, 5),
('TiNtO', 1, 6),
('TiNtO', 1, 8),
('TiNtO', 0, 10),
('TiNtO', 1, 11),
('TiNtO', 0, 12),
('TiNtO', 1, 13),
('TiNtO', 1, 14),
('TiNtO', 0, 15),
('TiNtO', 1, 16),
('TiNtO', 0, 17),
('TiNtO', 0, 18),
('TiNtO', 1, 20),
('TiNtO', 0, 21),
('TiNtO', 1, 24),
('TiNtO', 1, 27),
('TiNtO', 1, 28),
('TiNtO', 0, 29),
('TiNtO', 1, 31),
('TiNtO', 0, 32),
('TiNtO', 1, 35),
('TiNtO', 0, 36),
('TiNtO', 0, 37),
('TiNtO', 0, 38),
('TiNtO', 1, 39),
('TiNtO', 1, 41),
('TiNtO', 0, 42),
('TiNtO', 0, 43),
('TiNtO', 0, 44),
('TiNtO', 1, 45),
('TiNtO', 1, 46),
('TiNtO', 1, 47),
('TiNtO', 1, 49),
('TiNtO', 0, 50),
('TiNtO', 0, 51),
('TiNtO', 0, 53),
('TiNtO', 0, 55),
('TiNtO', 1, 58),
('TiNtO', 0, 59),
('TiNtO', 0, 60),
('TiNtO', 1, 61),
('TiNtO', 0, 63),
('TiNtO', 0, 64),
('TiNtO', 0, 67),
('TiNtO', 1, 72),
('TiNtO', 0, 74),
('TiNtO', 1, 75),
('TiNtO', 1, 76),
('TiNtO', 1, 77),
('TiNtO', 0, 79),
('TiNtO', 0, 80),
('TiNtO', 0, 82),
('TiNtO', 0, 84),
('TiNtO', 0, 85),
('TiNtO', 0, 86),
('TiNtO', 0, 88),
('TiNtO', 0, 90),
('TiNtO', 0, 91),
('TiNtO', 0, 92),
('TiNtO', 0, 93),
('TiNtO', 1, 94),
('TiNtO', 0, 95),
('TiNtO', 0, 97),
('TiNtO', 1, 98),
('TiNtO', 0, 100),
('TiNtO', 0, 101),
('TiNtO', 1, 103),
('TiNtO', 0, 104),
('TiNtO', 1, 107),
('TiNtO', 1, 108),
('TiNtO', 1, 110),
('TiNtO', 0, 116),
('TiNtO', 1, 118),
('TiNtO', 0, 119),
('TiNtO', 1, 120),
('TiNtO', 1, 122),
('TiNtO', 0, 128),
('TiNtO', 0, 129),
('TiNtO', 0, 131),
('TiNtO', 1, 132),
('TiNtO', 1, 133),
('TiNtO', 1, 135),
('TiNtO', 1, 136),
('TiNtO', 0, 138),
('TiNtO', 1, 140),
('TiNtO', 1, 142),
('TiNtO', 0, 143),
('TiNtO', 0, 145),
('TiNtO', 0, 148),
('TiNtO', 1, 149),
('TiNtO', 0, 150),
('TiNtO', 0, 152),
('TiNtO', 1, 153),
('TiNtO', 1, 154),
('TiNtO', 0, 155),
('TiNtO', 1, 156),
('TiNtO', 1, 157),
('TiNtO', 1, 159),
('TiNtO', 1, 161),
('TiNtO', 0, 163),
('TiNtO', 0, 164),
('TiNtO', 1, 165),
('TiNtO', 1, 167),
('TiNtO', 0, 168),
('TiNtO', 0, 170),
('TiNtO', 1, 172),
('TiNtO', 0, 175),
('TiNtO', 0, 176),
('TiNtO', 1, 177),
('TiNtO', 0, 178),
('TiNtO', 0, 179),
('TiNtO', 0, 180),
('TiNtO', 0, 181),
('TiNtO', 0, 183),
('TiNtO', 1, 185),
('TiNtO', 1, 186),
('TiNtO', 1, 187),
('TiNtO', 1, 189);

--
-- Trigger `deck_like`
--
DROP TRIGGER IF EXISTS `aggiornaLike`;
DELIMITER //
CREATE TRIGGER `aggiornaLike` AFTER UPDATE ON `deck_like`
 FOR EACH ROW BEGIN
	IF new.vote = 1 AND old.vote = 0 THEN
		UPDATE deck
		SET likes = likes + 2
        WHERE deck_id = old.deck_id;
	END IF;
	IF new.vote = 0 AND old.vote = 1 THEN
		UPDATE deck
		SET likes = likes - 2
        WHERE deck_id = old.deck_id;
	END IF;
END
//
DELIMITER ;
DROP TRIGGER IF EXISTS `aggiungiLike`;
DELIMITER //
CREATE TRIGGER `aggiungiLike` AFTER INSERT ON `deck_like`
 FOR EACH ROW BEGIN
	IF new.vote = 1 THEN
		UPDATE deck
		SET likes = likes + 1
		WHERE deck_id = new.deck_id;
	END IF;
	IF new.vote = 0 THEN
		UPDATE deck
		SET likes = likes - 1
        WHERE deck_id = new.deck_id;
	END IF;
END
//
DELIMITER ;

-- --------------------------------------------------------

--
-- Struttura della tabella `expansion`
--

CREATE TABLE IF NOT EXISTS `expansion` (
  `name` varchar(50) NOT NULL,
  `description` varchar(500) DEFAULT '',
  `data_entry` datetime NOT NULL,
  `pack_image` varchar(100) NOT NULL,
  PRIMARY KEY (`name`)
) ENGINE=InnoDB DEFAULT CHARSET=latin1;

--
-- Dump dei dati per la tabella `expansion`
--

INSERT INTO `expansion` (`name`, `description`, `data_entry`, `pack_image`) VALUES
('BRM', '', '1000-01-01 00:00:00', 'NULL'),
('CORE', '', '1000-01-01 00:00:00', 'NULL'),
('EXPERT1', '', '1000-01-01 00:00:00', 'NULL'),
('GANGS', '', '1000-01-01 00:00:00', 'NULL'),
('GVG', '', '1000-01-01 00:00:00', 'NULL'),
('KARA', '', '1000-01-01 00:00:00', 'NULL'),
('LOE', '', '1000-01-01 00:00:00', 'NULL'),
('NAXX', '', '1000-01-01 00:00:00', 'NULL'),
('OG', '', '1000-01-01 00:00:00', 'NULL'),
('TGT', '', '1000-01-01 00:00:00', 'NULL');

-- --------------------------------------------------------

--
-- Struttura della tabella `guide`
--

CREATE TABLE IF NOT EXISTS `guide` (
  `guide_id` int(11) NOT NULL AUTO_INCREMENT,
  `title` varchar(50) NOT NULL,
  `content` varchar(5000) NOT NULL,
  `hero_id` varchar(15) DEFAULT NULL,
  `user_name` varchar(50) NOT NULL,
  PRIMARY KEY (`guide_id`),
  KEY `hero_id` (`hero_id`),
  KEY `user_name` (`user_name`)
) ENGINE=InnoDB  DEFAULT CHARSET=latin1 AUTO_INCREMENT=11 ;

--
-- Dump dei dati per la tabella `guide`
--

INSERT INTO `guide` (`guide_id`, `title`, `content`, `hero_id`, `user_name`) VALUES
(2, 'Tutti i segreti su Jaina', 'Jaina &egrave; la regina del burst damage in Heroes of the Storm: le combo tra le sue Abilit&agrave;, favorite e potenziate dal suo Tratto distintivo, le consentono di ridurre in pochi secondi drasticamente la vita dei suoi avversari (raramente ne colpisce uno solo), per di pi&ugrave; rallentandoli, decidendo spesso da sola le sorti di un teamfight. Sempre grazie al suo alto damage output la nostra Arcimaga si configura nelle prime fasi della partita come un potenziale ottimo pusher, spazzando via letteralmente e rapidamente le varie ondate di creep avversari per condurre i propri alleati contro le strutture nemiche; allo stesso modo, chiudendosi a tartaruga dietro le proprie torri, Jaina costituisce un ottimo counterpusher danneggiando gravemente i suoi assedianti e costringendoli alla ritirata. Questa straordinaria potenza, ancora pi&ugrave; grande dopo la patch di Sylvanas (tanto che Jaina &egrave; saltata in Top Tier ed &egrave; pickata praticamente in ogni match competitivo), ha ovviamente un alto costo: innanzitutto le Abilit&agrave; brucinao molto Mana ed hanno un lungo cooldown, richiedendo dunque un''attenta gestione delle proprie risorse ed una sapiente capacit&agrave; di posizionamento (bisogna comprendere che alla base Jaina deve dar fondo a tutte le sue Skill, dunque allontanarsi dal combattimento e tornarvi solo allorch i suoi tempi di ricarica sono azzerati); in secondo luogo la nostra eroina &egrave; tra i personaggi pi&ugrave; squishy del gioco, con una Salute molto bassa, che facilmente giunge al termine se oggetto di focus avversario, nonch con pochi escape (il rallentamento provocato dal Tratto distintivo non basta, ve l''assicuro): &egrave; bene dunque, quando si controlla Jaina, tenersi nelle retrovie dello scontro e giocare estremamente safe.', 'HERO_08', 'TiNtO'),
(3, 'Tutti i segreti su Rexxar', 'Il Cacciatore &egrave; decisamente un campione di combo (assieme al Ladro) e vi permetter&agrave; di padroneggiare uno stile aggressivo. Il mazzo base, infatti, fatica a contenere con le magie i servitori avversari, compensando decisamente con la valanga di creature che vi schiera di fronte. Tutti i servitori neutrali che metterete in campo sono bestie e questo perch traete da essi il vostro massimo potenziale. Usate con saggezza Rinoceronte Furioso per avere una rapida fase d''attacco (dunque non mettetelo sul terreno da solo) e pensateci bene quando Condor Affamato sapr&agrave; darvi un sacco di carte in pi&ugrave;. Ho visto tantissimi Cacciatori mettere gi&ugrave; quel servitore per pescare una carta soltanto e questo &egrave; totalmente sbagliato. Tenetelo al sicuro e attaccate con tutto (il resto)! Maestro dei Segugi &egrave; una carta, a mio parere, di una potenza molto elevata. Fornir&agrave; Protezione ad una vostra bestia sul campo, potenziandola con un non indifferente +2/+2. Ottima accoppiata, per aumentare le vostre difese, con Tartarabbia dell''Oasi.', 'HERO_05', 'TiNtO'),
(4, 'Tutti i segreti su Thrall', 'Sinceramente, non &egrave; il pi&ugrave; forte che ci sia a 0 buste, ma ha carte che richiedono grande fantasia nell''utilizzo e ci&ograve; lo rende un mazzo di reale intrattenimento! Potete scegliere tra diverse tattiche e potete agire come un giocatore feroce o uno paziente. Cercate, in ogni caso, di non correre troppo, subite qualche leggero danno ed usate il Potere Eroe: Evocazione Totemica per mettere qualcosa sul terreno, dopodich tentate di potenziare la vostra strategia con le carte in mano. I nuovi giocatori devono imparare ad usare Maleficio, dato che &egrave; vero che trasforma un qualsiasi servitore in un''inutile ranocchia, ma dotata di Protezione, dunque state attenti se non volete essere rallentati. Brama di Sangue &egrave; potete anche se usata su servitori con attacco basso, dunque sfruttatela con cautela, ma non attendete troppo a lungo. Con il mazzo 0 buste dello Sciamano non si potranno provare le tattiche di Sovraccarico tipiche di questa classe, ma inizierete a padroneggiare le altre tattiche in attesa di ampliare il vostro mazzo!', 'HERO_02', 'barco'),
(5, 'Tutti i segreti su Anduin', 'Forse il migliore di tutti i mazzi base. Non c''&egrave; nulla di particolare da tenere a mente. Attraverso questo mazzo capirete le meccaniche di gioco principali di questa classe. Parola d''Ombra: Dolore e Parola d''Ombra: Morte sono carte estremamente buone e dovete capire quando e come quelle carte vengono sfruttate al meglio. Il nemico potrebbe sempre avere una carta Epica o Leggendaria che aspetta solo di venirvi ad uccidere... a quel punto, se avrete sprecato le due Parole d''Ombra per servitori deboli, vi vorrete mangiare le mani! Controllo Mentale pu&ograve; davvero cambiare la direzione della partita. Ruberete il mostro selezionato al vostro avversario ed esso, a meno di disporre dell''abilit&agrave; Carica, sar&agrave; dormiente per quel turno. (grazie a Spezz per aver ricordato questa precisazione) Con 10 costo mana &egrave; un incantesimo complesso da gestire per i nuovi giocatori, ma non deprimetevi, &egrave; tutto normale, migliorerete sempre pi&ugrave;, facendo diventare questa carta uno strumento per far tremare il vostro avversario!', 'HERO_09', 'barco'),
(6, 'Tutti i segreti su Malfurion', 'Come indica il suo ruolo, Malfurion agisce dalle retrovie per supportare il proprio gruppo senza doversi esporre nella mischia in prima persona. Lo skillset di Malfurion gli permette di essere un supporto molto versatile avendo a propria disposizione una cura, un danno ad area che rivela ed un CC ad area. Gran parte delle proprie abilit&agrave; agiscono nel tempo e non istantaneamente, questo significa ad esempio che un alleato, per beneficiare appieno delle cure, deve restare in vita per tutta la loro durata. Grazie a questo Malfurion eccelle negli scontri prolungati. Al di fuori del teamfight l''Arcidruido pu&ograve; garantire visione al proprio team ed occasionalmente ingaggi favorevoli mantenendo sempre alta la salute dei propri alleati. Ad inizio parte &egrave; bene occupare un lane accompagnati da un altro Eroe ed &egrave; sconsigliato stare da soli perch le abilit&agrave; a disposizione sono impiegate al meglio in supporto agli alleati. Quando gli obiettivi diventano una priorit&agrave; &egrave; bene cercare di occuparli stando sempre in gruppo e mai da soli: il gioco di squadra, alla base di Heroes of the Storm, &egrave; molto importante soprattutto per Malfurion dato che pu&ograve; cambiare le sorti di un teamfight grazie alle proprie abilit&agrave; eroica.', 'HERO_06', 'barco'),
(7, 'Tutti i segreti su Uther', 'Con il suo mix di cure, utilities e stun, Uther &egrave; il Supporto per antonomasia, adatto ad ogni mappa del gioco proprio in quanto molto versatile. Estremamente potente (per non dire decisamente overpowered) in passato, a dispetto di quanti molti sostengono non &egrave; stato poi cos&igrave; demolito dalla Sylvanas'' patch, anzi ha ottenuto in cambio qualche aggiunta interessante, tanto che resta tuttora uno dei eroi pi&ugrave; pickati nei match competitivi. Unica pecca, pi&ugrave; grave forse dopo le ultime, suddette modifiche, &egrave; il range relativamente basso delle sue Abilit&agrave;, cos&igrave; che bisogna star attenti nel giocarlo a non trovarsi troppo spesso in prima linea; in aggiunta, va detto che certo il suo damage output non &egrave; tra i migliori, inferiore anche a quello di altri eroi di Supporto (viene da pensare innanzitutto a Rehgar), ma dato il ruolo non c''&egrave; poi da farne una tragedia.', 'HERO_04', 'sosssoldi'),
(8, 'Tutti i segreti su Garrosh', 'Garrosh Malogrido, figlio del leggendario Grommash Malogrido, impar&ograve; a trovare fiducia in se stesso sotto la guida di Thrall, maestro degli elementi e potente Sciamano. In qualit&agrave; di membro dell''Orda di Thrall, Garrosh diede prova di s come potente Guerriero e grande condottiero. Capoguerra dell''Orda, la sua rapida ascesa e la tragica trasformazione in despota assetato di potere definirono una personalit&agrave; complessa: un Orco indeciso, che cercava di essere all''altezza del nome di suo padre. Garrosh cerc&ograve; di portare onore, gloria e prosperit&agrave; alla propria gente, ma nel suo caso, la strada delle buone intenzioni era destinata a essere lastricata di morte e distruzione. Nel corso degli anni il figlio di Grommash si fece notare dal Clan Mag''har nelle Terre Esterne, e fu invitato infine da Thrall nella capitale degli Orchi a Orgrimmar, su Azeroth, perch diventasse uno dei suoi consiglieri. Durante la permanenza nella capitale dell''Orda, Garrosh apprese che gli Orchi di Orgrimmar non se la passavano cos&igrave; bene come lui riteneva dovessero. Non capiva le scelte di Thrall, ritenendole pi&ugrave; orientate a espiare i peccati del passato e a vivere in pace, piuttosto che a fare di tutto per le attuali esigenze del suo popolo. Si domandava perch Thrall non impiegasse tutta la forza dell''Orda per eliminare i suoi nemici e prendere con la forza ci&ograve; che volevano. Questi dubbi non fecero altro che rafforzare ulteriormente i desideri di grandezza di Garrosh, spingendolo a riconquistare la gloria di Orgrimmar e ad assicurare la prosperit&agrave; agli Orchi dell''Orda, calpestando qualunque cosa si frapponesse sul loro cammino. Sicuramente Garrosh consider&ograve; immediatamente l''Alleanza come nemico giurato dell''Orda, il pi&ugrave; grande ostacolo sulla strada della prosperit&agrave; per il suo popolo. L''Alleanza ostacolava l''Orda nella raccolta delle risorse, assaltando i suoi accampamenti e uccidendone i membri. A Garrosh era chiaro che la soluzione pi&ugrave; diretta fosse la distruzione dell''Alleanza e la conquista di Kalimdor e di tutte le sue risorse.', 'HERO_01', 'sosssoldi'),
(9, 'Tutti i segreti su Gul''dan', 'Esattamente come per il mazzo Sacerdote, quello Stregone possiede buona parte delle carte classe che userete anche a livelli pi&ugrave; alti. Per prima cosa, imparate a barare: tutte le carte che possono essere attivate scartandone una o pi&ugrave; di quelle presenti nella vostra mano, possono in realt&agrave; funzionare anche quando la vostra mano &egrave; vuota. Quindi, in questo mazzo ci&ograve; accade solo con Fuoco dell''Anima, ma tenete a mente questo trucchetto anche per il futuro. Ho inserito qualche potenziamento ai Danni Magici per incrementare l''effetto degli incantesimi. Mago di Dalaran &egrave; ottimo per attacchi magici rapidi, grazie al suo basso costo mana. Arcimago, invece, &egrave; in grado di fare pressione all''avversario, dunque giocatelo sia come combattente che come potenziamento. Secondo me, Spira Letale e Dardo d''Ombra sono gli incantesimi che pi&ugrave; beneficiano di un incremento e che permettono giocate intelligenti votate al controllo di campo. Tutte le altre carte presenti sono pensate per darvi controllo del campo da gioco ed aiutarvi a non usare Conversione Vitale o ad utilizzarlo per ottenere una doppia pescata, questo sta a voi deciderlo.', 'HERO_07', 'sosssoldi'),
(10, 'Tutti i segreti su Valeera', 'Chi pu&ograve; fermare la furia di Valeera e delle sue stilettate? Avete fra le mani il mazzo di controllo pi&ugrave; forte a 0 buste.  Le magie del Ladro infliggono pochi danni, se prese singolarmente. Quanto basta per contenere il nemico, certo non per fermare i suoi servitori pi&ugrave; potenti. Eppure, Coboldo Geomante e Magus Ogre possono cambiare pesantemente l''equilibrio delle forze in campo, rendendovi in grado di causare danni ingenti, pescando anche carte, con una manciata di mana o magari senza neanche consumarne. Scatto, con il suo costo di 7 mana, perplime molti giocatori. Non sar&agrave; troppo costoso per ci&ograve; che fa? No, se paragonato al costo delle vostre magie di contenimento. Utilizzatelo avendo a disposizione ancora due o tre mana e vedrete che non sar&agrave; stata una brutta idea inserirlo nel vostro arsenale. Campione di Roccavento &egrave; l''ideale per potenziare i vostri servitori una volta che vi sarete occupati di quelli dell''avversario, fornendo una grande accelerata alla vostra capacit&agrave; di infliggere danni.', 'HERO_03', 'maiunagioia');

-- --------------------------------------------------------

--
-- Struttura della tabella `hero`
--

CREATE TABLE IF NOT EXISTS `hero` (
  `hero_id` varchar(15) NOT NULL,
  `name` varchar(50) NOT NULL,
  `image` varchar(100) NOT NULL,
  `type` varchar(25) NOT NULL,
  `h_power` varchar(15) NOT NULL,
  PRIMARY KEY (`hero_id`),
  KEY `h_power` (`h_power`)
) ENGINE=InnoDB DEFAULT CHARSET=latin1;

--
-- Dump dei dati per la tabella `hero`
--

INSERT INTO `hero` (`hero_id`, `name`, `image`, `type`, `h_power`) VALUES
('HERO_01', 'Garrosh Malogrido', 'HERO_01.png', 'Guerriero', 'CS2_102'),
('HERO_01a', 'Magni Barbabronzea', 'HERO_01a.png', 'Guerriero', 'CS2_102'),
('HERO_02', 'Thrall', 'HERO_02.png', 'Sciamano', 'CS2_049'),
('HERO_02a', 'Morgl l''Oracolo', 'HERO_02a.png', 'Sciamano', 'CS2_049'),
('HERO_03', 'Valeera Sanguinar', 'HERO_03.png', 'Ladro', 'CS2_083b'),
('HERO_04', 'Uther l''Araldo della Luce', 'HERO_04.png', 'Paladino', 'CS2_101'),
('HERO_04a', 'Dama Liadrin', 'HERO_04a.png', 'Paladino', 'CS2_101'),
('HERO_05', 'Rexxar', 'HERO_05.png', 'Cacciatore', 'DS1h_292'),
('HERO_05a', 'Alleria Ventolesto', 'HERO_05a.png', 'Cacciatore', 'DS1h_292'),
('HERO_06', 'Malfurion Grantempesta', 'HERO_06.png', 'Druido', 'CS2_017'),
('HERO_07', 'Gul''dan', 'HERO_07.png', 'Stregone', 'CS2_056'),
('HERO_08', 'Jaina Marefiero', 'HERO_08.png', 'Mago', 'CS2_034'),
('HERO_08a', 'Medivh', 'HERO_08a.png', 'Mago', 'CS2_034'),
('HERO_08b', 'Khadgar', 'HERO_08b.png', 'Mago', 'CS2_034'),
('HERO_09', 'Anduin Wrynn', 'HERO_09.png', 'Sacerdote', 'CS1h_001'),
('HERO_09a', 'Tyrande Soffiabrezza', 'HERO_09a.png', 'Sacerdote', 'CS1h_001');

-- --------------------------------------------------------

--
-- Struttura della tabella `hero_card`
--

CREATE TABLE IF NOT EXISTS `hero_card` (
  `hero_id` varchar(15) NOT NULL,
  `card_id` varchar(20) NOT NULL,
  PRIMARY KEY (`hero_id`,`card_id`),
  KEY `card_id` (`card_id`)
) ENGINE=InnoDB DEFAULT CHARSET=latin1;

--
-- Dump dei dati per la tabella `hero_card`
--

INSERT INTO `hero_card` (`hero_id`, `card_id`) VALUES
('HERO_08', 'AT_001'),
('HERO_08', 'AT_002'),
('HERO_08', 'AT_003'),
('HERO_08', 'AT_004'),
('HERO_08', 'AT_005'),
('HERO_08', 'AT_006'),
('HERO_08', 'AT_007'),
('HERO_08', 'AT_008'),
('HERO_08', 'AT_009'),
('HERO_05', 'AT_010'),
('HERO_09', 'AT_011'),
('HERO_09', 'AT_012'),
('HERO_09', 'AT_013'),
('HERO_09', 'AT_014'),
('HERO_09', 'AT_015'),
('HERO_09', 'AT_016'),
('HERO_01', 'AT_017'),
('HERO_02', 'AT_017'),
('HERO_03', 'AT_017'),
('HERO_04', 'AT_017'),
('HERO_05', 'AT_017'),
('HERO_06', 'AT_017'),
('HERO_07', 'AT_017'),
('HERO_08', 'AT_017'),
('HERO_09', 'AT_017'),
('HERO_09', 'AT_018'),
('HERO_07', 'AT_019'),
('HERO_07', 'AT_020'),
('HERO_07', 'AT_021'),
('HERO_07', 'AT_022'),
('HERO_07', 'AT_023'),
('HERO_07', 'AT_024'),
('HERO_07', 'AT_025'),
('HERO_07', 'AT_026'),
('HERO_07', 'AT_027'),
('HERO_03', 'AT_028'),
('HERO_03', 'AT_029'),
('HERO_03', 'AT_030'),
('HERO_03', 'AT_031'),
('HERO_03', 'AT_032'),
('HERO_03', 'AT_033'),
('HERO_03', 'AT_034'),
('HERO_03', 'AT_035'),
('HERO_03', 'AT_036'),
('HERO_06', 'AT_037'),
('HERO_06', 'AT_038'),
('HERO_06', 'AT_039'),
('HERO_06', 'AT_040'),
('HERO_06', 'AT_041'),
('HERO_06', 'AT_042'),
('HERO_06', 'AT_043'),
('HERO_06', 'AT_044'),
('HERO_06', 'AT_045'),
('HERO_02', 'AT_046'),
('HERO_02', 'AT_047'),
('HERO_02', 'AT_048'),
('HERO_02', 'AT_049'),
('HERO_02', 'AT_050'),
('HERO_02', 'AT_051'),
('HERO_02', 'AT_052'),
('HERO_02', 'AT_053'),
('HERO_02', 'AT_054'),
('HERO_09', 'AT_055'),
('HERO_05', 'AT_056'),
('HERO_05', 'AT_057'),
('HERO_05', 'AT_058'),
('HERO_05', 'AT_059'),
('HERO_05', 'AT_060'),
('HERO_05', 'AT_061'),
('HERO_05', 'AT_062'),
('HERO_05', 'AT_063'),
('HERO_05', 'AT_063t'),
('HERO_01', 'AT_064'),
('HERO_01', 'AT_065'),
('HERO_01', 'AT_066'),
('HERO_01', 'AT_067'),
('HERO_01', 'AT_068'),
('HERO_01', 'AT_069'),
('HERO_01', 'AT_070'),
('HERO_02', 'AT_070'),
('HERO_03', 'AT_070'),
('HERO_04', 'AT_070'),
('HERO_05', 'AT_070'),
('HERO_06', 'AT_070'),
('HERO_07', 'AT_070'),
('HERO_08', 'AT_070'),
('HERO_09', 'AT_070'),
('HERO_01', 'AT_071'),
('HERO_01', 'AT_072'),
('HERO_04', 'AT_073'),
('HERO_04', 'AT_074'),
('HERO_04', 'AT_075'),
('HERO_04', 'AT_076'),
('HERO_04', 'AT_077'),
('HERO_04', 'AT_078'),
('HERO_04', 'AT_079'),
('HERO_01', 'AT_080'),
('HERO_02', 'AT_080'),
('HERO_03', 'AT_080'),
('HERO_04', 'AT_080'),
('HERO_05', 'AT_080'),
('HERO_06', 'AT_080'),
('HERO_07', 'AT_080'),
('HERO_08', 'AT_080'),
('HERO_09', 'AT_080'),
('HERO_04', 'AT_081'),
('HERO_01', 'AT_082'),
('HERO_02', 'AT_082'),
('HERO_03', 'AT_082'),
('HERO_04', 'AT_082'),
('HERO_05', 'AT_082'),
('HERO_06', 'AT_082'),
('HERO_07', 'AT_082'),
('HERO_08', 'AT_082'),
('HERO_09', 'AT_082'),
('HERO_01', 'AT_083'),
('HERO_02', 'AT_083'),
('HERO_03', 'AT_083'),
('HERO_04', 'AT_083'),
('HERO_05', 'AT_083'),
('HERO_06', 'AT_083'),
('HERO_07', 'AT_083'),
('HERO_08', 'AT_083'),
('HERO_09', 'AT_083'),
('HERO_01', 'AT_084'),
('HERO_02', 'AT_084'),
('HERO_03', 'AT_084'),
('HERO_04', 'AT_084'),
('HERO_05', 'AT_084'),
('HERO_06', 'AT_084'),
('HERO_07', 'AT_084'),
('HERO_08', 'AT_084'),
('HERO_09', 'AT_084'),
('HERO_01', 'AT_085'),
('HERO_02', 'AT_085'),
('HERO_03', 'AT_085'),
('HERO_04', 'AT_085'),
('HERO_05', 'AT_085'),
('HERO_06', 'AT_085'),
('HERO_07', 'AT_085'),
('HERO_08', 'AT_085'),
('HERO_09', 'AT_085'),
('HERO_01', 'AT_086'),
('HERO_02', 'AT_086'),
('HERO_03', 'AT_086'),
('HERO_04', 'AT_086'),
('HERO_05', 'AT_086'),
('HERO_06', 'AT_086'),
('HERO_07', 'AT_086'),
('HERO_08', 'AT_086'),
('HERO_09', 'AT_086'),
('HERO_01', 'AT_087'),
('HERO_02', 'AT_087'),
('HERO_03', 'AT_087'),
('HERO_04', 'AT_087'),
('HERO_05', 'AT_087'),
('HERO_06', 'AT_087'),
('HERO_07', 'AT_087'),
('HERO_08', 'AT_087'),
('HERO_09', 'AT_087'),
('HERO_01', 'AT_088'),
('HERO_02', 'AT_088'),
('HERO_03', 'AT_088'),
('HERO_04', 'AT_088'),
('HERO_05', 'AT_088'),
('HERO_06', 'AT_088'),
('HERO_07', 'AT_088'),
('HERO_08', 'AT_088'),
('HERO_09', 'AT_088'),
('HERO_01', 'AT_089'),
('HERO_02', 'AT_089'),
('HERO_03', 'AT_089'),
('HERO_04', 'AT_089'),
('HERO_05', 'AT_089'),
('HERO_06', 'AT_089'),
('HERO_07', 'AT_089'),
('HERO_08', 'AT_089'),
('HERO_09', 'AT_089'),
('HERO_01', 'AT_090'),
('HERO_02', 'AT_090'),
('HERO_03', 'AT_090'),
('HERO_04', 'AT_090'),
('HERO_05', 'AT_090'),
('HERO_06', 'AT_090'),
('HERO_07', 'AT_090'),
('HERO_08', 'AT_090'),
('HERO_09', 'AT_090'),
('HERO_01', 'AT_091'),
('HERO_02', 'AT_091'),
('HERO_03', 'AT_091'),
('HERO_04', 'AT_091'),
('HERO_05', 'AT_091'),
('HERO_06', 'AT_091'),
('HERO_07', 'AT_091'),
('HERO_08', 'AT_091'),
('HERO_09', 'AT_091'),
('HERO_01', 'AT_092'),
('HERO_02', 'AT_092'),
('HERO_03', 'AT_092'),
('HERO_04', 'AT_092'),
('HERO_05', 'AT_092'),
('HERO_06', 'AT_092'),
('HERO_07', 'AT_092'),
('HERO_08', 'AT_092'),
('HERO_09', 'AT_092'),
('HERO_01', 'AT_093'),
('HERO_02', 'AT_093'),
('HERO_03', 'AT_093'),
('HERO_04', 'AT_093'),
('HERO_05', 'AT_093'),
('HERO_06', 'AT_093'),
('HERO_07', 'AT_093'),
('HERO_08', 'AT_093'),
('HERO_09', 'AT_093'),
('HERO_01', 'AT_094'),
('HERO_02', 'AT_094'),
('HERO_03', 'AT_094'),
('HERO_04', 'AT_094'),
('HERO_05', 'AT_094'),
('HERO_06', 'AT_094'),
('HERO_07', 'AT_094'),
('HERO_08', 'AT_094'),
('HERO_09', 'AT_094'),
('HERO_01', 'AT_095'),
('HERO_02', 'AT_095'),
('HERO_03', 'AT_095'),
('HERO_04', 'AT_095'),
('HERO_05', 'AT_095'),
('HERO_06', 'AT_095'),
('HERO_07', 'AT_095'),
('HERO_08', 'AT_095'),
('HERO_09', 'AT_095'),
('HERO_01', 'AT_096'),
('HERO_02', 'AT_096'),
('HERO_03', 'AT_096'),
('HERO_04', 'AT_096'),
('HERO_05', 'AT_096'),
('HERO_06', 'AT_096'),
('HERO_07', 'AT_096'),
('HERO_08', 'AT_096'),
('HERO_09', 'AT_096'),
('HERO_01', 'AT_097'),
('HERO_02', 'AT_097'),
('HERO_03', 'AT_097'),
('HERO_04', 'AT_097'),
('HERO_05', 'AT_097'),
('HERO_06', 'AT_097'),
('HERO_07', 'AT_097'),
('HERO_08', 'AT_097'),
('HERO_09', 'AT_097'),
('HERO_01', 'AT_098'),
('HERO_02', 'AT_098'),
('HERO_03', 'AT_098'),
('HERO_04', 'AT_098'),
('HERO_05', 'AT_098'),
('HERO_06', 'AT_098'),
('HERO_07', 'AT_098'),
('HERO_08', 'AT_098'),
('HERO_09', 'AT_098'),
('HERO_01', 'AT_099'),
('HERO_02', 'AT_099'),
('HERO_03', 'AT_099'),
('HERO_04', 'AT_099'),
('HERO_05', 'AT_099'),
('HERO_06', 'AT_099'),
('HERO_07', 'AT_099'),
('HERO_08', 'AT_099'),
('HERO_09', 'AT_099'),
('HERO_01', 'AT_100'),
('HERO_02', 'AT_100'),
('HERO_03', 'AT_100'),
('HERO_04', 'AT_100'),
('HERO_05', 'AT_100'),
('HERO_06', 'AT_100'),
('HERO_07', 'AT_100'),
('HERO_08', 'AT_100'),
('HERO_09', 'AT_100'),
('HERO_01', 'AT_101'),
('HERO_02', 'AT_101'),
('HERO_03', 'AT_101'),
('HERO_04', 'AT_101'),
('HERO_05', 'AT_101'),
('HERO_06', 'AT_101'),
('HERO_07', 'AT_101'),
('HERO_08', 'AT_101'),
('HERO_09', 'AT_101'),
('HERO_01', 'AT_102'),
('HERO_02', 'AT_102'),
('HERO_03', 'AT_102'),
('HERO_04', 'AT_102'),
('HERO_05', 'AT_102'),
('HERO_06', 'AT_102'),
('HERO_07', 'AT_102'),
('HERO_08', 'AT_102'),
('HERO_09', 'AT_102'),
('HERO_01', 'AT_103'),
('HERO_02', 'AT_103'),
('HERO_03', 'AT_103'),
('HERO_04', 'AT_103'),
('HERO_05', 'AT_103'),
('HERO_06', 'AT_103'),
('HERO_07', 'AT_103'),
('HERO_08', 'AT_103'),
('HERO_09', 'AT_103'),
('HERO_04', 'AT_104'),
('HERO_01', 'AT_105'),
('HERO_02', 'AT_105'),
('HERO_03', 'AT_105'),
('HERO_04', 'AT_105'),
('HERO_05', 'AT_105'),
('HERO_06', 'AT_105'),
('HERO_07', 'AT_105'),
('HERO_08', 'AT_105'),
('HERO_09', 'AT_105'),
('HERO_01', 'AT_106'),
('HERO_02', 'AT_106'),
('HERO_03', 'AT_106'),
('HERO_04', 'AT_106'),
('HERO_05', 'AT_106'),
('HERO_06', 'AT_106'),
('HERO_07', 'AT_106'),
('HERO_08', 'AT_106'),
('HERO_09', 'AT_106'),
('HERO_01', 'AT_108'),
('HERO_02', 'AT_108'),
('HERO_03', 'AT_108'),
('HERO_04', 'AT_108'),
('HERO_05', 'AT_108'),
('HERO_06', 'AT_108'),
('HERO_07', 'AT_108'),
('HERO_08', 'AT_108'),
('HERO_09', 'AT_108'),
('HERO_01', 'AT_109'),
('HERO_02', 'AT_109'),
('HERO_03', 'AT_109'),
('HERO_04', 'AT_109'),
('HERO_05', 'AT_109'),
('HERO_06', 'AT_109'),
('HERO_07', 'AT_109'),
('HERO_08', 'AT_109'),
('HERO_09', 'AT_109'),
('HERO_01', 'AT_110'),
('HERO_02', 'AT_110'),
('HERO_03', 'AT_110'),
('HERO_04', 'AT_110'),
('HERO_05', 'AT_110'),
('HERO_06', 'AT_110'),
('HERO_07', 'AT_110'),
('HERO_08', 'AT_110'),
('HERO_09', 'AT_110'),
('HERO_01', 'AT_111'),
('HERO_02', 'AT_111'),
('HERO_03', 'AT_111'),
('HERO_04', 'AT_111'),
('HERO_05', 'AT_111'),
('HERO_06', 'AT_111'),
('HERO_07', 'AT_111'),
('HERO_08', 'AT_111'),
('HERO_09', 'AT_111'),
('HERO_01', 'AT_112'),
('HERO_02', 'AT_112'),
('HERO_03', 'AT_112'),
('HERO_04', 'AT_112'),
('HERO_05', 'AT_112'),
('HERO_06', 'AT_112'),
('HERO_07', 'AT_112'),
('HERO_08', 'AT_112'),
('HERO_09', 'AT_112'),
('HERO_01', 'AT_113'),
('HERO_02', 'AT_113'),
('HERO_03', 'AT_113'),
('HERO_04', 'AT_113'),
('HERO_05', 'AT_113'),
('HERO_06', 'AT_113'),
('HERO_07', 'AT_113'),
('HERO_08', 'AT_113'),
('HERO_09', 'AT_113'),
('HERO_01', 'AT_114'),
('HERO_02', 'AT_114'),
('HERO_03', 'AT_114'),
('HERO_04', 'AT_114'),
('HERO_05', 'AT_114'),
('HERO_06', 'AT_114'),
('HERO_07', 'AT_114'),
('HERO_08', 'AT_114'),
('HERO_09', 'AT_114'),
('HERO_01', 'AT_115'),
('HERO_02', 'AT_115'),
('HERO_03', 'AT_115'),
('HERO_04', 'AT_115'),
('HERO_05', 'AT_115'),
('HERO_06', 'AT_115'),
('HERO_07', 'AT_115'),
('HERO_08', 'AT_115'),
('HERO_09', 'AT_115'),
('HERO_09', 'AT_116'),
('HERO_01', 'AT_117'),
('HERO_02', 'AT_117'),
('HERO_03', 'AT_117'),
('HERO_04', 'AT_117'),
('HERO_05', 'AT_117'),
('HERO_06', 'AT_117'),
('HERO_07', 'AT_117'),
('HERO_08', 'AT_117'),
('HERO_09', 'AT_117'),
('HERO_01', 'AT_118'),
('HERO_02', 'AT_118'),
('HERO_03', 'AT_118'),
('HERO_04', 'AT_118'),
('HERO_05', 'AT_118'),
('HERO_06', 'AT_118'),
('HERO_07', 'AT_118'),
('HERO_08', 'AT_118'),
('HERO_09', 'AT_118'),
('HERO_01', 'AT_119'),
('HERO_02', 'AT_119'),
('HERO_03', 'AT_119'),
('HERO_04', 'AT_119'),
('HERO_05', 'AT_119'),
('HERO_06', 'AT_119'),
('HERO_07', 'AT_119'),
('HERO_08', 'AT_119'),
('HERO_09', 'AT_119'),
('HERO_01', 'AT_120'),
('HERO_02', 'AT_120'),
('HERO_03', 'AT_120'),
('HERO_04', 'AT_120'),
('HERO_05', 'AT_120'),
('HERO_06', 'AT_120'),
('HERO_07', 'AT_120'),
('HERO_08', 'AT_120'),
('HERO_09', 'AT_120'),
('HERO_01', 'AT_121'),
('HERO_02', 'AT_121'),
('HERO_03', 'AT_121'),
('HERO_04', 'AT_121'),
('HERO_05', 'AT_121'),
('HERO_06', 'AT_121'),
('HERO_07', 'AT_121'),
('HERO_08', 'AT_121'),
('HERO_09', 'AT_121'),
('HERO_01', 'AT_122'),
('HERO_02', 'AT_122'),
('HERO_03', 'AT_122'),
('HERO_04', 'AT_122'),
('HERO_05', 'AT_122'),
('HERO_06', 'AT_122'),
('HERO_07', 'AT_122'),
('HERO_08', 'AT_122'),
('HERO_09', 'AT_122'),
('HERO_01', 'AT_123'),
('HERO_02', 'AT_123'),
('HERO_03', 'AT_123'),
('HERO_04', 'AT_123'),
('HERO_05', 'AT_123'),
('HERO_06', 'AT_123'),
('HERO_07', 'AT_123'),
('HERO_08', 'AT_123'),
('HERO_09', 'AT_123'),
('HERO_01', 'AT_124'),
('HERO_02', 'AT_124'),
('HERO_03', 'AT_124'),
('HERO_04', 'AT_124'),
('HERO_05', 'AT_124'),
('HERO_06', 'AT_124'),
('HERO_07', 'AT_124'),
('HERO_08', 'AT_124'),
('HERO_09', 'AT_124'),
('HERO_01', 'AT_125'),
('HERO_02', 'AT_125'),
('HERO_03', 'AT_125'),
('HERO_04', 'AT_125'),
('HERO_05', 'AT_125'),
('HERO_06', 'AT_125'),
('HERO_07', 'AT_125'),
('HERO_08', 'AT_125'),
('HERO_09', 'AT_125'),
('HERO_01', 'AT_127'),
('HERO_02', 'AT_127'),
('HERO_03', 'AT_127'),
('HERO_04', 'AT_127'),
('HERO_05', 'AT_127'),
('HERO_06', 'AT_127'),
('HERO_07', 'AT_127'),
('HERO_08', 'AT_127'),
('HERO_09', 'AT_127'),
('HERO_01', 'AT_128'),
('HERO_02', 'AT_128'),
('HERO_03', 'AT_128'),
('HERO_04', 'AT_128'),
('HERO_05', 'AT_128'),
('HERO_06', 'AT_128'),
('HERO_07', 'AT_128'),
('HERO_08', 'AT_128'),
('HERO_09', 'AT_128'),
('HERO_01', 'AT_129'),
('HERO_02', 'AT_129'),
('HERO_03', 'AT_129'),
('HERO_04', 'AT_129'),
('HERO_05', 'AT_129'),
('HERO_06', 'AT_129'),
('HERO_07', 'AT_129'),
('HERO_08', 'AT_129'),
('HERO_09', 'AT_129'),
('HERO_01', 'AT_130'),
('HERO_01', 'AT_131'),
('HERO_02', 'AT_131'),
('HERO_03', 'AT_131'),
('HERO_04', 'AT_131'),
('HERO_05', 'AT_131'),
('HERO_06', 'AT_131'),
('HERO_07', 'AT_131'),
('HERO_08', 'AT_131'),
('HERO_09', 'AT_131'),
('HERO_01', 'AT_132'),
('HERO_02', 'AT_132'),
('HERO_03', 'AT_132'),
('HERO_04', 'AT_132'),
('HERO_05', 'AT_132'),
('HERO_06', 'AT_132'),
('HERO_07', 'AT_132'),
('HERO_08', 'AT_132'),
('HERO_09', 'AT_132'),
('HERO_01', 'AT_133'),
('HERO_02', 'AT_133'),
('HERO_03', 'AT_133'),
('HERO_04', 'AT_133'),
('HERO_05', 'AT_133'),
('HERO_06', 'AT_133'),
('HERO_07', 'AT_133'),
('HERO_08', 'AT_133'),
('HERO_09', 'AT_133'),
('HERO_04', 'BRM_001'),
('HERO_08', 'BRM_002'),
('HERO_08', 'BRM_003'),
('HERO_09', 'BRM_004'),
('HERO_07', 'BRM_005'),
('HERO_07', 'BRM_006'),
('HERO_03', 'BRM_007'),
('HERO_03', 'BRM_008'),
('HERO_06', 'BRM_009'),
('HERO_06', 'BRM_010'),
('HERO_02', 'BRM_011'),
('HERO_02', 'BRM_012'),
('HERO_05', 'BRM_013'),
('HERO_05', 'BRM_014'),
('HERO_01', 'BRM_015'),
('HERO_01', 'BRM_016'),
('HERO_09', 'BRM_017'),
('HERO_04', 'BRM_018'),
('HERO_01', 'BRM_019'),
('HERO_02', 'BRM_019'),
('HERO_03', 'BRM_019'),
('HERO_04', 'BRM_019'),
('HERO_05', 'BRM_019'),
('HERO_06', 'BRM_019'),
('HERO_07', 'BRM_019'),
('HERO_08', 'BRM_019'),
('HERO_09', 'BRM_019'),
('HERO_01', 'BRM_020'),
('HERO_02', 'BRM_020'),
('HERO_03', 'BRM_020'),
('HERO_04', 'BRM_020'),
('HERO_05', 'BRM_020'),
('HERO_06', 'BRM_020'),
('HERO_07', 'BRM_020'),
('HERO_08', 'BRM_020'),
('HERO_09', 'BRM_020'),
('HERO_01', 'BRM_022'),
('HERO_02', 'BRM_022'),
('HERO_03', 'BRM_022'),
('HERO_04', 'BRM_022'),
('HERO_05', 'BRM_022'),
('HERO_06', 'BRM_022'),
('HERO_07', 'BRM_022'),
('HERO_08', 'BRM_022'),
('HERO_09', 'BRM_022'),
('HERO_01', 'BRM_024'),
('HERO_02', 'BRM_024'),
('HERO_03', 'BRM_024'),
('HERO_04', 'BRM_024'),
('HERO_05', 'BRM_024'),
('HERO_06', 'BRM_024'),
('HERO_07', 'BRM_024'),
('HERO_08', 'BRM_024'),
('HERO_09', 'BRM_024'),
('HERO_01', 'BRM_025'),
('HERO_02', 'BRM_025'),
('HERO_03', 'BRM_025'),
('HERO_04', 'BRM_025'),
('HERO_05', 'BRM_025'),
('HERO_06', 'BRM_025'),
('HERO_07', 'BRM_025'),
('HERO_08', 'BRM_025'),
('HERO_09', 'BRM_025'),
('HERO_01', 'BRM_026'),
('HERO_02', 'BRM_026'),
('HERO_03', 'BRM_026'),
('HERO_04', 'BRM_026'),
('HERO_05', 'BRM_026'),
('HERO_06', 'BRM_026'),
('HERO_07', 'BRM_026'),
('HERO_08', 'BRM_026'),
('HERO_09', 'BRM_026'),
('HERO_01', 'BRM_027'),
('HERO_02', 'BRM_027'),
('HERO_03', 'BRM_027'),
('HERO_04', 'BRM_027'),
('HERO_05', 'BRM_027'),
('HERO_06', 'BRM_027'),
('HERO_07', 'BRM_027'),
('HERO_08', 'BRM_027'),
('HERO_09', 'BRM_027'),
('HERO_01', 'BRM_028'),
('HERO_02', 'BRM_028'),
('HERO_03', 'BRM_028'),
('HERO_04', 'BRM_028'),
('HERO_05', 'BRM_028'),
('HERO_06', 'BRM_028'),
('HERO_07', 'BRM_028'),
('HERO_08', 'BRM_028'),
('HERO_09', 'BRM_028'),
('HERO_01', 'BRM_029'),
('HERO_02', 'BRM_029'),
('HERO_03', 'BRM_029'),
('HERO_04', 'BRM_029'),
('HERO_05', 'BRM_029'),
('HERO_06', 'BRM_029'),
('HERO_07', 'BRM_029'),
('HERO_08', 'BRM_029'),
('HERO_09', 'BRM_029'),
('HERO_01', 'BRM_030'),
('HERO_02', 'BRM_030'),
('HERO_03', 'BRM_030'),
('HERO_04', 'BRM_030'),
('HERO_05', 'BRM_030'),
('HERO_06', 'BRM_030'),
('HERO_07', 'BRM_030'),
('HERO_08', 'BRM_030'),
('HERO_09', 'BRM_030'),
('HERO_01', 'BRM_031'),
('HERO_02', 'BRM_031'),
('HERO_03', 'BRM_031'),
('HERO_04', 'BRM_031'),
('HERO_05', 'BRM_031'),
('HERO_06', 'BRM_031'),
('HERO_07', 'BRM_031'),
('HERO_08', 'BRM_031'),
('HERO_09', 'BRM_031'),
('HERO_01', 'BRM_033'),
('HERO_02', 'BRM_033'),
('HERO_03', 'BRM_033'),
('HERO_04', 'BRM_033'),
('HERO_05', 'BRM_033'),
('HERO_06', 'BRM_033'),
('HERO_07', 'BRM_033'),
('HERO_08', 'BRM_033'),
('HERO_09', 'BRM_033'),
('HERO_01', 'BRM_034'),
('HERO_02', 'BRM_034'),
('HERO_03', 'BRM_034'),
('HERO_04', 'BRM_034'),
('HERO_05', 'BRM_034'),
('HERO_06', 'BRM_034'),
('HERO_07', 'BRM_034'),
('HERO_08', 'BRM_034'),
('HERO_09', 'BRM_034'),
('HERO_09', 'CFM_020'),
('HERO_08', 'CFM_021'),
('HERO_01', 'CFM_025'),
('HERO_02', 'CFM_025'),
('HERO_03', 'CFM_025'),
('HERO_04', 'CFM_025'),
('HERO_05', 'CFM_025'),
('HERO_06', 'CFM_025'),
('HERO_07', 'CFM_025'),
('HERO_08', 'CFM_025'),
('HERO_09', 'CFM_025'),
('HERO_05', 'CFM_026'),
('HERO_01', 'CFM_039'),
('HERO_02', 'CFM_039'),
('HERO_03', 'CFM_039'),
('HERO_04', 'CFM_039'),
('HERO_05', 'CFM_039'),
('HERO_06', 'CFM_039'),
('HERO_07', 'CFM_039'),
('HERO_08', 'CFM_039'),
('HERO_09', 'CFM_039'),
('HERO_01', 'CFM_060'),
('HERO_02', 'CFM_060'),
('HERO_03', 'CFM_060'),
('HERO_04', 'CFM_060'),
('HERO_05', 'CFM_060'),
('HERO_06', 'CFM_060'),
('HERO_07', 'CFM_060'),
('HERO_08', 'CFM_060'),
('HERO_09', 'CFM_060'),
('HERO_02', 'CFM_061'),
('HERO_04', 'CFM_062'),
('HERO_01', 'CFM_063'),
('HERO_02', 'CFM_063'),
('HERO_03', 'CFM_063'),
('HERO_04', 'CFM_063'),
('HERO_05', 'CFM_063'),
('HERO_06', 'CFM_063'),
('HERO_07', 'CFM_063'),
('HERO_08', 'CFM_063'),
('HERO_09', 'CFM_063'),
('HERO_01', 'CFM_064'),
('HERO_02', 'CFM_064'),
('HERO_03', 'CFM_064'),
('HERO_04', 'CFM_064'),
('HERO_05', 'CFM_064'),
('HERO_06', 'CFM_064'),
('HERO_07', 'CFM_064'),
('HERO_08', 'CFM_064'),
('HERO_09', 'CFM_064'),
('HERO_08', 'CFM_065'),
('HERO_08', 'CFM_066'),
('HERO_01', 'CFM_067'),
('HERO_02', 'CFM_067'),
('HERO_03', 'CFM_067'),
('HERO_04', 'CFM_067'),
('HERO_05', 'CFM_067'),
('HERO_06', 'CFM_067'),
('HERO_07', 'CFM_067'),
('HERO_08', 'CFM_067'),
('HERO_09', 'CFM_067'),
('HERO_07', 'CFM_094'),
('HERO_01', 'CFM_095'),
('HERO_02', 'CFM_095'),
('HERO_03', 'CFM_095'),
('HERO_04', 'CFM_095'),
('HERO_05', 'CFM_095'),
('HERO_06', 'CFM_095'),
('HERO_07', 'CFM_095'),
('HERO_08', 'CFM_095'),
('HERO_09', 'CFM_095'),
('HERO_01', 'CFM_120'),
('HERO_02', 'CFM_120'),
('HERO_03', 'CFM_120'),
('HERO_04', 'CFM_120'),
('HERO_05', 'CFM_120'),
('HERO_06', 'CFM_120'),
('HERO_07', 'CFM_120'),
('HERO_08', 'CFM_120'),
('HERO_09', 'CFM_120'),
('HERO_01', 'CFM_300'),
('HERO_04', 'CFM_305'),
('HERO_06', 'CFM_308'),
('HERO_02', 'CFM_310'),
('HERO_02', 'CFM_312'),
('HERO_02', 'CFM_313'),
('HERO_05', 'CFM_315'),
('HERO_05', 'CFM_316'),
('HERO_01', 'CFM_321'),
('HERO_02', 'CFM_321'),
('HERO_03', 'CFM_321'),
('HERO_04', 'CFM_321'),
('HERO_05', 'CFM_321'),
('HERO_06', 'CFM_321'),
('HERO_07', 'CFM_321'),
('HERO_08', 'CFM_321'),
('HERO_09', 'CFM_321'),
('HERO_02', 'CFM_324'),
('HERO_01', 'CFM_325'),
('HERO_02', 'CFM_325'),
('HERO_03', 'CFM_325'),
('HERO_04', 'CFM_325'),
('HERO_05', 'CFM_325'),
('HERO_06', 'CFM_325'),
('HERO_07', 'CFM_325'),
('HERO_08', 'CFM_325'),
('HERO_09', 'CFM_325'),
('HERO_01', 'CFM_328'),
('HERO_02', 'CFM_328'),
('HERO_03', 'CFM_328'),
('HERO_04', 'CFM_328'),
('HERO_05', 'CFM_328'),
('HERO_06', 'CFM_328'),
('HERO_07', 'CFM_328'),
('HERO_08', 'CFM_328'),
('HERO_09', 'CFM_328'),
('HERO_05', 'CFM_333'),
('HERO_05', 'CFM_334'),
('HERO_05', 'CFM_335'),
('HERO_05', 'CFM_336'),
('HERO_05', 'CFM_337'),
('HERO_05', 'CFM_338'),
('HERO_01', 'CFM_341'),
('HERO_02', 'CFM_341'),
('HERO_03', 'CFM_341'),
('HERO_04', 'CFM_341'),
('HERO_05', 'CFM_341'),
('HERO_06', 'CFM_341'),
('HERO_07', 'CFM_341'),
('HERO_08', 'CFM_341'),
('HERO_09', 'CFM_341'),
('HERO_03', 'CFM_342'),
('HERO_06', 'CFM_343'),
('HERO_01', 'CFM_344'),
('HERO_02', 'CFM_344'),
('HERO_03', 'CFM_344'),
('HERO_04', 'CFM_344'),
('HERO_05', 'CFM_344'),
('HERO_06', 'CFM_344'),
('HERO_07', 'CFM_344'),
('HERO_08', 'CFM_344'),
('HERO_09', 'CFM_344'),
('HERO_06', 'CFM_602'),
('HERO_09', 'CFM_603'),
('HERO_09', 'CFM_604'),
('HERO_09', 'CFM_605'),
('HERO_09', 'CFM_606'),
('HERO_07', 'CFM_608'),
('HERO_01', 'CFM_609'),
('HERO_02', 'CFM_609'),
('HERO_03', 'CFM_609'),
('HERO_04', 'CFM_609'),
('HERO_05', 'CFM_609'),
('HERO_06', 'CFM_609'),
('HERO_07', 'CFM_609'),
('HERO_08', 'CFM_609'),
('HERO_09', 'CFM_609'),
('HERO_07', 'CFM_610'),
('HERO_07', 'CFM_611'),
('HERO_06', 'CFM_614'),
('HERO_06', 'CFM_616'),
('HERO_06', 'CFM_617'),
('HERO_01', 'CFM_619'),
('HERO_02', 'CFM_619'),
('HERO_03', 'CFM_619'),
('HERO_04', 'CFM_619'),
('HERO_05', 'CFM_619'),
('HERO_06', 'CFM_619'),
('HERO_07', 'CFM_619'),
('HERO_08', 'CFM_619'),
('HERO_09', 'CFM_619'),
('HERO_08', 'CFM_620'),
('HERO_01', 'CFM_621'),
('HERO_02', 'CFM_621'),
('HERO_03', 'CFM_621'),
('HERO_04', 'CFM_621'),
('HERO_05', 'CFM_621'),
('HERO_06', 'CFM_621'),
('HERO_07', 'CFM_621'),
('HERO_08', 'CFM_621'),
('HERO_09', 'CFM_621'),
('HERO_08', 'CFM_623'),
('HERO_09', 'CFM_626'),
('HERO_03', 'CFM_630'),
('HERO_01', 'CFM_631'),
('HERO_03', 'CFM_634'),
('HERO_03', 'CFM_636'),
('HERO_01', 'CFM_637'),
('HERO_02', 'CFM_637'),
('HERO_03', 'CFM_637'),
('HERO_04', 'CFM_637'),
('HERO_05', 'CFM_637'),
('HERO_06', 'CFM_637'),
('HERO_07', 'CFM_637'),
('HERO_08', 'CFM_637'),
('HERO_09', 'CFM_637'),
('HERO_04', 'CFM_639'),
('HERO_01', 'CFM_643'),
('HERO_01', 'CFM_646'),
('HERO_02', 'CFM_646'),
('HERO_03', 'CFM_646'),
('HERO_04', 'CFM_646'),
('HERO_05', 'CFM_646'),
('HERO_06', 'CFM_646'),
('HERO_07', 'CFM_646'),
('HERO_08', 'CFM_646'),
('HERO_09', 'CFM_646'),
('HERO_01', 'CFM_647'),
('HERO_02', 'CFM_647'),
('HERO_03', 'CFM_647'),
('HERO_04', 'CFM_647'),
('HERO_05', 'CFM_647'),
('HERO_06', 'CFM_647'),
('HERO_07', 'CFM_647'),
('HERO_08', 'CFM_647'),
('HERO_09', 'CFM_647'),
('HERO_01', 'CFM_648'),
('HERO_02', 'CFM_648'),
('HERO_03', 'CFM_648'),
('HERO_04', 'CFM_648'),
('HERO_05', 'CFM_648'),
('HERO_06', 'CFM_648'),
('HERO_07', 'CFM_648'),
('HERO_08', 'CFM_648'),
('HERO_09', 'CFM_648'),
('HERO_01', 'CFM_649'),
('HERO_02', 'CFM_649'),
('HERO_03', 'CFM_649'),
('HERO_04', 'CFM_649'),
('HERO_05', 'CFM_649'),
('HERO_06', 'CFM_649'),
('HERO_07', 'CFM_649'),
('HERO_08', 'CFM_649'),
('HERO_09', 'CFM_649'),
('HERO_04', 'CFM_650'),
('HERO_01', 'CFM_651'),
('HERO_02', 'CFM_651'),
('HERO_03', 'CFM_651'),
('HERO_04', 'CFM_651'),
('HERO_05', 'CFM_651'),
('HERO_06', 'CFM_651'),
('HERO_07', 'CFM_651'),
('HERO_08', 'CFM_651'),
('HERO_09', 'CFM_651'),
('HERO_01', 'CFM_652'),
('HERO_02', 'CFM_652'),
('HERO_03', 'CFM_652'),
('HERO_04', 'CFM_652'),
('HERO_05', 'CFM_652'),
('HERO_06', 'CFM_652'),
('HERO_07', 'CFM_652'),
('HERO_08', 'CFM_652'),
('HERO_09', 'CFM_652'),
('HERO_01', 'CFM_653'),
('HERO_02', 'CFM_653'),
('HERO_03', 'CFM_653'),
('HERO_04', 'CFM_653'),
('HERO_05', 'CFM_653'),
('HERO_06', 'CFM_653'),
('HERO_07', 'CFM_653'),
('HERO_08', 'CFM_653'),
('HERO_09', 'CFM_653'),
('HERO_01', 'CFM_654'),
('HERO_02', 'CFM_654'),
('HERO_03', 'CFM_654'),
('HERO_04', 'CFM_654'),
('HERO_05', 'CFM_654'),
('HERO_06', 'CFM_654'),
('HERO_07', 'CFM_654'),
('HERO_08', 'CFM_654'),
('HERO_09', 'CFM_654'),
('HERO_01', 'CFM_655'),
('HERO_02', 'CFM_655'),
('HERO_03', 'CFM_655'),
('HERO_04', 'CFM_655'),
('HERO_05', 'CFM_655'),
('HERO_06', 'CFM_655'),
('HERO_07', 'CFM_655'),
('HERO_08', 'CFM_655'),
('HERO_09', 'CFM_655'),
('HERO_01', 'CFM_656'),
('HERO_02', 'CFM_656'),
('HERO_03', 'CFM_656'),
('HERO_04', 'CFM_656'),
('HERO_05', 'CFM_656'),
('HERO_06', 'CFM_656'),
('HERO_07', 'CFM_656'),
('HERO_08', 'CFM_656'),
('HERO_09', 'CFM_656'),
('HERO_09', 'CFM_657'),
('HERO_01', 'CFM_658'),
('HERO_02', 'CFM_658'),
('HERO_03', 'CFM_658'),
('HERO_04', 'CFM_658'),
('HERO_05', 'CFM_658'),
('HERO_06', 'CFM_658'),
('HERO_07', 'CFM_658'),
('HERO_08', 'CFM_658'),
('HERO_09', 'CFM_658'),
('HERO_01', 'CFM_659'),
('HERO_02', 'CFM_659'),
('HERO_03', 'CFM_659'),
('HERO_04', 'CFM_659'),
('HERO_05', 'CFM_659'),
('HERO_06', 'CFM_659'),
('HERO_07', 'CFM_659'),
('HERO_08', 'CFM_659'),
('HERO_09', 'CFM_659'),
('HERO_08', 'CFM_660'),
('HERO_09', 'CFM_661'),
('HERO_09', 'CFM_662'),
('HERO_07', 'CFM_663'),
('HERO_01', 'CFM_665'),
('HERO_02', 'CFM_665'),
('HERO_03', 'CFM_665'),
('HERO_04', 'CFM_665'),
('HERO_05', 'CFM_665'),
('HERO_06', 'CFM_665'),
('HERO_07', 'CFM_665'),
('HERO_08', 'CFM_665'),
('HERO_09', 'CFM_665'),
('HERO_01', 'CFM_666'),
('HERO_02', 'CFM_666'),
('HERO_03', 'CFM_666'),
('HERO_04', 'CFM_666'),
('HERO_05', 'CFM_666'),
('HERO_06', 'CFM_666'),
('HERO_07', 'CFM_666'),
('HERO_08', 'CFM_666'),
('HERO_09', 'CFM_666'),
('HERO_01', 'CFM_667'),
('HERO_02', 'CFM_667'),
('HERO_03', 'CFM_667'),
('HERO_04', 'CFM_667'),
('HERO_05', 'CFM_667'),
('HERO_06', 'CFM_667'),
('HERO_07', 'CFM_667'),
('HERO_08', 'CFM_667'),
('HERO_09', 'CFM_667'),
('HERO_01', 'CFM_668'),
('HERO_02', 'CFM_668'),
('HERO_03', 'CFM_668'),
('HERO_04', 'CFM_668'),
('HERO_05', 'CFM_668'),
('HERO_06', 'CFM_668'),
('HERO_07', 'CFM_668'),
('HERO_08', 'CFM_668'),
('HERO_09', 'CFM_668'),
('HERO_01', 'CFM_669'),
('HERO_02', 'CFM_669'),
('HERO_03', 'CFM_669'),
('HERO_04', 'CFM_669'),
('HERO_05', 'CFM_669'),
('HERO_06', 'CFM_669'),
('HERO_07', 'CFM_669'),
('HERO_08', 'CFM_669'),
('HERO_09', 'CFM_669'),
('HERO_01', 'CFM_670'),
('HERO_02', 'CFM_670'),
('HERO_03', 'CFM_670'),
('HERO_04', 'CFM_670'),
('HERO_05', 'CFM_670'),
('HERO_06', 'CFM_670'),
('HERO_07', 'CFM_670'),
('HERO_08', 'CFM_670'),
('HERO_09', 'CFM_670'),
('HERO_08', 'CFM_671'),
('HERO_01', 'CFM_672'),
('HERO_02', 'CFM_672'),
('HERO_03', 'CFM_672'),
('HERO_04', 'CFM_672'),
('HERO_05', 'CFM_672'),
('HERO_06', 'CFM_672'),
('HERO_07', 'CFM_672'),
('HERO_08', 'CFM_672'),
('HERO_09', 'CFM_672'),
('HERO_01', 'CFM_685'),
('HERO_02', 'CFM_685'),
('HERO_03', 'CFM_685'),
('HERO_04', 'CFM_685'),
('HERO_05', 'CFM_685'),
('HERO_06', 'CFM_685'),
('HERO_07', 'CFM_685'),
('HERO_08', 'CFM_685'),
('HERO_09', 'CFM_685'),
('HERO_08', 'CFM_687'),
('HERO_01', 'CFM_688'),
('HERO_02', 'CFM_688'),
('HERO_03', 'CFM_688'),
('HERO_04', 'CFM_688'),
('HERO_05', 'CFM_688'),
('HERO_06', 'CFM_688'),
('HERO_07', 'CFM_688'),
('HERO_08', 'CFM_688'),
('HERO_09', 'CFM_688'),
('HERO_03', 'CFM_690'),
('HERO_03', 'CFM_691'),
('HERO_03', 'CFM_693'),
('HERO_03', 'CFM_694'),
('HERO_02', 'CFM_696'),
('HERO_02', 'CFM_697'),
('HERO_07', 'CFM_699'),
('HERO_02', 'CFM_707'),
('HERO_06', 'CFM_713'),
('HERO_01', 'CFM_715'),
('HERO_02', 'CFM_715'),
('HERO_03', 'CFM_715'),
('HERO_04', 'CFM_715'),
('HERO_05', 'CFM_715'),
('HERO_06', 'CFM_715'),
('HERO_07', 'CFM_715'),
('HERO_08', 'CFM_715'),
('HERO_09', 'CFM_715'),
('HERO_01', 'CFM_716'),
('HERO_02', 'CFM_717'),
('HERO_07', 'CFM_750'),
('HERO_07', 'CFM_751'),
('HERO_01', 'CFM_752'),
('HERO_04', 'CFM_753'),
('HERO_01', 'CFM_754'),
('HERO_01', 'CFM_755'),
('HERO_01', 'CFM_756'),
('HERO_04', 'CFM_759'),
('HERO_08', 'CFM_760'),
('HERO_03', 'CFM_781'),
('HERO_01', 'CFM_790'),
('HERO_02', 'CFM_790'),
('HERO_03', 'CFM_790'),
('HERO_04', 'CFM_790'),
('HERO_05', 'CFM_790'),
('HERO_06', 'CFM_790'),
('HERO_07', 'CFM_790'),
('HERO_08', 'CFM_790'),
('HERO_09', 'CFM_790'),
('HERO_04', 'CFM_800'),
('HERO_01', 'CFM_806'),
('HERO_02', 'CFM_806'),
('HERO_03', 'CFM_806'),
('HERO_04', 'CFM_806'),
('HERO_05', 'CFM_806'),
('HERO_06', 'CFM_806'),
('HERO_07', 'CFM_806'),
('HERO_08', 'CFM_806'),
('HERO_09', 'CFM_806'),
('HERO_01', 'CFM_807'),
('HERO_02', 'CFM_807'),
('HERO_03', 'CFM_807'),
('HERO_04', 'CFM_807'),
('HERO_05', 'CFM_807'),
('HERO_06', 'CFM_807'),
('HERO_07', 'CFM_807'),
('HERO_08', 'CFM_807'),
('HERO_09', 'CFM_807'),
('HERO_01', 'CFM_808'),
('HERO_02', 'CFM_808'),
('HERO_03', 'CFM_808'),
('HERO_04', 'CFM_808'),
('HERO_05', 'CFM_808'),
('HERO_06', 'CFM_808'),
('HERO_07', 'CFM_808'),
('HERO_08', 'CFM_808'),
('HERO_09', 'CFM_808'),
('HERO_01', 'CFM_809'),
('HERO_02', 'CFM_809'),
('HERO_03', 'CFM_809'),
('HERO_04', 'CFM_809'),
('HERO_05', 'CFM_809'),
('HERO_06', 'CFM_809'),
('HERO_07', 'CFM_809'),
('HERO_08', 'CFM_809'),
('HERO_09', 'CFM_809'),
('HERO_01', 'CFM_810'),
('HERO_02', 'CFM_810'),
('HERO_03', 'CFM_810'),
('HERO_04', 'CFM_810'),
('HERO_05', 'CFM_810'),
('HERO_06', 'CFM_810'),
('HERO_07', 'CFM_810'),
('HERO_08', 'CFM_810'),
('HERO_09', 'CFM_810'),
('HERO_06', 'CFM_811'),
('HERO_04', 'CFM_815'),
('HERO_06', 'CFM_816'),
('HERO_01', 'CFM_851'),
('HERO_02', 'CFM_851'),
('HERO_03', 'CFM_851'),
('HERO_04', 'CFM_851'),
('HERO_05', 'CFM_851'),
('HERO_06', 'CFM_851'),
('HERO_07', 'CFM_851'),
('HERO_08', 'CFM_851'),
('HERO_09', 'CFM_851'),
('HERO_01', 'CFM_852'),
('HERO_02', 'CFM_852'),
('HERO_03', 'CFM_852'),
('HERO_04', 'CFM_852'),
('HERO_05', 'CFM_852'),
('HERO_06', 'CFM_852'),
('HERO_07', 'CFM_852'),
('HERO_08', 'CFM_852'),
('HERO_09', 'CFM_852'),
('HERO_01', 'CFM_853'),
('HERO_02', 'CFM_853'),
('HERO_03', 'CFM_853'),
('HERO_04', 'CFM_853'),
('HERO_05', 'CFM_853'),
('HERO_06', 'CFM_853'),
('HERO_07', 'CFM_853'),
('HERO_08', 'CFM_853'),
('HERO_09', 'CFM_853'),
('HERO_01', 'CFM_854'),
('HERO_02', 'CFM_854'),
('HERO_03', 'CFM_854'),
('HERO_04', 'CFM_854'),
('HERO_05', 'CFM_854'),
('HERO_06', 'CFM_854'),
('HERO_07', 'CFM_854'),
('HERO_08', 'CFM_854'),
('HERO_09', 'CFM_854'),
('HERO_01', 'CFM_855'),
('HERO_02', 'CFM_855'),
('HERO_03', 'CFM_855'),
('HERO_04', 'CFM_855'),
('HERO_05', 'CFM_855'),
('HERO_06', 'CFM_855'),
('HERO_07', 'CFM_855'),
('HERO_08', 'CFM_855'),
('HERO_09', 'CFM_855'),
('HERO_07', 'CFM_900'),
('HERO_01', 'CFM_902'),
('HERO_02', 'CFM_902'),
('HERO_03', 'CFM_902'),
('HERO_04', 'CFM_902'),
('HERO_05', 'CFM_902'),
('HERO_06', 'CFM_902'),
('HERO_07', 'CFM_902'),
('HERO_08', 'CFM_902'),
('HERO_09', 'CFM_902'),
('HERO_04', 'CFM_905'),
('HERO_01', 'CFM_940'),
('HERO_01', 'CS1_042'),
('HERO_02', 'CS1_042'),
('HERO_03', 'CS1_042'),
('HERO_04', 'CS1_042'),
('HERO_05', 'CS1_042'),
('HERO_06', 'CS1_042'),
('HERO_07', 'CS1_042'),
('HERO_08', 'CS1_042'),
('HERO_09', 'CS1_042'),
('HERO_01', 'CS1_069'),
('HERO_02', 'CS1_069'),
('HERO_03', 'CS1_069'),
('HERO_04', 'CS1_069'),
('HERO_05', 'CS1_069'),
('HERO_06', 'CS1_069'),
('HERO_07', 'CS1_069'),
('HERO_08', 'CS1_069'),
('HERO_09', 'CS1_069'),
('HERO_09', 'CS1_112'),
('HERO_09', 'CS1_113'),
('HERO_09', 'CS1_129'),
('HERO_09', 'CS1_130'),
('HERO_09', 'CS2_003'),
('HERO_09', 'CS2_004'),
('HERO_06', 'CS2_005'),
('HERO_06', 'CS2_007'),
('HERO_06', 'CS2_008'),
('HERO_06', 'CS2_009'),
('HERO_06', 'CS2_011'),
('HERO_06', 'CS2_012'),
('HERO_06', 'CS2_013'),
('HERO_08', 'CS2_022'),
('HERO_08', 'CS2_023'),
('HERO_08', 'CS2_024'),
('HERO_08', 'CS2_025'),
('HERO_08', 'CS2_026'),
('HERO_08', 'CS2_027'),
('HERO_08', 'CS2_028'),
('HERO_08', 'CS2_029'),
('HERO_08', 'CS2_031'),
('HERO_08', 'CS2_032'),
('HERO_08', 'CS2_033'),
('HERO_02', 'CS2_037'),
('HERO_02', 'CS2_038'),
('HERO_02', 'CS2_039'),
('HERO_02', 'CS2_041'),
('HERO_02', 'CS2_042'),
('HERO_02', 'CS2_045'),
('HERO_02', 'CS2_046'),
('HERO_02', 'CS2_053'),
('HERO_07', 'CS2_057'),
('HERO_07', 'CS2_059'),
('HERO_07', 'CS2_061'),
('HERO_07', 'CS2_062'),
('HERO_07', 'CS2_063'),
('HERO_07', 'CS2_064'),
('HERO_07', 'CS2_065'),
('HERO_03', 'CS2_072'),
('HERO_03', 'CS2_073'),
('HERO_03', 'CS2_074'),
('HERO_03', 'CS2_075'),
('HERO_03', 'CS2_076'),
('HERO_03', 'CS2_077'),
('HERO_03', 'CS2_080'),
('HERO_05', 'CS2_084'),
('HERO_04', 'CS2_087'),
('HERO_04', 'CS2_088'),
('HERO_04', 'CS2_089'),
('HERO_04', 'CS2_091'),
('HERO_04', 'CS2_092'),
('HERO_04', 'CS2_093'),
('HERO_04', 'CS2_094'),
('HERO_04', 'CS2_097'),
('HERO_01', 'CS2_103'),
('HERO_01', 'CS2_104'),
('HERO_01', 'CS2_105'),
('HERO_01', 'CS2_106'),
('HERO_01', 'CS2_108'),
('HERO_01', 'CS2_112'),
('HERO_01', 'CS2_114'),
('HERO_01', 'CS2_117'),
('HERO_02', 'CS2_117'),
('HERO_03', 'CS2_117'),
('HERO_04', 'CS2_117'),
('HERO_05', 'CS2_117'),
('HERO_06', 'CS2_117'),
('HERO_07', 'CS2_117'),
('HERO_08', 'CS2_117'),
('HERO_09', 'CS2_117'),
('HERO_01', 'CS2_118'),
('HERO_02', 'CS2_118'),
('HERO_03', 'CS2_118'),
('HERO_04', 'CS2_118'),
('HERO_05', 'CS2_118'),
('HERO_06', 'CS2_118'),
('HERO_07', 'CS2_118'),
('HERO_08', 'CS2_118'),
('HERO_09', 'CS2_118'),
('HERO_01', 'CS2_119'),
('HERO_02', 'CS2_119'),
('HERO_03', 'CS2_119'),
('HERO_04', 'CS2_119'),
('HERO_05', 'CS2_119'),
('HERO_06', 'CS2_119'),
('HERO_07', 'CS2_119'),
('HERO_08', 'CS2_119'),
('HERO_09', 'CS2_119'),
('HERO_01', 'CS2_120'),
('HERO_02', 'CS2_120'),
('HERO_03', 'CS2_120'),
('HERO_04', 'CS2_120'),
('HERO_05', 'CS2_120'),
('HERO_06', 'CS2_120'),
('HERO_07', 'CS2_120'),
('HERO_08', 'CS2_120'),
('HERO_09', 'CS2_120'),
('HERO_01', 'CS2_121'),
('HERO_02', 'CS2_121'),
('HERO_03', 'CS2_121'),
('HERO_04', 'CS2_121'),
('HERO_05', 'CS2_121'),
('HERO_06', 'CS2_121'),
('HERO_07', 'CS2_121'),
('HERO_08', 'CS2_121'),
('HERO_09', 'CS2_121'),
('HERO_01', 'CS2_122'),
('HERO_02', 'CS2_122'),
('HERO_03', 'CS2_122'),
('HERO_04', 'CS2_122'),
('HERO_05', 'CS2_122'),
('HERO_06', 'CS2_122'),
('HERO_07', 'CS2_122'),
('HERO_08', 'CS2_122'),
('HERO_09', 'CS2_122'),
('HERO_01', 'CS2_124'),
('HERO_02', 'CS2_124'),
('HERO_03', 'CS2_124'),
('HERO_04', 'CS2_124'),
('HERO_05', 'CS2_124'),
('HERO_06', 'CS2_124'),
('HERO_07', 'CS2_124'),
('HERO_08', 'CS2_124'),
('HERO_09', 'CS2_124'),
('HERO_01', 'CS2_125'),
('HERO_02', 'CS2_125'),
('HERO_03', 'CS2_125'),
('HERO_04', 'CS2_125'),
('HERO_05', 'CS2_125'),
('HERO_06', 'CS2_125'),
('HERO_07', 'CS2_125'),
('HERO_08', 'CS2_125'),
('HERO_09', 'CS2_125'),
('HERO_01', 'CS2_127'),
('HERO_02', 'CS2_127'),
('HERO_03', 'CS2_127'),
('HERO_04', 'CS2_127'),
('HERO_05', 'CS2_127'),
('HERO_06', 'CS2_127'),
('HERO_07', 'CS2_127'),
('HERO_08', 'CS2_127'),
('HERO_09', 'CS2_127'),
('HERO_01', 'CS2_131'),
('HERO_02', 'CS2_131'),
('HERO_03', 'CS2_131'),
('HERO_04', 'CS2_131'),
('HERO_05', 'CS2_131'),
('HERO_06', 'CS2_131'),
('HERO_07', 'CS2_131'),
('HERO_08', 'CS2_131'),
('HERO_09', 'CS2_131'),
('HERO_01', 'CS2_141'),
('HERO_02', 'CS2_141'),
('HERO_03', 'CS2_141'),
('HERO_04', 'CS2_141'),
('HERO_05', 'CS2_141'),
('HERO_06', 'CS2_141'),
('HERO_07', 'CS2_141'),
('HERO_08', 'CS2_141'),
('HERO_09', 'CS2_141'),
('HERO_01', 'CS2_142'),
('HERO_02', 'CS2_142'),
('HERO_03', 'CS2_142'),
('HERO_04', 'CS2_142'),
('HERO_05', 'CS2_142'),
('HERO_06', 'CS2_142'),
('HERO_07', 'CS2_142'),
('HERO_08', 'CS2_142'),
('HERO_09', 'CS2_142'),
('HERO_01', 'CS2_146'),
('HERO_02', 'CS2_146'),
('HERO_03', 'CS2_146'),
('HERO_04', 'CS2_146'),
('HERO_05', 'CS2_146'),
('HERO_06', 'CS2_146'),
('HERO_07', 'CS2_146'),
('HERO_08', 'CS2_146'),
('HERO_09', 'CS2_146'),
('HERO_01', 'CS2_147'),
('HERO_02', 'CS2_147'),
('HERO_03', 'CS2_147'),
('HERO_04', 'CS2_147'),
('HERO_05', 'CS2_147'),
('HERO_06', 'CS2_147'),
('HERO_07', 'CS2_147'),
('HERO_08', 'CS2_147'),
('HERO_09', 'CS2_147'),
('HERO_01', 'CS2_150'),
('HERO_02', 'CS2_150'),
('HERO_03', 'CS2_150'),
('HERO_04', 'CS2_150'),
('HERO_05', 'CS2_150'),
('HERO_06', 'CS2_150'),
('HERO_07', 'CS2_150'),
('HERO_08', 'CS2_150'),
('HERO_09', 'CS2_150'),
('HERO_01', 'CS2_151'),
('HERO_02', 'CS2_151'),
('HERO_03', 'CS2_151'),
('HERO_04', 'CS2_151'),
('HERO_05', 'CS2_151'),
('HERO_06', 'CS2_151'),
('HERO_07', 'CS2_151'),
('HERO_08', 'CS2_151'),
('HERO_09', 'CS2_151'),
('HERO_01', 'CS2_155'),
('HERO_02', 'CS2_155'),
('HERO_03', 'CS2_155'),
('HERO_04', 'CS2_155'),
('HERO_05', 'CS2_155'),
('HERO_06', 'CS2_155'),
('HERO_07', 'CS2_155'),
('HERO_08', 'CS2_155'),
('HERO_09', 'CS2_155'),
('HERO_01', 'CS2_161'),
('HERO_02', 'CS2_161'),
('HERO_03', 'CS2_161'),
('HERO_04', 'CS2_161'),
('HERO_05', 'CS2_161'),
('HERO_06', 'CS2_161'),
('HERO_07', 'CS2_161'),
('HERO_08', 'CS2_161'),
('HERO_09', 'CS2_161'),
('HERO_01', 'CS2_162'),
('HERO_02', 'CS2_162'),
('HERO_03', 'CS2_162'),
('HERO_04', 'CS2_162'),
('HERO_05', 'CS2_162'),
('HERO_06', 'CS2_162'),
('HERO_07', 'CS2_162'),
('HERO_08', 'CS2_162'),
('HERO_09', 'CS2_162'),
('HERO_01', 'CS2_168'),
('HERO_02', 'CS2_168'),
('HERO_03', 'CS2_168'),
('HERO_04', 'CS2_168'),
('HERO_05', 'CS2_168'),
('HERO_06', 'CS2_168'),
('HERO_07', 'CS2_168'),
('HERO_08', 'CS2_168'),
('HERO_09', 'CS2_168'),
('HERO_01', 'CS2_169'),
('HERO_02', 'CS2_169'),
('HERO_03', 'CS2_169'),
('HERO_04', 'CS2_169'),
('HERO_05', 'CS2_169'),
('HERO_06', 'CS2_169'),
('HERO_07', 'CS2_169'),
('HERO_08', 'CS2_169'),
('HERO_09', 'CS2_169'),
('HERO_01', 'CS2_171'),
('HERO_02', 'CS2_171'),
('HERO_03', 'CS2_171'),
('HERO_04', 'CS2_171'),
('HERO_05', 'CS2_171'),
('HERO_06', 'CS2_171'),
('HERO_07', 'CS2_171'),
('HERO_08', 'CS2_171'),
('HERO_09', 'CS2_171'),
('HERO_01', 'CS2_172'),
('HERO_02', 'CS2_172'),
('HERO_03', 'CS2_172'),
('HERO_04', 'CS2_172'),
('HERO_05', 'CS2_172'),
('HERO_06', 'CS2_172'),
('HERO_07', 'CS2_172'),
('HERO_08', 'CS2_172'),
('HERO_09', 'CS2_172'),
('HERO_01', 'CS2_173'),
('HERO_02', 'CS2_173'),
('HERO_03', 'CS2_173'),
('HERO_04', 'CS2_173'),
('HERO_05', 'CS2_173'),
('HERO_06', 'CS2_173'),
('HERO_07', 'CS2_173'),
('HERO_08', 'CS2_173'),
('HERO_09', 'CS2_173'),
('HERO_01', 'CS2_179'),
('HERO_02', 'CS2_179'),
('HERO_03', 'CS2_179'),
('HERO_04', 'CS2_179'),
('HERO_05', 'CS2_179'),
('HERO_06', 'CS2_179'),
('HERO_07', 'CS2_179'),
('HERO_08', 'CS2_179'),
('HERO_09', 'CS2_179'),
('HERO_01', 'CS2_181'),
('HERO_02', 'CS2_181'),
('HERO_03', 'CS2_181'),
('HERO_04', 'CS2_181'),
('HERO_05', 'CS2_181'),
('HERO_06', 'CS2_181'),
('HERO_07', 'CS2_181'),
('HERO_08', 'CS2_181'),
('HERO_09', 'CS2_181'),
('HERO_01', 'CS2_182'),
('HERO_02', 'CS2_182'),
('HERO_03', 'CS2_182'),
('HERO_04', 'CS2_182'),
('HERO_05', 'CS2_182'),
('HERO_06', 'CS2_182'),
('HERO_07', 'CS2_182'),
('HERO_08', 'CS2_182'),
('HERO_09', 'CS2_182'),
('HERO_01', 'CS2_186'),
('HERO_02', 'CS2_186'),
('HERO_03', 'CS2_186'),
('HERO_04', 'CS2_186'),
('HERO_05', 'CS2_186'),
('HERO_06', 'CS2_186'),
('HERO_07', 'CS2_186'),
('HERO_08', 'CS2_186'),
('HERO_09', 'CS2_186'),
('HERO_01', 'CS2_187'),
('HERO_02', 'CS2_187'),
('HERO_03', 'CS2_187'),
('HERO_04', 'CS2_187'),
('HERO_05', 'CS2_187'),
('HERO_06', 'CS2_187'),
('HERO_07', 'CS2_187'),
('HERO_08', 'CS2_187'),
('HERO_09', 'CS2_187'),
('HERO_01', 'CS2_188'),
('HERO_02', 'CS2_188'),
('HERO_03', 'CS2_188'),
('HERO_04', 'CS2_188'),
('HERO_05', 'CS2_188'),
('HERO_06', 'CS2_188'),
('HERO_07', 'CS2_188'),
('HERO_08', 'CS2_188'),
('HERO_09', 'CS2_188'),
('HERO_01', 'CS2_189'),
('HERO_02', 'CS2_189'),
('HERO_03', 'CS2_189'),
('HERO_04', 'CS2_189'),
('HERO_05', 'CS2_189'),
('HERO_06', 'CS2_189'),
('HERO_07', 'CS2_189'),
('HERO_08', 'CS2_189'),
('HERO_09', 'CS2_189'),
('HERO_01', 'CS2_196'),
('HERO_02', 'CS2_196'),
('HERO_03', 'CS2_196'),
('HERO_04', 'CS2_196'),
('HERO_05', 'CS2_196'),
('HERO_06', 'CS2_196'),
('HERO_07', 'CS2_196'),
('HERO_08', 'CS2_196'),
('HERO_09', 'CS2_196'),
('HERO_01', 'CS2_197'),
('HERO_02', 'CS2_197'),
('HERO_03', 'CS2_197'),
('HERO_04', 'CS2_197'),
('HERO_05', 'CS2_197'),
('HERO_06', 'CS2_197'),
('HERO_07', 'CS2_197'),
('HERO_08', 'CS2_197'),
('HERO_09', 'CS2_197'),
('HERO_01', 'CS2_200'),
('HERO_02', 'CS2_200'),
('HERO_03', 'CS2_200'),
('HERO_04', 'CS2_200'),
('HERO_05', 'CS2_200'),
('HERO_06', 'CS2_200'),
('HERO_07', 'CS2_200'),
('HERO_08', 'CS2_200'),
('HERO_09', 'CS2_200'),
('HERO_01', 'CS2_201'),
('HERO_02', 'CS2_201'),
('HERO_03', 'CS2_201'),
('HERO_04', 'CS2_201'),
('HERO_05', 'CS2_201'),
('HERO_06', 'CS2_201'),
('HERO_07', 'CS2_201'),
('HERO_08', 'CS2_201'),
('HERO_09', 'CS2_201'),
('HERO_01', 'CS2_203'),
('HERO_02', 'CS2_203'),
('HERO_03', 'CS2_203'),
('HERO_04', 'CS2_203'),
('HERO_05', 'CS2_203'),
('HERO_06', 'CS2_203'),
('HERO_07', 'CS2_203'),
('HERO_08', 'CS2_203'),
('HERO_09', 'CS2_203'),
('HERO_01', 'CS2_213'),
('HERO_02', 'CS2_213'),
('HERO_03', 'CS2_213'),
('HERO_04', 'CS2_213'),
('HERO_05', 'CS2_213'),
('HERO_06', 'CS2_213'),
('HERO_07', 'CS2_213'),
('HERO_08', 'CS2_213'),
('HERO_09', 'CS2_213'),
('HERO_01', 'CS2_221'),
('HERO_02', 'CS2_221'),
('HERO_03', 'CS2_221'),
('HERO_04', 'CS2_221'),
('HERO_05', 'CS2_221'),
('HERO_06', 'CS2_221'),
('HERO_07', 'CS2_221'),
('HERO_08', 'CS2_221'),
('HERO_09', 'CS2_221'),
('HERO_01', 'CS2_222'),
('HERO_02', 'CS2_222'),
('HERO_03', 'CS2_222'),
('HERO_04', 'CS2_222'),
('HERO_05', 'CS2_222'),
('HERO_06', 'CS2_222'),
('HERO_07', 'CS2_222'),
('HERO_08', 'CS2_222'),
('HERO_09', 'CS2_222'),
('HERO_01', 'CS2_226'),
('HERO_02', 'CS2_226'),
('HERO_03', 'CS2_226'),
('HERO_04', 'CS2_226'),
('HERO_05', 'CS2_226'),
('HERO_06', 'CS2_226'),
('HERO_07', 'CS2_226'),
('HERO_08', 'CS2_226'),
('HERO_09', 'CS2_226'),
('HERO_01', 'CS2_227'),
('HERO_02', 'CS2_227'),
('HERO_03', 'CS2_227'),
('HERO_04', 'CS2_227'),
('HERO_05', 'CS2_227'),
('HERO_06', 'CS2_227'),
('HERO_07', 'CS2_227'),
('HERO_08', 'CS2_227'),
('HERO_09', 'CS2_227'),
('HERO_01', 'CS2_231'),
('HERO_02', 'CS2_231'),
('HERO_03', 'CS2_231'),
('HERO_04', 'CS2_231'),
('HERO_05', 'CS2_231'),
('HERO_06', 'CS2_231'),
('HERO_07', 'CS2_231'),
('HERO_08', 'CS2_231'),
('HERO_09', 'CS2_231'),
('HERO_06', 'CS2_232'),
('HERO_03', 'CS2_233'),
('HERO_09', 'CS2_234'),
('HERO_09', 'CS2_235'),
('HERO_09', 'CS2_236'),
('HERO_05', 'CS2_237'),
('HERO_01', 'DS1_055'),
('HERO_02', 'DS1_055'),
('HERO_03', 'DS1_055'),
('HERO_04', 'DS1_055'),
('HERO_05', 'DS1_055'),
('HERO_06', 'DS1_055'),
('HERO_07', 'DS1_055'),
('HERO_08', 'DS1_055'),
('HERO_09', 'DS1_055'),
('HERO_05', 'DS1_070'),
('HERO_05', 'DS1_175'),
('HERO_05', 'DS1_178'),
('HERO_05', 'DS1_183'),
('HERO_05', 'DS1_184'),
('HERO_05', 'DS1_185'),
('HERO_05', 'DS1_188'),
('HERO_09', 'DS1_233'),
('HERO_01', 'EX1_001'),
('HERO_02', 'EX1_001'),
('HERO_03', 'EX1_001'),
('HERO_04', 'EX1_001'),
('HERO_05', 'EX1_001'),
('HERO_06', 'EX1_001'),
('HERO_07', 'EX1_001'),
('HERO_08', 'EX1_001'),
('HERO_09', 'EX1_001'),
('HERO_01', 'EX1_002'),
('HERO_02', 'EX1_002'),
('HERO_03', 'EX1_002'),
('HERO_04', 'EX1_002'),
('HERO_05', 'EX1_002'),
('HERO_06', 'EX1_002'),
('HERO_07', 'EX1_002'),
('HERO_08', 'EX1_002'),
('HERO_09', 'EX1_002'),
('HERO_01', 'EX1_004'),
('HERO_02', 'EX1_004'),
('HERO_03', 'EX1_004'),
('HERO_04', 'EX1_004'),
('HERO_05', 'EX1_004'),
('HERO_06', 'EX1_004'),
('HERO_07', 'EX1_004'),
('HERO_08', 'EX1_004'),
('HERO_09', 'EX1_004'),
('HERO_01', 'EX1_005'),
('HERO_02', 'EX1_005'),
('HERO_03', 'EX1_005'),
('HERO_04', 'EX1_005'),
('HERO_05', 'EX1_005'),
('HERO_06', 'EX1_005'),
('HERO_07', 'EX1_005'),
('HERO_08', 'EX1_005'),
('HERO_09', 'EX1_005'),
('HERO_01', 'EX1_006'),
('HERO_02', 'EX1_006'),
('HERO_03', 'EX1_006'),
('HERO_04', 'EX1_006'),
('HERO_05', 'EX1_006'),
('HERO_06', 'EX1_006'),
('HERO_07', 'EX1_006'),
('HERO_08', 'EX1_006'),
('HERO_09', 'EX1_006'),
('HERO_01', 'EX1_007'),
('HERO_02', 'EX1_007'),
('HERO_03', 'EX1_007'),
('HERO_04', 'EX1_007'),
('HERO_05', 'EX1_007'),
('HERO_06', 'EX1_007'),
('HERO_07', 'EX1_007'),
('HERO_08', 'EX1_007'),
('HERO_09', 'EX1_007'),
('HERO_01', 'EX1_008'),
('HERO_02', 'EX1_008'),
('HERO_03', 'EX1_008'),
('HERO_04', 'EX1_008'),
('HERO_05', 'EX1_008'),
('HERO_06', 'EX1_008'),
('HERO_07', 'EX1_008'),
('HERO_08', 'EX1_008'),
('HERO_09', 'EX1_008'),
('HERO_01', 'EX1_009'),
('HERO_02', 'EX1_009'),
('HERO_03', 'EX1_009'),
('HERO_04', 'EX1_009'),
('HERO_05', 'EX1_009'),
('HERO_06', 'EX1_009'),
('HERO_07', 'EX1_009'),
('HERO_08', 'EX1_009'),
('HERO_09', 'EX1_009'),
('HERO_01', 'EX1_010'),
('HERO_02', 'EX1_010'),
('HERO_03', 'EX1_010'),
('HERO_04', 'EX1_010'),
('HERO_05', 'EX1_010'),
('HERO_06', 'EX1_010'),
('HERO_07', 'EX1_010'),
('HERO_08', 'EX1_010'),
('HERO_09', 'EX1_010'),
('HERO_01', 'EX1_011'),
('HERO_02', 'EX1_011'),
('HERO_03', 'EX1_011'),
('HERO_04', 'EX1_011'),
('HERO_05', 'EX1_011'),
('HERO_06', 'EX1_011'),
('HERO_07', 'EX1_011'),
('HERO_08', 'EX1_011'),
('HERO_09', 'EX1_011'),
('HERO_01', 'EX1_012'),
('HERO_02', 'EX1_012'),
('HERO_03', 'EX1_012'),
('HERO_04', 'EX1_012'),
('HERO_05', 'EX1_012'),
('HERO_06', 'EX1_012'),
('HERO_07', 'EX1_012'),
('HERO_08', 'EX1_012'),
('HERO_09', 'EX1_012'),
('HERO_01', 'EX1_014'),
('HERO_02', 'EX1_014'),
('HERO_03', 'EX1_014'),
('HERO_04', 'EX1_014'),
('HERO_05', 'EX1_014'),
('HERO_06', 'EX1_014'),
('HERO_07', 'EX1_014'),
('HERO_08', 'EX1_014'),
('HERO_09', 'EX1_014'),
('HERO_01', 'EX1_015'),
('HERO_02', 'EX1_015'),
('HERO_03', 'EX1_015'),
('HERO_04', 'EX1_015'),
('HERO_05', 'EX1_015'),
('HERO_06', 'EX1_015'),
('HERO_07', 'EX1_015'),
('HERO_08', 'EX1_015'),
('HERO_09', 'EX1_015'),
('HERO_01', 'EX1_016'),
('HERO_02', 'EX1_016'),
('HERO_03', 'EX1_016'),
('HERO_04', 'EX1_016'),
('HERO_05', 'EX1_016'),
('HERO_06', 'EX1_016'),
('HERO_07', 'EX1_016'),
('HERO_08', 'EX1_016'),
('HERO_09', 'EX1_016'),
('HERO_01', 'EX1_017'),
('HERO_02', 'EX1_017'),
('HERO_03', 'EX1_017'),
('HERO_04', 'EX1_017'),
('HERO_05', 'EX1_017'),
('HERO_06', 'EX1_017'),
('HERO_07', 'EX1_017'),
('HERO_08', 'EX1_017'),
('HERO_09', 'EX1_017'),
('HERO_01', 'EX1_019'),
('HERO_02', 'EX1_019'),
('HERO_03', 'EX1_019'),
('HERO_04', 'EX1_019'),
('HERO_05', 'EX1_019'),
('HERO_06', 'EX1_019'),
('HERO_07', 'EX1_019'),
('HERO_08', 'EX1_019'),
('HERO_09', 'EX1_019'),
('HERO_01', 'EX1_020'),
('HERO_02', 'EX1_020'),
('HERO_03', 'EX1_020'),
('HERO_04', 'EX1_020'),
('HERO_05', 'EX1_020'),
('HERO_06', 'EX1_020'),
('HERO_07', 'EX1_020'),
('HERO_08', 'EX1_020'),
('HERO_09', 'EX1_020'),
('HERO_01', 'EX1_021'),
('HERO_02', 'EX1_021'),
('HERO_03', 'EX1_021'),
('HERO_04', 'EX1_021'),
('HERO_05', 'EX1_021'),
('HERO_06', 'EX1_021'),
('HERO_07', 'EX1_021'),
('HERO_08', 'EX1_021'),
('HERO_09', 'EX1_021'),
('HERO_01', 'EX1_023'),
('HERO_02', 'EX1_023'),
('HERO_03', 'EX1_023'),
('HERO_04', 'EX1_023'),
('HERO_05', 'EX1_023'),
('HERO_06', 'EX1_023'),
('HERO_07', 'EX1_023'),
('HERO_08', 'EX1_023'),
('HERO_09', 'EX1_023'),
('HERO_01', 'EX1_025'),
('HERO_02', 'EX1_025'),
('HERO_03', 'EX1_025'),
('HERO_04', 'EX1_025'),
('HERO_05', 'EX1_025'),
('HERO_06', 'EX1_025'),
('HERO_07', 'EX1_025'),
('HERO_08', 'EX1_025'),
('HERO_09', 'EX1_025'),
('HERO_01', 'EX1_028'),
('HERO_02', 'EX1_028'),
('HERO_03', 'EX1_028'),
('HERO_04', 'EX1_028'),
('HERO_05', 'EX1_028'),
('HERO_06', 'EX1_028'),
('HERO_07', 'EX1_028'),
('HERO_08', 'EX1_028'),
('HERO_09', 'EX1_028'),
('HERO_01', 'EX1_029'),
('HERO_02', 'EX1_029'),
('HERO_03', 'EX1_029'),
('HERO_04', 'EX1_029'),
('HERO_05', 'EX1_029'),
('HERO_06', 'EX1_029'),
('HERO_07', 'EX1_029'),
('HERO_08', 'EX1_029'),
('HERO_09', 'EX1_029'),
('HERO_01', 'EX1_032'),
('HERO_02', 'EX1_032'),
('HERO_03', 'EX1_032'),
('HERO_04', 'EX1_032'),
('HERO_05', 'EX1_032'),
('HERO_06', 'EX1_032'),
('HERO_07', 'EX1_032'),
('HERO_08', 'EX1_032'),
('HERO_09', 'EX1_032'),
('HERO_01', 'EX1_033'),
('HERO_02', 'EX1_033'),
('HERO_03', 'EX1_033'),
('HERO_04', 'EX1_033'),
('HERO_05', 'EX1_033'),
('HERO_06', 'EX1_033'),
('HERO_07', 'EX1_033'),
('HERO_08', 'EX1_033'),
('HERO_09', 'EX1_033'),
('HERO_01', 'EX1_043'),
('HERO_02', 'EX1_043'),
('HERO_03', 'EX1_043'),
('HERO_04', 'EX1_043'),
('HERO_05', 'EX1_043'),
('HERO_06', 'EX1_043'),
('HERO_07', 'EX1_043'),
('HERO_08', 'EX1_043'),
('HERO_09', 'EX1_043'),
('HERO_01', 'EX1_044'),
('HERO_02', 'EX1_044'),
('HERO_03', 'EX1_044'),
('HERO_04', 'EX1_044'),
('HERO_05', 'EX1_044'),
('HERO_06', 'EX1_044'),
('HERO_07', 'EX1_044'),
('HERO_08', 'EX1_044'),
('HERO_09', 'EX1_044'),
('HERO_01', 'EX1_045'),
('HERO_02', 'EX1_045'),
('HERO_03', 'EX1_045'),
('HERO_04', 'EX1_045'),
('HERO_05', 'EX1_045'),
('HERO_06', 'EX1_045'),
('HERO_07', 'EX1_045'),
('HERO_08', 'EX1_045'),
('HERO_09', 'EX1_045'),
('HERO_01', 'EX1_046'),
('HERO_02', 'EX1_046'),
('HERO_03', 'EX1_046'),
('HERO_04', 'EX1_046'),
('HERO_05', 'EX1_046'),
('HERO_06', 'EX1_046'),
('HERO_07', 'EX1_046'),
('HERO_08', 'EX1_046'),
('HERO_09', 'EX1_046'),
('HERO_01', 'EX1_048'),
('HERO_02', 'EX1_048'),
('HERO_03', 'EX1_048'),
('HERO_04', 'EX1_048'),
('HERO_05', 'EX1_048'),
('HERO_06', 'EX1_048'),
('HERO_07', 'EX1_048'),
('HERO_08', 'EX1_048'),
('HERO_09', 'EX1_048'),
('HERO_01', 'EX1_049'),
('HERO_02', 'EX1_049'),
('HERO_03', 'EX1_049'),
('HERO_04', 'EX1_049'),
('HERO_05', 'EX1_049'),
('HERO_06', 'EX1_049'),
('HERO_07', 'EX1_049'),
('HERO_08', 'EX1_049'),
('HERO_09', 'EX1_049'),
('HERO_01', 'EX1_050'),
('HERO_02', 'EX1_050'),
('HERO_03', 'EX1_050'),
('HERO_04', 'EX1_050'),
('HERO_05', 'EX1_050'),
('HERO_06', 'EX1_050'),
('HERO_07', 'EX1_050'),
('HERO_08', 'EX1_050'),
('HERO_09', 'EX1_050'),
('HERO_01', 'EX1_055'),
('HERO_02', 'EX1_055'),
('HERO_03', 'EX1_055'),
('HERO_04', 'EX1_055'),
('HERO_05', 'EX1_055'),
('HERO_06', 'EX1_055'),
('HERO_07', 'EX1_055'),
('HERO_08', 'EX1_055'),
('HERO_09', 'EX1_055'),
('HERO_01', 'EX1_057'),
('HERO_02', 'EX1_057'),
('HERO_03', 'EX1_057'),
('HERO_04', 'EX1_057'),
('HERO_05', 'EX1_057'),
('HERO_06', 'EX1_057'),
('HERO_07', 'EX1_057'),
('HERO_08', 'EX1_057'),
('HERO_09', 'EX1_057'),
('HERO_01', 'EX1_058'),
('HERO_02', 'EX1_058'),
('HERO_03', 'EX1_058'),
('HERO_04', 'EX1_058'),
('HERO_05', 'EX1_058'),
('HERO_06', 'EX1_058'),
('HERO_07', 'EX1_058'),
('HERO_08', 'EX1_058'),
('HERO_09', 'EX1_058'),
('HERO_01', 'EX1_059'),
('HERO_02', 'EX1_059'),
('HERO_03', 'EX1_059'),
('HERO_04', 'EX1_059'),
('HERO_05', 'EX1_059'),
('HERO_06', 'EX1_059'),
('HERO_07', 'EX1_059'),
('HERO_08', 'EX1_059'),
('HERO_09', 'EX1_059'),
('HERO_01', 'EX1_062'),
('HERO_02', 'EX1_062'),
('HERO_03', 'EX1_062'),
('HERO_04', 'EX1_062'),
('HERO_05', 'EX1_062'),
('HERO_06', 'EX1_062'),
('HERO_07', 'EX1_062'),
('HERO_08', 'EX1_062'),
('HERO_09', 'EX1_062'),
('HERO_01', 'EX1_066'),
('HERO_02', 'EX1_066'),
('HERO_03', 'EX1_066'),
('HERO_04', 'EX1_066'),
('HERO_05', 'EX1_066'),
('HERO_06', 'EX1_066'),
('HERO_07', 'EX1_066'),
('HERO_08', 'EX1_066'),
('HERO_09', 'EX1_066'),
('HERO_01', 'EX1_067'),
('HERO_02', 'EX1_067'),
('HERO_03', 'EX1_067'),
('HERO_04', 'EX1_067'),
('HERO_05', 'EX1_067'),
('HERO_06', 'EX1_067'),
('HERO_07', 'EX1_067'),
('HERO_08', 'EX1_067'),
('HERO_09', 'EX1_067'),
('HERO_01', 'EX1_076'),
('HERO_02', 'EX1_076'),
('HERO_03', 'EX1_076'),
('HERO_04', 'EX1_076'),
('HERO_05', 'EX1_076'),
('HERO_06', 'EX1_076'),
('HERO_07', 'EX1_076'),
('HERO_08', 'EX1_076'),
('HERO_09', 'EX1_076'),
('HERO_01', 'EX1_080'),
('HERO_02', 'EX1_080'),
('HERO_03', 'EX1_080'),
('HERO_04', 'EX1_080'),
('HERO_05', 'EX1_080'),
('HERO_06', 'EX1_080'),
('HERO_07', 'EX1_080'),
('HERO_08', 'EX1_080'),
('HERO_09', 'EX1_080'),
('HERO_01', 'EX1_082'),
('HERO_02', 'EX1_082'),
('HERO_03', 'EX1_082'),
('HERO_04', 'EX1_082'),
('HERO_05', 'EX1_082'),
('HERO_06', 'EX1_082'),
('HERO_07', 'EX1_082'),
('HERO_08', 'EX1_082'),
('HERO_09', 'EX1_082'),
('HERO_01', 'EX1_083'),
('HERO_02', 'EX1_083'),
('HERO_03', 'EX1_083'),
('HERO_04', 'EX1_083'),
('HERO_05', 'EX1_083'),
('HERO_06', 'EX1_083'),
('HERO_07', 'EX1_083'),
('HERO_08', 'EX1_083'),
('HERO_09', 'EX1_083'),
('HERO_01', 'EX1_084'),
('HERO_01', 'EX1_085'),
('HERO_02', 'EX1_085'),
('HERO_03', 'EX1_085'),
('HERO_04', 'EX1_085'),
('HERO_05', 'EX1_085'),
('HERO_06', 'EX1_085'),
('HERO_07', 'EX1_085'),
('HERO_08', 'EX1_085'),
('HERO_09', 'EX1_085'),
('HERO_01', 'EX1_089'),
('HERO_02', 'EX1_089'),
('HERO_03', 'EX1_089'),
('HERO_04', 'EX1_089'),
('HERO_05', 'EX1_089'),
('HERO_06', 'EX1_089'),
('HERO_07', 'EX1_089'),
('HERO_08', 'EX1_089'),
('HERO_09', 'EX1_089'),
('HERO_09', 'EX1_091'),
('HERO_01', 'EX1_093'),
('HERO_02', 'EX1_093'),
('HERO_03', 'EX1_093'),
('HERO_04', 'EX1_093'),
('HERO_05', 'EX1_093'),
('HERO_06', 'EX1_093'),
('HERO_07', 'EX1_093'),
('HERO_08', 'EX1_093'),
('HERO_09', 'EX1_093'),
('HERO_01', 'EX1_095'),
('HERO_02', 'EX1_095'),
('HERO_03', 'EX1_095'),
('HERO_04', 'EX1_095'),
('HERO_05', 'EX1_095'),
('HERO_06', 'EX1_095'),
('HERO_07', 'EX1_095'),
('HERO_08', 'EX1_095'),
('HERO_09', 'EX1_095'),
('HERO_01', 'EX1_096'),
('HERO_02', 'EX1_096'),
('HERO_03', 'EX1_096'),
('HERO_04', 'EX1_096'),
('HERO_05', 'EX1_096'),
('HERO_06', 'EX1_096'),
('HERO_07', 'EX1_096'),
('HERO_08', 'EX1_096'),
('HERO_09', 'EX1_096'),
('HERO_01', 'EX1_097'),
('HERO_02', 'EX1_097'),
('HERO_03', 'EX1_097'),
('HERO_04', 'EX1_097'),
('HERO_05', 'EX1_097'),
('HERO_06', 'EX1_097'),
('HERO_07', 'EX1_097'),
('HERO_08', 'EX1_097'),
('HERO_09', 'EX1_097'),
('HERO_01', 'EX1_100'),
('HERO_02', 'EX1_100'),
('HERO_03', 'EX1_100'),
('HERO_04', 'EX1_100'),
('HERO_05', 'EX1_100'),
('HERO_06', 'EX1_100'),
('HERO_07', 'EX1_100'),
('HERO_08', 'EX1_100'),
('HERO_09', 'EX1_100'),
('HERO_01', 'EX1_102'),
('HERO_02', 'EX1_102'),
('HERO_03', 'EX1_102'),
('HERO_04', 'EX1_102'),
('HERO_05', 'EX1_102'),
('HERO_06', 'EX1_102'),
('HERO_07', 'EX1_102'),
('HERO_08', 'EX1_102'),
('HERO_09', 'EX1_102'),
('HERO_01', 'EX1_103'),
('HERO_02', 'EX1_103'),
('HERO_03', 'EX1_103'),
('HERO_04', 'EX1_103'),
('HERO_05', 'EX1_103'),
('HERO_06', 'EX1_103'),
('HERO_07', 'EX1_103'),
('HERO_08', 'EX1_103'),
('HERO_09', 'EX1_103'),
('HERO_01', 'EX1_105'),
('HERO_02', 'EX1_105'),
('HERO_03', 'EX1_105'),
('HERO_04', 'EX1_105'),
('HERO_05', 'EX1_105'),
('HERO_06', 'EX1_105'),
('HERO_07', 'EX1_105'),
('HERO_08', 'EX1_105'),
('HERO_09', 'EX1_105'),
('HERO_01', 'EX1_110'),
('HERO_02', 'EX1_110'),
('HERO_03', 'EX1_110'),
('HERO_04', 'EX1_110'),
('HERO_05', 'EX1_110'),
('HERO_06', 'EX1_110'),
('HERO_07', 'EX1_110'),
('HERO_08', 'EX1_110'),
('HERO_09', 'EX1_110'),
('HERO_01', 'EX1_112'),
('HERO_02', 'EX1_112'),
('HERO_03', 'EX1_112'),
('HERO_04', 'EX1_112'),
('HERO_05', 'EX1_112'),
('HERO_06', 'EX1_112'),
('HERO_07', 'EX1_112'),
('HERO_08', 'EX1_112'),
('HERO_09', 'EX1_112'),
('HERO_01', 'EX1_116'),
('HERO_02', 'EX1_116'),
('HERO_03', 'EX1_116'),
('HERO_04', 'EX1_116'),
('HERO_05', 'EX1_116'),
('HERO_06', 'EX1_116'),
('HERO_07', 'EX1_116'),
('HERO_08', 'EX1_116'),
('HERO_09', 'EX1_116'),
('HERO_03', 'EX1_124'),
('HERO_03', 'EX1_126'),
('HERO_03', 'EX1_128'),
('HERO_03', 'EX1_129'),
('HERO_04', 'EX1_130'),
('HERO_03', 'EX1_131'),
('HERO_04', 'EX1_132'),
('HERO_03', 'EX1_133'),
('HERO_03', 'EX1_134'),
('HERO_04', 'EX1_136'),
('HERO_03', 'EX1_137'),
('HERO_03', 'EX1_144'),
('HERO_03', 'EX1_145'),
('HERO_06', 'EX1_154'),
('HERO_06', 'EX1_155'),
('HERO_06', 'EX1_158'),
('HERO_06', 'EX1_160'),
('HERO_06', 'EX1_161'),
('HERO_01', 'EX1_162'),
('HERO_02', 'EX1_162'),
('HERO_03', 'EX1_162'),
('HERO_04', 'EX1_162'),
('HERO_05', 'EX1_162'),
('HERO_06', 'EX1_162'),
('HERO_07', 'EX1_162'),
('HERO_08', 'EX1_162'),
('HERO_09', 'EX1_162'),
('HERO_06', 'EX1_164'),
('HERO_06', 'EX1_165'),
('HERO_06', 'EX1_166'),
('HERO_06', 'EX1_169'),
('HERO_01', 'EX1_170'),
('HERO_02', 'EX1_170'),
('HERO_03', 'EX1_170'),
('HERO_04', 'EX1_170'),
('HERO_05', 'EX1_170'),
('HERO_06', 'EX1_170'),
('HERO_07', 'EX1_170'),
('HERO_08', 'EX1_170'),
('HERO_09', 'EX1_170'),
('HERO_06', 'EX1_173'),
('HERO_06', 'EX1_178'),
('HERO_02', 'EX1_238'),
('HERO_02', 'EX1_241'),
('HERO_02', 'EX1_243'),
('HERO_02', 'EX1_244'),
('HERO_02', 'EX1_245'),
('HERO_02', 'EX1_246'),
('HERO_02', 'EX1_247'),
('HERO_02', 'EX1_248'),
('HERO_01', 'EX1_249'),
('HERO_02', 'EX1_249'),
('HERO_03', 'EX1_249'),
('HERO_04', 'EX1_249'),
('HERO_05', 'EX1_249'),
('HERO_06', 'EX1_249'),
('HERO_07', 'EX1_249'),
('HERO_08', 'EX1_249'),
('HERO_09', 'EX1_249'),
('HERO_02', 'EX1_250'),
('HERO_02', 'EX1_251'),
('HERO_02', 'EX1_258'),
('HERO_02', 'EX1_259'),
('HERO_08', 'EX1_274'),
('HERO_08', 'EX1_275'),
('HERO_08', 'EX1_277'),
('HERO_03', 'EX1_278'),
('HERO_08', 'EX1_279'),
('HERO_01', 'EX1_283'),
('HERO_02', 'EX1_283'),
('HERO_03', 'EX1_283'),
('HERO_04', 'EX1_283'),
('HERO_05', 'EX1_283'),
('HERO_06', 'EX1_283'),
('HERO_07', 'EX1_283'),
('HERO_08', 'EX1_283'),
('HERO_09', 'EX1_283'),
('HERO_01', 'EX1_284'),
('HERO_02', 'EX1_284'),
('HERO_03', 'EX1_284'),
('HERO_04', 'EX1_284'),
('HERO_05', 'EX1_284'),
('HERO_06', 'EX1_284'),
('HERO_07', 'EX1_284'),
('HERO_08', 'EX1_284'),
('HERO_09', 'EX1_284'),
('HERO_08', 'EX1_287'),
('HERO_08', 'EX1_289'),
('HERO_08', 'EX1_294'),
('HERO_08', 'EX1_295'),
('HERO_01', 'EX1_298'),
('HERO_02', 'EX1_298'),
('HERO_03', 'EX1_298'),
('HERO_04', 'EX1_298'),
('HERO_05', 'EX1_298'),
('HERO_06', 'EX1_298'),
('HERO_07', 'EX1_298'),
('HERO_08', 'EX1_298'),
('HERO_09', 'EX1_298'),
('HERO_07', 'EX1_301'),
('HERO_07', 'EX1_302'),
('HERO_07', 'EX1_303'),
('HERO_07', 'EX1_304'),
('HERO_07', 'EX1_306'),
('HERO_07', 'EX1_308'),
('HERO_07', 'EX1_309'),
('HERO_07', 'EX1_310'),
('HERO_07', 'EX1_312'),
('HERO_07', 'EX1_313');
INSERT INTO `hero_card` (`hero_id`, `card_id`) VALUES
('HERO_07', 'EX1_315'),
('HERO_07', 'EX1_316'),
('HERO_07', 'EX1_317'),
('HERO_07', 'EX1_319'),
('HERO_07', 'EX1_320'),
('HERO_07', 'EX1_323'),
('HERO_09', 'EX1_332'),
('HERO_09', 'EX1_334'),
('HERO_09', 'EX1_335'),
('HERO_09', 'EX1_339'),
('HERO_09', 'EX1_341'),
('HERO_09', 'EX1_345'),
('HERO_04', 'EX1_349'),
('HERO_09', 'EX1_350'),
('HERO_04', 'EX1_354'),
('HERO_04', 'EX1_355'),
('HERO_04', 'EX1_360'),
('HERO_04', 'EX1_362'),
('HERO_04', 'EX1_363'),
('HERO_04', 'EX1_365'),
('HERO_04', 'EX1_366'),
('HERO_04', 'EX1_371'),
('HERO_04', 'EX1_379'),
('HERO_04', 'EX1_382'),
('HERO_04', 'EX1_383'),
('HERO_04', 'EX1_384'),
('HERO_01', 'EX1_390'),
('HERO_02', 'EX1_390'),
('HERO_03', 'EX1_390'),
('HERO_04', 'EX1_390'),
('HERO_05', 'EX1_390'),
('HERO_06', 'EX1_390'),
('HERO_07', 'EX1_390'),
('HERO_08', 'EX1_390'),
('HERO_09', 'EX1_390'),
('HERO_01', 'EX1_391'),
('HERO_01', 'EX1_392'),
('HERO_01', 'EX1_393'),
('HERO_02', 'EX1_393'),
('HERO_03', 'EX1_393'),
('HERO_04', 'EX1_393'),
('HERO_05', 'EX1_393'),
('HERO_06', 'EX1_393'),
('HERO_07', 'EX1_393'),
('HERO_08', 'EX1_393'),
('HERO_09', 'EX1_393'),
('HERO_01', 'EX1_396'),
('HERO_02', 'EX1_396'),
('HERO_03', 'EX1_396'),
('HERO_04', 'EX1_396'),
('HERO_05', 'EX1_396'),
('HERO_06', 'EX1_396'),
('HERO_07', 'EX1_396'),
('HERO_08', 'EX1_396'),
('HERO_09', 'EX1_396'),
('HERO_01', 'EX1_398'),
('HERO_01', 'EX1_399'),
('HERO_02', 'EX1_399'),
('HERO_03', 'EX1_399'),
('HERO_04', 'EX1_399'),
('HERO_05', 'EX1_399'),
('HERO_06', 'EX1_399'),
('HERO_07', 'EX1_399'),
('HERO_08', 'EX1_399'),
('HERO_09', 'EX1_399'),
('HERO_01', 'EX1_400'),
('HERO_01', 'EX1_402'),
('HERO_01', 'EX1_405'),
('HERO_02', 'EX1_405'),
('HERO_03', 'EX1_405'),
('HERO_04', 'EX1_405'),
('HERO_05', 'EX1_405'),
('HERO_06', 'EX1_405'),
('HERO_07', 'EX1_405'),
('HERO_08', 'EX1_405'),
('HERO_09', 'EX1_405'),
('HERO_01', 'EX1_407'),
('HERO_01', 'EX1_408'),
('HERO_01', 'EX1_409'),
('HERO_01', 'EX1_410'),
('HERO_01', 'EX1_411'),
('HERO_01', 'EX1_412'),
('HERO_02', 'EX1_412'),
('HERO_03', 'EX1_412'),
('HERO_04', 'EX1_412'),
('HERO_05', 'EX1_412'),
('HERO_06', 'EX1_412'),
('HERO_07', 'EX1_412'),
('HERO_08', 'EX1_412'),
('HERO_09', 'EX1_412'),
('HERO_01', 'EX1_414'),
('HERO_01', 'EX1_506'),
('HERO_02', 'EX1_506'),
('HERO_03', 'EX1_506'),
('HERO_04', 'EX1_506'),
('HERO_05', 'EX1_506'),
('HERO_06', 'EX1_506'),
('HERO_07', 'EX1_506'),
('HERO_08', 'EX1_506'),
('HERO_09', 'EX1_506'),
('HERO_01', 'EX1_507'),
('HERO_02', 'EX1_507'),
('HERO_03', 'EX1_507'),
('HERO_04', 'EX1_507'),
('HERO_05', 'EX1_507'),
('HERO_06', 'EX1_507'),
('HERO_07', 'EX1_507'),
('HERO_08', 'EX1_507'),
('HERO_09', 'EX1_507'),
('HERO_01', 'EX1_508'),
('HERO_02', 'EX1_508'),
('HERO_03', 'EX1_508'),
('HERO_04', 'EX1_508'),
('HERO_05', 'EX1_508'),
('HERO_06', 'EX1_508'),
('HERO_07', 'EX1_508'),
('HERO_08', 'EX1_508'),
('HERO_09', 'EX1_508'),
('HERO_01', 'EX1_509'),
('HERO_02', 'EX1_509'),
('HERO_03', 'EX1_509'),
('HERO_04', 'EX1_509'),
('HERO_05', 'EX1_509'),
('HERO_06', 'EX1_509'),
('HERO_07', 'EX1_509'),
('HERO_08', 'EX1_509'),
('HERO_09', 'EX1_509'),
('HERO_03', 'EX1_522'),
('HERO_05', 'EX1_531'),
('HERO_05', 'EX1_533'),
('HERO_05', 'EX1_534'),
('HERO_05', 'EX1_536'),
('HERO_05', 'EX1_537'),
('HERO_05', 'EX1_538'),
('HERO_05', 'EX1_539'),
('HERO_05', 'EX1_543'),
('HERO_05', 'EX1_544'),
('HERO_05', 'EX1_549'),
('HERO_05', 'EX1_554'),
('HERO_01', 'EX1_556'),
('HERO_02', 'EX1_556'),
('HERO_03', 'EX1_556'),
('HERO_04', 'EX1_556'),
('HERO_05', 'EX1_556'),
('HERO_06', 'EX1_556'),
('HERO_07', 'EX1_556'),
('HERO_08', 'EX1_556'),
('HERO_09', 'EX1_556'),
('HERO_01', 'EX1_557'),
('HERO_02', 'EX1_557'),
('HERO_03', 'EX1_557'),
('HERO_04', 'EX1_557'),
('HERO_05', 'EX1_557'),
('HERO_06', 'EX1_557'),
('HERO_07', 'EX1_557'),
('HERO_08', 'EX1_557'),
('HERO_09', 'EX1_557'),
('HERO_01', 'EX1_558'),
('HERO_02', 'EX1_558'),
('HERO_03', 'EX1_558'),
('HERO_04', 'EX1_558'),
('HERO_05', 'EX1_558'),
('HERO_06', 'EX1_558'),
('HERO_07', 'EX1_558'),
('HERO_08', 'EX1_558'),
('HERO_09', 'EX1_558'),
('HERO_08', 'EX1_559'),
('HERO_01', 'EX1_560'),
('HERO_02', 'EX1_560'),
('HERO_03', 'EX1_560'),
('HERO_04', 'EX1_560'),
('HERO_05', 'EX1_560'),
('HERO_06', 'EX1_560'),
('HERO_07', 'EX1_560'),
('HERO_08', 'EX1_560'),
('HERO_09', 'EX1_560'),
('HERO_01', 'EX1_561'),
('HERO_02', 'EX1_561'),
('HERO_03', 'EX1_561'),
('HERO_04', 'EX1_561'),
('HERO_05', 'EX1_561'),
('HERO_06', 'EX1_561'),
('HERO_07', 'EX1_561'),
('HERO_08', 'EX1_561'),
('HERO_09', 'EX1_561'),
('HERO_01', 'EX1_562'),
('HERO_02', 'EX1_562'),
('HERO_03', 'EX1_562'),
('HERO_04', 'EX1_562'),
('HERO_05', 'EX1_562'),
('HERO_06', 'EX1_562'),
('HERO_07', 'EX1_562'),
('HERO_08', 'EX1_562'),
('HERO_09', 'EX1_562'),
('HERO_01', 'EX1_563'),
('HERO_02', 'EX1_563'),
('HERO_03', 'EX1_563'),
('HERO_04', 'EX1_563'),
('HERO_05', 'EX1_563'),
('HERO_06', 'EX1_563'),
('HERO_07', 'EX1_563'),
('HERO_08', 'EX1_563'),
('HERO_09', 'EX1_563'),
('HERO_01', 'EX1_564'),
('HERO_02', 'EX1_564'),
('HERO_03', 'EX1_564'),
('HERO_04', 'EX1_564'),
('HERO_05', 'EX1_564'),
('HERO_06', 'EX1_564'),
('HERO_07', 'EX1_564'),
('HERO_08', 'EX1_564'),
('HERO_09', 'EX1_564'),
('HERO_02', 'EX1_565'),
('HERO_02', 'EX1_567'),
('HERO_06', 'EX1_570'),
('HERO_06', 'EX1_571'),
('HERO_01', 'EX1_572'),
('HERO_02', 'EX1_572'),
('HERO_03', 'EX1_572'),
('HERO_04', 'EX1_572'),
('HERO_05', 'EX1_572'),
('HERO_06', 'EX1_572'),
('HERO_07', 'EX1_572'),
('HERO_08', 'EX1_572'),
('HERO_09', 'EX1_572'),
('HERO_06', 'EX1_573'),
('HERO_02', 'EX1_575'),
('HERO_01', 'EX1_577'),
('HERO_02', 'EX1_577'),
('HERO_03', 'EX1_577'),
('HERO_04', 'EX1_577'),
('HERO_05', 'EX1_577'),
('HERO_06', 'EX1_577'),
('HERO_07', 'EX1_577'),
('HERO_08', 'EX1_577'),
('HERO_09', 'EX1_577'),
('HERO_06', 'EX1_578'),
('HERO_03', 'EX1_581'),
('HERO_01', 'EX1_582'),
('HERO_02', 'EX1_582'),
('HERO_03', 'EX1_582'),
('HERO_04', 'EX1_582'),
('HERO_05', 'EX1_582'),
('HERO_06', 'EX1_582'),
('HERO_07', 'EX1_582'),
('HERO_08', 'EX1_582'),
('HERO_09', 'EX1_582'),
('HERO_01', 'EX1_583'),
('HERO_02', 'EX1_583'),
('HERO_03', 'EX1_583'),
('HERO_04', 'EX1_583'),
('HERO_05', 'EX1_583'),
('HERO_06', 'EX1_583'),
('HERO_07', 'EX1_583'),
('HERO_08', 'EX1_583'),
('HERO_09', 'EX1_583'),
('HERO_01', 'EX1_584'),
('HERO_02', 'EX1_584'),
('HERO_03', 'EX1_584'),
('HERO_04', 'EX1_584'),
('HERO_05', 'EX1_584'),
('HERO_06', 'EX1_584'),
('HERO_07', 'EX1_584'),
('HERO_08', 'EX1_584'),
('HERO_09', 'EX1_584'),
('HERO_01', 'EX1_586'),
('HERO_02', 'EX1_586'),
('HERO_03', 'EX1_586'),
('HERO_04', 'EX1_586'),
('HERO_05', 'EX1_586'),
('HERO_06', 'EX1_586'),
('HERO_07', 'EX1_586'),
('HERO_08', 'EX1_586'),
('HERO_09', 'EX1_586'),
('HERO_02', 'EX1_587'),
('HERO_01', 'EX1_590'),
('HERO_02', 'EX1_590'),
('HERO_03', 'EX1_590'),
('HERO_04', 'EX1_590'),
('HERO_05', 'EX1_590'),
('HERO_06', 'EX1_590'),
('HERO_07', 'EX1_590'),
('HERO_08', 'EX1_590'),
('HERO_09', 'EX1_590'),
('HERO_09', 'EX1_591'),
('HERO_01', 'EX1_593'),
('HERO_02', 'EX1_593'),
('HERO_03', 'EX1_593'),
('HERO_04', 'EX1_593'),
('HERO_05', 'EX1_593'),
('HERO_06', 'EX1_593'),
('HERO_07', 'EX1_593'),
('HERO_08', 'EX1_593'),
('HERO_09', 'EX1_593'),
('HERO_08', 'EX1_594'),
('HERO_01', 'EX1_595'),
('HERO_02', 'EX1_595'),
('HERO_03', 'EX1_595'),
('HERO_04', 'EX1_595'),
('HERO_05', 'EX1_595'),
('HERO_06', 'EX1_595'),
('HERO_07', 'EX1_595'),
('HERO_08', 'EX1_595'),
('HERO_09', 'EX1_595'),
('HERO_07', 'EX1_596'),
('HERO_01', 'EX1_597'),
('HERO_02', 'EX1_597'),
('HERO_03', 'EX1_597'),
('HERO_04', 'EX1_597'),
('HERO_05', 'EX1_597'),
('HERO_06', 'EX1_597'),
('HERO_07', 'EX1_597'),
('HERO_08', 'EX1_597'),
('HERO_09', 'EX1_597'),
('HERO_01', 'EX1_603'),
('HERO_01', 'EX1_604'),
('HERO_01', 'EX1_606'),
('HERO_01', 'EX1_607'),
('HERO_08', 'EX1_608'),
('HERO_05', 'EX1_609'),
('HERO_05', 'EX1_610'),
('HERO_05', 'EX1_611'),
('HERO_08', 'EX1_612'),
('HERO_03', 'EX1_613'),
('HERO_01', 'EX1_614'),
('HERO_02', 'EX1_614'),
('HERO_03', 'EX1_614'),
('HERO_04', 'EX1_614'),
('HERO_05', 'EX1_614'),
('HERO_06', 'EX1_614'),
('HERO_07', 'EX1_614'),
('HERO_08', 'EX1_614'),
('HERO_09', 'EX1_614'),
('HERO_01', 'EX1_616'),
('HERO_02', 'EX1_616'),
('HERO_03', 'EX1_616'),
('HERO_04', 'EX1_616'),
('HERO_05', 'EX1_616'),
('HERO_06', 'EX1_616'),
('HERO_07', 'EX1_616'),
('HERO_08', 'EX1_616'),
('HERO_09', 'EX1_616'),
('HERO_05', 'EX1_617'),
('HERO_04', 'EX1_619'),
('HERO_01', 'EX1_620'),
('HERO_02', 'EX1_620'),
('HERO_03', 'EX1_620'),
('HERO_04', 'EX1_620'),
('HERO_05', 'EX1_620'),
('HERO_06', 'EX1_620'),
('HERO_07', 'EX1_620'),
('HERO_08', 'EX1_620'),
('HERO_09', 'EX1_620'),
('HERO_09', 'EX1_621'),
('HERO_09', 'EX1_622'),
('HERO_09', 'EX1_623'),
('HERO_09', 'EX1_624'),
('HERO_09', 'EX1_625'),
('HERO_09', 'EX1_626'),
('HERO_01', 'FP1_001'),
('HERO_02', 'FP1_001'),
('HERO_03', 'FP1_001'),
('HERO_04', 'FP1_001'),
('HERO_05', 'FP1_001'),
('HERO_06', 'FP1_001'),
('HERO_07', 'FP1_001'),
('HERO_08', 'FP1_001'),
('HERO_09', 'FP1_001'),
('HERO_01', 'FP1_002'),
('HERO_02', 'FP1_002'),
('HERO_03', 'FP1_002'),
('HERO_04', 'FP1_002'),
('HERO_05', 'FP1_002'),
('HERO_06', 'FP1_002'),
('HERO_07', 'FP1_002'),
('HERO_08', 'FP1_002'),
('HERO_09', 'FP1_002'),
('HERO_01', 'FP1_003'),
('HERO_02', 'FP1_003'),
('HERO_03', 'FP1_003'),
('HERO_04', 'FP1_003'),
('HERO_05', 'FP1_003'),
('HERO_06', 'FP1_003'),
('HERO_07', 'FP1_003'),
('HERO_08', 'FP1_003'),
('HERO_09', 'FP1_003'),
('HERO_01', 'FP1_004'),
('HERO_02', 'FP1_004'),
('HERO_03', 'FP1_004'),
('HERO_04', 'FP1_004'),
('HERO_05', 'FP1_004'),
('HERO_06', 'FP1_004'),
('HERO_07', 'FP1_004'),
('HERO_08', 'FP1_004'),
('HERO_09', 'FP1_004'),
('HERO_01', 'FP1_005'),
('HERO_02', 'FP1_005'),
('HERO_03', 'FP1_005'),
('HERO_04', 'FP1_005'),
('HERO_05', 'FP1_005'),
('HERO_06', 'FP1_005'),
('HERO_07', 'FP1_005'),
('HERO_08', 'FP1_005'),
('HERO_09', 'FP1_005'),
('HERO_01', 'FP1_007'),
('HERO_02', 'FP1_007'),
('HERO_03', 'FP1_007'),
('HERO_04', 'FP1_007'),
('HERO_05', 'FP1_007'),
('HERO_06', 'FP1_007'),
('HERO_07', 'FP1_007'),
('HERO_08', 'FP1_007'),
('HERO_09', 'FP1_007'),
('HERO_01', 'FP1_008'),
('HERO_02', 'FP1_008'),
('HERO_03', 'FP1_008'),
('HERO_04', 'FP1_008'),
('HERO_05', 'FP1_008'),
('HERO_06', 'FP1_008'),
('HERO_07', 'FP1_008'),
('HERO_08', 'FP1_008'),
('HERO_09', 'FP1_008'),
('HERO_01', 'FP1_009'),
('HERO_02', 'FP1_009'),
('HERO_03', 'FP1_009'),
('HERO_04', 'FP1_009'),
('HERO_05', 'FP1_009'),
('HERO_06', 'FP1_009'),
('HERO_07', 'FP1_009'),
('HERO_08', 'FP1_009'),
('HERO_09', 'FP1_009'),
('HERO_01', 'FP1_010'),
('HERO_02', 'FP1_010'),
('HERO_03', 'FP1_010'),
('HERO_04', 'FP1_010'),
('HERO_05', 'FP1_010'),
('HERO_06', 'FP1_010'),
('HERO_07', 'FP1_010'),
('HERO_08', 'FP1_010'),
('HERO_09', 'FP1_010'),
('HERO_05', 'FP1_011'),
('HERO_01', 'FP1_012'),
('HERO_02', 'FP1_012'),
('HERO_03', 'FP1_012'),
('HERO_04', 'FP1_012'),
('HERO_05', 'FP1_012'),
('HERO_06', 'FP1_012'),
('HERO_07', 'FP1_012'),
('HERO_08', 'FP1_012'),
('HERO_09', 'FP1_012'),
('HERO_01', 'FP1_013'),
('HERO_02', 'FP1_013'),
('HERO_03', 'FP1_013'),
('HERO_04', 'FP1_013'),
('HERO_05', 'FP1_013'),
('HERO_06', 'FP1_013'),
('HERO_07', 'FP1_013'),
('HERO_08', 'FP1_013'),
('HERO_09', 'FP1_013'),
('HERO_01', 'FP1_014'),
('HERO_02', 'FP1_014'),
('HERO_03', 'FP1_014'),
('HERO_04', 'FP1_014'),
('HERO_05', 'FP1_014'),
('HERO_06', 'FP1_014'),
('HERO_07', 'FP1_014'),
('HERO_08', 'FP1_014'),
('HERO_09', 'FP1_014'),
('HERO_01', 'FP1_015'),
('HERO_02', 'FP1_015'),
('HERO_03', 'FP1_015'),
('HERO_04', 'FP1_015'),
('HERO_05', 'FP1_015'),
('HERO_06', 'FP1_015'),
('HERO_07', 'FP1_015'),
('HERO_08', 'FP1_015'),
('HERO_09', 'FP1_015'),
('HERO_01', 'FP1_016'),
('HERO_02', 'FP1_016'),
('HERO_03', 'FP1_016'),
('HERO_04', 'FP1_016'),
('HERO_05', 'FP1_016'),
('HERO_06', 'FP1_016'),
('HERO_07', 'FP1_016'),
('HERO_08', 'FP1_016'),
('HERO_09', 'FP1_016'),
('HERO_01', 'FP1_017'),
('HERO_02', 'FP1_017'),
('HERO_03', 'FP1_017'),
('HERO_04', 'FP1_017'),
('HERO_05', 'FP1_017'),
('HERO_06', 'FP1_017'),
('HERO_07', 'FP1_017'),
('HERO_08', 'FP1_017'),
('HERO_09', 'FP1_017'),
('HERO_08', 'FP1_018'),
('HERO_06', 'FP1_019'),
('HERO_04', 'FP1_020'),
('HERO_01', 'FP1_021'),
('HERO_07', 'FP1_022'),
('HERO_09', 'FP1_023'),
('HERO_01', 'FP1_024'),
('HERO_02', 'FP1_024'),
('HERO_03', 'FP1_024'),
('HERO_04', 'FP1_024'),
('HERO_05', 'FP1_024'),
('HERO_06', 'FP1_024'),
('HERO_07', 'FP1_024'),
('HERO_08', 'FP1_024'),
('HERO_09', 'FP1_024'),
('HERO_02', 'FP1_025'),
('HERO_03', 'FP1_026'),
('HERO_01', 'FP1_027'),
('HERO_02', 'FP1_027'),
('HERO_03', 'FP1_027'),
('HERO_04', 'FP1_027'),
('HERO_05', 'FP1_027'),
('HERO_06', 'FP1_027'),
('HERO_07', 'FP1_027'),
('HERO_08', 'FP1_027'),
('HERO_09', 'FP1_027'),
('HERO_01', 'FP1_028'),
('HERO_02', 'FP1_028'),
('HERO_03', 'FP1_028'),
('HERO_04', 'FP1_028'),
('HERO_05', 'FP1_028'),
('HERO_06', 'FP1_028'),
('HERO_07', 'FP1_028'),
('HERO_08', 'FP1_028'),
('HERO_09', 'FP1_028'),
('HERO_01', 'FP1_029'),
('HERO_02', 'FP1_029'),
('HERO_03', 'FP1_029'),
('HERO_04', 'FP1_029'),
('HERO_05', 'FP1_029'),
('HERO_06', 'FP1_029'),
('HERO_07', 'FP1_029'),
('HERO_08', 'FP1_029'),
('HERO_09', 'FP1_029'),
('HERO_01', 'FP1_030'),
('HERO_02', 'FP1_030'),
('HERO_03', 'FP1_030'),
('HERO_04', 'FP1_030'),
('HERO_05', 'FP1_030'),
('HERO_06', 'FP1_030'),
('HERO_07', 'FP1_030'),
('HERO_08', 'FP1_030'),
('HERO_09', 'FP1_030'),
('HERO_01', 'FP1_031'),
('HERO_02', 'FP1_031'),
('HERO_03', 'FP1_031'),
('HERO_04', 'FP1_031'),
('HERO_05', 'FP1_031'),
('HERO_06', 'FP1_031'),
('HERO_07', 'FP1_031'),
('HERO_08', 'FP1_031'),
('HERO_09', 'FP1_031'),
('HERO_08', 'GVG_001'),
('HERO_08', 'GVG_002'),
('HERO_08', 'GVG_003'),
('HERO_08', 'GVG_004'),
('HERO_08', 'GVG_005'),
('HERO_01', 'GVG_006'),
('HERO_02', 'GVG_006'),
('HERO_03', 'GVG_006'),
('HERO_04', 'GVG_006'),
('HERO_05', 'GVG_006'),
('HERO_06', 'GVG_006'),
('HERO_07', 'GVG_006'),
('HERO_08', 'GVG_006'),
('HERO_09', 'GVG_006'),
('HERO_08', 'GVG_007'),
('HERO_09', 'GVG_008'),
('HERO_09', 'GVG_009'),
('HERO_09', 'GVG_010'),
('HERO_09', 'GVG_011'),
('HERO_09', 'GVG_012'),
('HERO_01', 'GVG_013'),
('HERO_02', 'GVG_013'),
('HERO_03', 'GVG_013'),
('HERO_04', 'GVG_013'),
('HERO_05', 'GVG_013'),
('HERO_06', 'GVG_013'),
('HERO_07', 'GVG_013'),
('HERO_08', 'GVG_013'),
('HERO_09', 'GVG_013'),
('HERO_09', 'GVG_014'),
('HERO_07', 'GVG_015'),
('HERO_01', 'GVG_016'),
('HERO_02', 'GVG_016'),
('HERO_03', 'GVG_016'),
('HERO_04', 'GVG_016'),
('HERO_05', 'GVG_016'),
('HERO_06', 'GVG_016'),
('HERO_07', 'GVG_016'),
('HERO_08', 'GVG_016'),
('HERO_09', 'GVG_016'),
('HERO_05', 'GVG_017'),
('HERO_07', 'GVG_018'),
('HERO_07', 'GVG_019'),
('HERO_07', 'GVG_020'),
('HERO_07', 'GVG_021'),
('HERO_03', 'GVG_022'),
('HERO_03', 'GVG_023'),
('HERO_03', 'GVG_024'),
('HERO_03', 'GVG_025'),
('HERO_05', 'GVG_026'),
('HERO_03', 'GVG_027'),
('HERO_03', 'GVG_028'),
('HERO_02', 'GVG_029'),
('HERO_06', 'GVG_030'),
('HERO_06', 'GVG_031'),
('HERO_06', 'GVG_032'),
('HERO_06', 'GVG_033'),
('HERO_06', 'GVG_034'),
('HERO_06', 'GVG_035'),
('HERO_02', 'GVG_036'),
('HERO_02', 'GVG_037'),
('HERO_02', 'GVG_038'),
('HERO_02', 'GVG_039'),
('HERO_02', 'GVG_040'),
('HERO_06', 'GVG_041'),
('HERO_02', 'GVG_042'),
('HERO_05', 'GVG_043'),
('HERO_01', 'GVG_044'),
('HERO_02', 'GVG_044'),
('HERO_03', 'GVG_044'),
('HERO_04', 'GVG_044'),
('HERO_05', 'GVG_044'),
('HERO_06', 'GVG_044'),
('HERO_07', 'GVG_044'),
('HERO_08', 'GVG_044'),
('HERO_09', 'GVG_044'),
('HERO_07', 'GVG_045'),
('HERO_05', 'GVG_046'),
('HERO_03', 'GVG_047'),
('HERO_05', 'GVG_048'),
('HERO_05', 'GVG_049'),
('HERO_01', 'GVG_050'),
('HERO_01', 'GVG_051'),
('HERO_01', 'GVG_052'),
('HERO_01', 'GVG_053'),
('HERO_01', 'GVG_054'),
('HERO_01', 'GVG_055'),
('HERO_01', 'GVG_056'),
('HERO_04', 'GVG_057'),
('HERO_04', 'GVG_058'),
('HERO_04', 'GVG_059'),
('HERO_04', 'GVG_060'),
('HERO_04', 'GVG_061'),
('HERO_04', 'GVG_062'),
('HERO_04', 'GVG_063'),
('HERO_01', 'GVG_064'),
('HERO_02', 'GVG_064'),
('HERO_03', 'GVG_064'),
('HERO_04', 'GVG_064'),
('HERO_05', 'GVG_064'),
('HERO_06', 'GVG_064'),
('HERO_07', 'GVG_064'),
('HERO_08', 'GVG_064'),
('HERO_09', 'GVG_064'),
('HERO_01', 'GVG_065'),
('HERO_02', 'GVG_065'),
('HERO_03', 'GVG_065'),
('HERO_04', 'GVG_065'),
('HERO_05', 'GVG_065'),
('HERO_06', 'GVG_065'),
('HERO_07', 'GVG_065'),
('HERO_08', 'GVG_065'),
('HERO_09', 'GVG_065'),
('HERO_02', 'GVG_066'),
('HERO_01', 'GVG_067'),
('HERO_02', 'GVG_067'),
('HERO_03', 'GVG_067'),
('HERO_04', 'GVG_067'),
('HERO_05', 'GVG_067'),
('HERO_06', 'GVG_067'),
('HERO_07', 'GVG_067'),
('HERO_08', 'GVG_067'),
('HERO_09', 'GVG_067'),
('HERO_01', 'GVG_068'),
('HERO_02', 'GVG_068'),
('HERO_03', 'GVG_068'),
('HERO_04', 'GVG_068'),
('HERO_05', 'GVG_068'),
('HERO_06', 'GVG_068'),
('HERO_07', 'GVG_068'),
('HERO_08', 'GVG_068'),
('HERO_09', 'GVG_068'),
('HERO_01', 'GVG_069'),
('HERO_02', 'GVG_069'),
('HERO_03', 'GVG_069'),
('HERO_04', 'GVG_069'),
('HERO_05', 'GVG_069'),
('HERO_06', 'GVG_069'),
('HERO_07', 'GVG_069'),
('HERO_08', 'GVG_069'),
('HERO_09', 'GVG_069'),
('HERO_01', 'GVG_070'),
('HERO_02', 'GVG_070'),
('HERO_03', 'GVG_070'),
('HERO_04', 'GVG_070'),
('HERO_05', 'GVG_070'),
('HERO_06', 'GVG_070'),
('HERO_07', 'GVG_070'),
('HERO_08', 'GVG_070'),
('HERO_09', 'GVG_070'),
('HERO_01', 'GVG_071'),
('HERO_02', 'GVG_071'),
('HERO_03', 'GVG_071'),
('HERO_04', 'GVG_071'),
('HERO_05', 'GVG_071'),
('HERO_06', 'GVG_071'),
('HERO_07', 'GVG_071'),
('HERO_08', 'GVG_071'),
('HERO_09', 'GVG_071'),
('HERO_09', 'GVG_072'),
('HERO_05', 'GVG_073'),
('HERO_01', 'GVG_074'),
('HERO_02', 'GVG_074'),
('HERO_03', 'GVG_074'),
('HERO_04', 'GVG_074'),
('HERO_05', 'GVG_074'),
('HERO_06', 'GVG_074'),
('HERO_07', 'GVG_074'),
('HERO_08', 'GVG_074'),
('HERO_09', 'GVG_074'),
('HERO_01', 'GVG_075'),
('HERO_02', 'GVG_075'),
('HERO_03', 'GVG_075'),
('HERO_04', 'GVG_075'),
('HERO_05', 'GVG_075'),
('HERO_06', 'GVG_075'),
('HERO_07', 'GVG_075'),
('HERO_08', 'GVG_075'),
('HERO_09', 'GVG_075'),
('HERO_01', 'GVG_076'),
('HERO_02', 'GVG_076'),
('HERO_03', 'GVG_076'),
('HERO_04', 'GVG_076'),
('HERO_05', 'GVG_076'),
('HERO_06', 'GVG_076'),
('HERO_07', 'GVG_076'),
('HERO_08', 'GVG_076'),
('HERO_09', 'GVG_076'),
('HERO_07', 'GVG_077'),
('HERO_01', 'GVG_078'),
('HERO_02', 'GVG_078'),
('HERO_03', 'GVG_078'),
('HERO_04', 'GVG_078'),
('HERO_05', 'GVG_078'),
('HERO_06', 'GVG_078'),
('HERO_07', 'GVG_078'),
('HERO_08', 'GVG_078'),
('HERO_09', 'GVG_078'),
('HERO_01', 'GVG_079'),
('HERO_02', 'GVG_079'),
('HERO_03', 'GVG_079'),
('HERO_04', 'GVG_079'),
('HERO_05', 'GVG_079'),
('HERO_06', 'GVG_079'),
('HERO_07', 'GVG_079'),
('HERO_08', 'GVG_079'),
('HERO_09', 'GVG_079'),
('HERO_06', 'GVG_080'),
('HERO_01', 'GVG_081'),
('HERO_02', 'GVG_081'),
('HERO_03', 'GVG_081'),
('HERO_04', 'GVG_081'),
('HERO_05', 'GVG_081'),
('HERO_06', 'GVG_081'),
('HERO_07', 'GVG_081'),
('HERO_08', 'GVG_081'),
('HERO_09', 'GVG_081'),
('HERO_01', 'GVG_082'),
('HERO_02', 'GVG_082'),
('HERO_03', 'GVG_082'),
('HERO_04', 'GVG_082'),
('HERO_05', 'GVG_082'),
('HERO_06', 'GVG_082'),
('HERO_07', 'GVG_082'),
('HERO_08', 'GVG_082'),
('HERO_09', 'GVG_082'),
('HERO_09', 'GVG_083'),
('HERO_01', 'GVG_084'),
('HERO_02', 'GVG_084'),
('HERO_03', 'GVG_084'),
('HERO_04', 'GVG_084'),
('HERO_05', 'GVG_084'),
('HERO_06', 'GVG_084'),
('HERO_07', 'GVG_084'),
('HERO_08', 'GVG_084'),
('HERO_09', 'GVG_084'),
('HERO_01', 'GVG_085'),
('HERO_02', 'GVG_085'),
('HERO_03', 'GVG_085'),
('HERO_04', 'GVG_085'),
('HERO_05', 'GVG_085'),
('HERO_06', 'GVG_085'),
('HERO_07', 'GVG_085'),
('HERO_08', 'GVG_085'),
('HERO_09', 'GVG_085'),
('HERO_01', 'GVG_086'),
('HERO_05', 'GVG_087'),
('HERO_03', 'GVG_088'),
('HERO_01', 'GVG_089'),
('HERO_02', 'GVG_089'),
('HERO_03', 'GVG_089'),
('HERO_04', 'GVG_089'),
('HERO_05', 'GVG_089'),
('HERO_06', 'GVG_089'),
('HERO_07', 'GVG_089'),
('HERO_08', 'GVG_089'),
('HERO_09', 'GVG_089'),
('HERO_01', 'GVG_090'),
('HERO_02', 'GVG_090'),
('HERO_03', 'GVG_090'),
('HERO_04', 'GVG_090'),
('HERO_05', 'GVG_090'),
('HERO_06', 'GVG_090'),
('HERO_07', 'GVG_090'),
('HERO_08', 'GVG_090'),
('HERO_09', 'GVG_090'),
('HERO_01', 'GVG_091'),
('HERO_02', 'GVG_091'),
('HERO_03', 'GVG_091'),
('HERO_04', 'GVG_091'),
('HERO_05', 'GVG_091'),
('HERO_06', 'GVG_091'),
('HERO_07', 'GVG_091'),
('HERO_08', 'GVG_091'),
('HERO_09', 'GVG_091'),
('HERO_01', 'GVG_092'),
('HERO_02', 'GVG_092'),
('HERO_03', 'GVG_092'),
('HERO_04', 'GVG_092'),
('HERO_05', 'GVG_092'),
('HERO_06', 'GVG_092'),
('HERO_07', 'GVG_092'),
('HERO_08', 'GVG_092'),
('HERO_09', 'GVG_092'),
('HERO_01', 'GVG_093'),
('HERO_02', 'GVG_093'),
('HERO_03', 'GVG_093'),
('HERO_04', 'GVG_093'),
('HERO_05', 'GVG_093'),
('HERO_06', 'GVG_093'),
('HERO_07', 'GVG_093'),
('HERO_08', 'GVG_093'),
('HERO_09', 'GVG_093'),
('HERO_01', 'GVG_094'),
('HERO_02', 'GVG_094'),
('HERO_03', 'GVG_094'),
('HERO_04', 'GVG_094'),
('HERO_05', 'GVG_094'),
('HERO_06', 'GVG_094'),
('HERO_07', 'GVG_094'),
('HERO_08', 'GVG_094'),
('HERO_09', 'GVG_094'),
('HERO_01', 'GVG_095'),
('HERO_02', 'GVG_095'),
('HERO_03', 'GVG_095'),
('HERO_04', 'GVG_095'),
('HERO_05', 'GVG_095'),
('HERO_06', 'GVG_095'),
('HERO_07', 'GVG_095'),
('HERO_08', 'GVG_095'),
('HERO_09', 'GVG_095'),
('HERO_01', 'GVG_096'),
('HERO_02', 'GVG_096'),
('HERO_03', 'GVG_096'),
('HERO_04', 'GVG_096'),
('HERO_05', 'GVG_096'),
('HERO_06', 'GVG_096'),
('HERO_07', 'GVG_096'),
('HERO_08', 'GVG_096'),
('HERO_09', 'GVG_096'),
('HERO_01', 'GVG_097'),
('HERO_02', 'GVG_097'),
('HERO_03', 'GVG_097'),
('HERO_04', 'GVG_097'),
('HERO_05', 'GVG_097'),
('HERO_06', 'GVG_097'),
('HERO_07', 'GVG_097'),
('HERO_08', 'GVG_097'),
('HERO_09', 'GVG_097'),
('HERO_01', 'GVG_098'),
('HERO_02', 'GVG_098'),
('HERO_03', 'GVG_098'),
('HERO_04', 'GVG_098'),
('HERO_05', 'GVG_098'),
('HERO_06', 'GVG_098'),
('HERO_07', 'GVG_098'),
('HERO_08', 'GVG_098'),
('HERO_09', 'GVG_098'),
('HERO_01', 'GVG_099'),
('HERO_02', 'GVG_099'),
('HERO_03', 'GVG_099'),
('HERO_04', 'GVG_099'),
('HERO_05', 'GVG_099'),
('HERO_06', 'GVG_099'),
('HERO_07', 'GVG_099'),
('HERO_08', 'GVG_099'),
('HERO_09', 'GVG_099'),
('HERO_07', 'GVG_100'),
('HERO_04', 'GVG_101'),
('HERO_01', 'GVG_102'),
('HERO_02', 'GVG_102'),
('HERO_03', 'GVG_102'),
('HERO_04', 'GVG_102'),
('HERO_05', 'GVG_102'),
('HERO_06', 'GVG_102'),
('HERO_07', 'GVG_102'),
('HERO_08', 'GVG_102'),
('HERO_09', 'GVG_102'),
('HERO_01', 'GVG_103'),
('HERO_02', 'GVG_103'),
('HERO_03', 'GVG_103'),
('HERO_04', 'GVG_103'),
('HERO_05', 'GVG_103'),
('HERO_06', 'GVG_103'),
('HERO_07', 'GVG_103'),
('HERO_08', 'GVG_103'),
('HERO_09', 'GVG_103'),
('HERO_01', 'GVG_104'),
('HERO_02', 'GVG_104'),
('HERO_03', 'GVG_104'),
('HERO_04', 'GVG_104'),
('HERO_05', 'GVG_104'),
('HERO_06', 'GVG_104'),
('HERO_07', 'GVG_104'),
('HERO_08', 'GVG_104'),
('HERO_09', 'GVG_104'),
('HERO_01', 'GVG_105'),
('HERO_02', 'GVG_105'),
('HERO_03', 'GVG_105'),
('HERO_04', 'GVG_105'),
('HERO_05', 'GVG_105'),
('HERO_06', 'GVG_105'),
('HERO_07', 'GVG_105'),
('HERO_08', 'GVG_105'),
('HERO_09', 'GVG_105'),
('HERO_01', 'GVG_106'),
('HERO_02', 'GVG_106'),
('HERO_03', 'GVG_106'),
('HERO_04', 'GVG_106'),
('HERO_05', 'GVG_106'),
('HERO_06', 'GVG_106'),
('HERO_07', 'GVG_106'),
('HERO_08', 'GVG_106'),
('HERO_09', 'GVG_106'),
('HERO_01', 'GVG_107'),
('HERO_02', 'GVG_107'),
('HERO_03', 'GVG_107'),
('HERO_04', 'GVG_107'),
('HERO_05', 'GVG_107'),
('HERO_06', 'GVG_107'),
('HERO_07', 'GVG_107'),
('HERO_08', 'GVG_107'),
('HERO_09', 'GVG_107'),
('HERO_01', 'GVG_108'),
('HERO_02', 'GVG_108'),
('HERO_03', 'GVG_108'),
('HERO_04', 'GVG_108'),
('HERO_05', 'GVG_108'),
('HERO_06', 'GVG_108'),
('HERO_07', 'GVG_108'),
('HERO_08', 'GVG_108'),
('HERO_09', 'GVG_108'),
('HERO_01', 'GVG_109'),
('HERO_02', 'GVG_109'),
('HERO_03', 'GVG_109'),
('HERO_04', 'GVG_109'),
('HERO_05', 'GVG_109'),
('HERO_06', 'GVG_109'),
('HERO_07', 'GVG_109'),
('HERO_08', 'GVG_109'),
('HERO_09', 'GVG_109'),
('HERO_01', 'GVG_110'),
('HERO_02', 'GVG_110'),
('HERO_03', 'GVG_110'),
('HERO_04', 'GVG_110'),
('HERO_05', 'GVG_110'),
('HERO_06', 'GVG_110'),
('HERO_07', 'GVG_110'),
('HERO_08', 'GVG_110'),
('HERO_09', 'GVG_110'),
('HERO_01', 'GVG_111'),
('HERO_02', 'GVG_111'),
('HERO_03', 'GVG_111'),
('HERO_04', 'GVG_111'),
('HERO_05', 'GVG_111'),
('HERO_06', 'GVG_111'),
('HERO_07', 'GVG_111'),
('HERO_08', 'GVG_111'),
('HERO_09', 'GVG_111'),
('HERO_01', 'GVG_112'),
('HERO_02', 'GVG_112'),
('HERO_03', 'GVG_112'),
('HERO_04', 'GVG_112'),
('HERO_05', 'GVG_112'),
('HERO_06', 'GVG_112'),
('HERO_07', 'GVG_112'),
('HERO_08', 'GVG_112'),
('HERO_09', 'GVG_112'),
('HERO_01', 'GVG_113'),
('HERO_02', 'GVG_113'),
('HERO_03', 'GVG_113'),
('HERO_04', 'GVG_113'),
('HERO_05', 'GVG_113'),
('HERO_06', 'GVG_113'),
('HERO_07', 'GVG_113'),
('HERO_08', 'GVG_113'),
('HERO_09', 'GVG_113'),
('HERO_01', 'GVG_114'),
('HERO_02', 'GVG_114'),
('HERO_03', 'GVG_114'),
('HERO_04', 'GVG_114'),
('HERO_05', 'GVG_114'),
('HERO_06', 'GVG_114'),
('HERO_07', 'GVG_114'),
('HERO_08', 'GVG_114'),
('HERO_09', 'GVG_114'),
('HERO_01', 'GVG_115'),
('HERO_02', 'GVG_115'),
('HERO_03', 'GVG_115'),
('HERO_04', 'GVG_115'),
('HERO_05', 'GVG_115'),
('HERO_06', 'GVG_115'),
('HERO_07', 'GVG_115'),
('HERO_08', 'GVG_115'),
('HERO_09', 'GVG_115'),
('HERO_01', 'GVG_116'),
('HERO_02', 'GVG_116'),
('HERO_03', 'GVG_116'),
('HERO_04', 'GVG_116'),
('HERO_05', 'GVG_116'),
('HERO_06', 'GVG_116'),
('HERO_07', 'GVG_116'),
('HERO_08', 'GVG_116'),
('HERO_09', 'GVG_116'),
('HERO_01', 'GVG_117'),
('HERO_02', 'GVG_117'),
('HERO_03', 'GVG_117'),
('HERO_04', 'GVG_117'),
('HERO_05', 'GVG_117'),
('HERO_06', 'GVG_117'),
('HERO_07', 'GVG_117'),
('HERO_08', 'GVG_117'),
('HERO_09', 'GVG_117'),
('HERO_01', 'GVG_118'),
('HERO_02', 'GVG_118'),
('HERO_03', 'GVG_118'),
('HERO_04', 'GVG_118'),
('HERO_05', 'GVG_118'),
('HERO_06', 'GVG_118'),
('HERO_07', 'GVG_118'),
('HERO_08', 'GVG_118'),
('HERO_09', 'GVG_118'),
('HERO_01', 'GVG_119'),
('HERO_02', 'GVG_119'),
('HERO_03', 'GVG_119'),
('HERO_04', 'GVG_119'),
('HERO_05', 'GVG_119'),
('HERO_06', 'GVG_119'),
('HERO_07', 'GVG_119'),
('HERO_08', 'GVG_119'),
('HERO_09', 'GVG_119'),
('HERO_01', 'GVG_120'),
('HERO_02', 'GVG_120'),
('HERO_03', 'GVG_120'),
('HERO_04', 'GVG_120'),
('HERO_05', 'GVG_120'),
('HERO_06', 'GVG_120'),
('HERO_07', 'GVG_120'),
('HERO_08', 'GVG_120'),
('HERO_09', 'GVG_120'),
('HERO_01', 'GVG_121'),
('HERO_02', 'GVG_121'),
('HERO_03', 'GVG_121'),
('HERO_04', 'GVG_121'),
('HERO_05', 'GVG_121'),
('HERO_06', 'GVG_121'),
('HERO_07', 'GVG_121'),
('HERO_08', 'GVG_121'),
('HERO_09', 'GVG_121'),
('HERO_08', 'GVG_122'),
('HERO_08', 'GVG_123'),
('HERO_05', 'KAR_004'),
('HERO_05', 'KAR_005'),
('HERO_05', 'KAR_006'),
('HERO_08', 'KAR_009'),
('HERO_04', 'KAR_010'),
('HERO_01', 'KAR_011'),
('HERO_02', 'KAR_011'),
('HERO_03', 'KAR_011'),
('HERO_04', 'KAR_011'),
('HERO_05', 'KAR_011'),
('HERO_06', 'KAR_011'),
('HERO_07', 'KAR_011'),
('HERO_08', 'KAR_011'),
('HERO_09', 'KAR_011'),
('HERO_09', 'KAR_013'),
('HERO_02', 'KAR_021'),
('HERO_07', 'KAR_025'),
('HERO_01', 'KAR_026'),
('HERO_01', 'KAR_028'),
('HERO_01', 'KAR_029'),
('HERO_02', 'KAR_029'),
('HERO_03', 'KAR_029'),
('HERO_04', 'KAR_029'),
('HERO_05', 'KAR_029'),
('HERO_06', 'KAR_029'),
('HERO_07', 'KAR_029'),
('HERO_08', 'KAR_029'),
('HERO_09', 'KAR_029'),
('HERO_01', 'KAR_030a'),
('HERO_02', 'KAR_030a'),
('HERO_03', 'KAR_030a'),
('HERO_04', 'KAR_030a'),
('HERO_05', 'KAR_030a'),
('HERO_06', 'KAR_030a'),
('HERO_07', 'KAR_030a'),
('HERO_08', 'KAR_030a'),
('HERO_09', 'KAR_030a'),
('HERO_01', 'KAR_033'),
('HERO_02', 'KAR_033'),
('HERO_03', 'KAR_033'),
('HERO_04', 'KAR_033'),
('HERO_05', 'KAR_033'),
('HERO_06', 'KAR_033'),
('HERO_07', 'KAR_033'),
('HERO_08', 'KAR_033'),
('HERO_09', 'KAR_033'),
('HERO_09', 'KAR_035'),
('HERO_01', 'KAR_036'),
('HERO_02', 'KAR_036'),
('HERO_03', 'KAR_036'),
('HERO_04', 'KAR_036'),
('HERO_05', 'KAR_036'),
('HERO_06', 'KAR_036'),
('HERO_07', 'KAR_036'),
('HERO_08', 'KAR_036'),
('HERO_09', 'KAR_036'),
('HERO_01', 'KAR_037'),
('HERO_02', 'KAR_037'),
('HERO_03', 'KAR_037'),
('HERO_04', 'KAR_037'),
('HERO_05', 'KAR_037'),
('HERO_06', 'KAR_037'),
('HERO_07', 'KAR_037'),
('HERO_08', 'KAR_037'),
('HERO_09', 'KAR_037'),
('HERO_01', 'KAR_041'),
('HERO_02', 'KAR_041'),
('HERO_03', 'KAR_041'),
('HERO_04', 'KAR_041'),
('HERO_05', 'KAR_041'),
('HERO_06', 'KAR_041'),
('HERO_07', 'KAR_041'),
('HERO_08', 'KAR_041'),
('HERO_09', 'KAR_041'),
('HERO_01', 'KAR_044'),
('HERO_02', 'KAR_044'),
('HERO_03', 'KAR_044'),
('HERO_04', 'KAR_044'),
('HERO_05', 'KAR_044'),
('HERO_06', 'KAR_044'),
('HERO_07', 'KAR_044'),
('HERO_08', 'KAR_044'),
('HERO_09', 'KAR_044'),
('HERO_04', 'KAR_057'),
('HERO_01', 'KAR_061'),
('HERO_02', 'KAR_061'),
('HERO_03', 'KAR_061'),
('HERO_04', 'KAR_061'),
('HERO_05', 'KAR_061'),
('HERO_06', 'KAR_061'),
('HERO_07', 'KAR_061'),
('HERO_08', 'KAR_061'),
('HERO_09', 'KAR_061'),
('HERO_01', 'KAR_062'),
('HERO_02', 'KAR_062'),
('HERO_03', 'KAR_062'),
('HERO_04', 'KAR_062'),
('HERO_05', 'KAR_062'),
('HERO_06', 'KAR_062'),
('HERO_07', 'KAR_062'),
('HERO_08', 'KAR_062'),
('HERO_09', 'KAR_062'),
('HERO_02', 'KAR_063'),
('HERO_06', 'KAR_065'),
('HERO_03', 'KAR_069'),
('HERO_03', 'KAR_070'),
('HERO_02', 'KAR_073'),
('HERO_06', 'KAR_075'),
('HERO_08', 'KAR_076'),
('HERO_04', 'KAR_077'),
('HERO_07', 'KAR_089'),
('HERO_01', 'KAR_091'),
('HERO_08', 'KAR_092'),
('HERO_03', 'KAR_094'),
('HERO_01', 'KAR_095'),
('HERO_02', 'KAR_095'),
('HERO_03', 'KAR_095'),
('HERO_04', 'KAR_095'),
('HERO_05', 'KAR_095'),
('HERO_06', 'KAR_095'),
('HERO_07', 'KAR_095'),
('HERO_08', 'KAR_095'),
('HERO_09', 'KAR_095'),
('HERO_01', 'KAR_096'),
('HERO_02', 'KAR_096'),
('HERO_03', 'KAR_096'),
('HERO_04', 'KAR_096'),
('HERO_05', 'KAR_096'),
('HERO_06', 'KAR_096'),
('HERO_07', 'KAR_096'),
('HERO_08', 'KAR_096'),
('HERO_09', 'KAR_096'),
('HERO_01', 'KAR_097'),
('HERO_02', 'KAR_097'),
('HERO_03', 'KAR_097'),
('HERO_04', 'KAR_097'),
('HERO_05', 'KAR_097'),
('HERO_06', 'KAR_097'),
('HERO_07', 'KAR_097'),
('HERO_08', 'KAR_097'),
('HERO_09', 'KAR_097'),
('HERO_01', 'KAR_114'),
('HERO_02', 'KAR_114'),
('HERO_03', 'KAR_114'),
('HERO_04', 'KAR_114'),
('HERO_05', 'KAR_114'),
('HERO_06', 'KAR_114'),
('HERO_07', 'KAR_114'),
('HERO_08', 'KAR_114'),
('HERO_09', 'KAR_114'),
('HERO_09', 'KAR_204'),
('HERO_07', 'KAR_205'),
('HERO_06', 'KAR_300'),
('HERO_01', 'KAR_702'),
('HERO_02', 'KAR_702'),
('HERO_03', 'KAR_702'),
('HERO_04', 'KAR_702'),
('HERO_05', 'KAR_702'),
('HERO_06', 'KAR_702'),
('HERO_07', 'KAR_702'),
('HERO_08', 'KAR_702'),
('HERO_09', 'KAR_702'),
('HERO_01', 'KAR_710'),
('HERO_02', 'KAR_710'),
('HERO_03', 'KAR_710'),
('HERO_04', 'KAR_710'),
('HERO_05', 'KAR_710'),
('HERO_06', 'KAR_710'),
('HERO_07', 'KAR_710'),
('HERO_08', 'KAR_710'),
('HERO_09', 'KAR_710'),
('HERO_01', 'KAR_711'),
('HERO_02', 'KAR_711'),
('HERO_03', 'KAR_711'),
('HERO_04', 'KAR_711'),
('HERO_05', 'KAR_711'),
('HERO_06', 'KAR_711'),
('HERO_07', 'KAR_711'),
('HERO_08', 'KAR_711'),
('HERO_09', 'KAR_711'),
('HERO_01', 'KAR_712'),
('HERO_02', 'KAR_712'),
('HERO_03', 'KAR_712'),
('HERO_04', 'KAR_712'),
('HERO_05', 'KAR_712'),
('HERO_06', 'KAR_712'),
('HERO_07', 'KAR_712'),
('HERO_08', 'KAR_712'),
('HERO_09', 'KAR_712'),
('HERO_01', 'LOEA10_3'),
('HERO_02', 'LOEA10_3'),
('HERO_03', 'LOEA10_3'),
('HERO_04', 'LOEA10_3'),
('HERO_05', 'LOEA10_3'),
('HERO_06', 'LOEA10_3'),
('HERO_07', 'LOEA10_3'),
('HERO_08', 'LOEA10_3'),
('HERO_09', 'LOEA10_3'),
('HERO_08', 'LOE_002'),
('HERO_08', 'LOE_003'),
('HERO_09', 'LOE_006'),
('HERO_07', 'LOE_007'),
('HERO_01', 'LOE_009'),
('HERO_03', 'LOE_010'),
('HERO_01', 'LOE_011'),
('HERO_02', 'LOE_011'),
('HERO_03', 'LOE_011'),
('HERO_04', 'LOE_011'),
('HERO_05', 'LOE_011'),
('HERO_06', 'LOE_011'),
('HERO_07', 'LOE_011'),
('HERO_08', 'LOE_011'),
('HERO_09', 'LOE_011'),
('HERO_03', 'LOE_012'),
('HERO_02', 'LOE_016'),
('HERO_04', 'LOE_017'),
('HERO_02', 'LOE_018'),
('HERO_03', 'LOE_019'),
('HERO_05', 'LOE_020'),
('HERO_05', 'LOE_021'),
('HERO_01', 'LOE_022'),
('HERO_07', 'LOE_023'),
('HERO_04', 'LOE_026'),
('HERO_04', 'LOE_027'),
('HERO_01', 'LOE_029'),
('HERO_02', 'LOE_029'),
('HERO_03', 'LOE_029'),
('HERO_04', 'LOE_029'),
('HERO_05', 'LOE_029'),
('HERO_06', 'LOE_029'),
('HERO_07', 'LOE_029'),
('HERO_08', 'LOE_029'),
('HERO_09', 'LOE_029'),
('HERO_01', 'LOE_038'),
('HERO_02', 'LOE_038'),
('HERO_03', 'LOE_038'),
('HERO_04', 'LOE_038'),
('HERO_05', 'LOE_038'),
('HERO_06', 'LOE_038'),
('HERO_07', 'LOE_038'),
('HERO_08', 'LOE_038'),
('HERO_09', 'LOE_038'),
('HERO_01', 'LOE_039'),
('HERO_02', 'LOE_039'),
('HERO_03', 'LOE_039'),
('HERO_04', 'LOE_039'),
('HERO_05', 'LOE_039'),
('HERO_06', 'LOE_039'),
('HERO_07', 'LOE_039'),
('HERO_08', 'LOE_039'),
('HERO_09', 'LOE_039'),
('HERO_01', 'LOE_046'),
('HERO_02', 'LOE_046'),
('HERO_03', 'LOE_046'),
('HERO_04', 'LOE_046'),
('HERO_05', 'LOE_046'),
('HERO_06', 'LOE_046'),
('HERO_07', 'LOE_046'),
('HERO_08', 'LOE_046'),
('HERO_09', 'LOE_046'),
('HERO_01', 'LOE_047'),
('HERO_02', 'LOE_047'),
('HERO_03', 'LOE_047'),
('HERO_04', 'LOE_047'),
('HERO_05', 'LOE_047'),
('HERO_06', 'LOE_047'),
('HERO_07', 'LOE_047'),
('HERO_08', 'LOE_047'),
('HERO_09', 'LOE_047'),
('HERO_06', 'LOE_050'),
('HERO_06', 'LOE_051'),
('HERO_01', 'LOE_053'),
('HERO_02', 'LOE_053'),
('HERO_03', 'LOE_053'),
('HERO_04', 'LOE_053'),
('HERO_05', 'LOE_053'),
('HERO_06', 'LOE_053'),
('HERO_07', 'LOE_053'),
('HERO_08', 'LOE_053'),
('HERO_09', 'LOE_053'),
('HERO_01', 'LOE_061'),
('HERO_02', 'LOE_061'),
('HERO_03', 'LOE_061'),
('HERO_04', 'LOE_061'),
('HERO_05', 'LOE_061'),
('HERO_06', 'LOE_061'),
('HERO_07', 'LOE_061'),
('HERO_08', 'LOE_061'),
('HERO_09', 'LOE_061'),
('HERO_01', 'LOE_073'),
('HERO_02', 'LOE_073'),
('HERO_03', 'LOE_073'),
('HERO_04', 'LOE_073'),
('HERO_05', 'LOE_073'),
('HERO_06', 'LOE_073'),
('HERO_07', 'LOE_073'),
('HERO_08', 'LOE_073'),
('HERO_09', 'LOE_073'),
('HERO_01', 'LOE_076'),
('HERO_02', 'LOE_076'),
('HERO_03', 'LOE_076'),
('HERO_04', 'LOE_076'),
('HERO_05', 'LOE_076'),
('HERO_06', 'LOE_076'),
('HERO_07', 'LOE_076'),
('HERO_08', 'LOE_076'),
('HERO_09', 'LOE_076'),
('HERO_01', 'LOE_077'),
('HERO_02', 'LOE_077'),
('HERO_03', 'LOE_077'),
('HERO_04', 'LOE_077'),
('HERO_05', 'LOE_077'),
('HERO_06', 'LOE_077'),
('HERO_07', 'LOE_077'),
('HERO_08', 'LOE_077'),
('HERO_09', 'LOE_077'),
('HERO_01', 'LOE_079'),
('HERO_02', 'LOE_079'),
('HERO_03', 'LOE_079'),
('HERO_04', 'LOE_079'),
('HERO_05', 'LOE_079'),
('HERO_06', 'LOE_079'),
('HERO_07', 'LOE_079'),
('HERO_08', 'LOE_079'),
('HERO_09', 'LOE_079'),
('HERO_01', 'LOE_086'),
('HERO_02', 'LOE_086'),
('HERO_03', 'LOE_086'),
('HERO_04', 'LOE_086'),
('HERO_05', 'LOE_086'),
('HERO_06', 'LOE_086'),
('HERO_07', 'LOE_086'),
('HERO_08', 'LOE_086'),
('HERO_09', 'LOE_086'),
('HERO_01', 'LOE_089'),
('HERO_02', 'LOE_089'),
('HERO_03', 'LOE_089'),
('HERO_04', 'LOE_089'),
('HERO_05', 'LOE_089'),
('HERO_06', 'LOE_089'),
('HERO_07', 'LOE_089'),
('HERO_08', 'LOE_089'),
('HERO_09', 'LOE_089'),
('HERO_01', 'LOE_092'),
('HERO_02', 'LOE_092'),
('HERO_03', 'LOE_092'),
('HERO_04', 'LOE_092'),
('HERO_05', 'LOE_092'),
('HERO_06', 'LOE_092'),
('HERO_07', 'LOE_092'),
('HERO_08', 'LOE_092'),
('HERO_09', 'LOE_092'),
('HERO_09', 'LOE_104'),
('HERO_05', 'LOE_105'),
('HERO_01', 'LOE_107'),
('HERO_02', 'LOE_107'),
('HERO_03', 'LOE_107'),
('HERO_04', 'LOE_107'),
('HERO_05', 'LOE_107'),
('HERO_06', 'LOE_107'),
('HERO_07', 'LOE_107'),
('HERO_08', 'LOE_107'),
('HERO_09', 'LOE_107'),
('HERO_01', 'LOE_110'),
('HERO_02', 'LOE_110'),
('HERO_03', 'LOE_110'),
('HERO_04', 'LOE_110'),
('HERO_05', 'LOE_110'),
('HERO_06', 'LOE_110'),
('HERO_07', 'LOE_110'),
('HERO_08', 'LOE_110'),
('HERO_09', 'LOE_110'),
('HERO_09', 'LOE_111'),
('HERO_02', 'LOE_113'),
('HERO_06', 'LOE_115'),
('HERO_07', 'LOE_116'),
('HERO_01', 'LOE_118'),
('HERO_08', 'LOE_119'),
('HERO_07', 'NEW1_003'),
('HERO_03', 'NEW1_004'),
('HERO_03', 'NEW1_005'),
('HERO_06', 'NEW1_007'),
('HERO_06', 'NEW1_008'),
('HERO_02', 'NEW1_010'),
('HERO_01', 'NEW1_011'),
('HERO_08', 'NEW1_012'),
('HERO_03', 'NEW1_014'),
('HERO_01', 'NEW1_016'),
('HERO_02', 'NEW1_016'),
('HERO_03', 'NEW1_016'),
('HERO_04', 'NEW1_016'),
('HERO_05', 'NEW1_016'),
('HERO_06', 'NEW1_016'),
('HERO_07', 'NEW1_016'),
('HERO_08', 'NEW1_016'),
('HERO_09', 'NEW1_016'),
('HERO_01', 'NEW1_017'),
('HERO_02', 'NEW1_017'),
('HERO_03', 'NEW1_017'),
('HERO_04', 'NEW1_017'),
('HERO_05', 'NEW1_017'),
('HERO_06', 'NEW1_017'),
('HERO_07', 'NEW1_017'),
('HERO_08', 'NEW1_017'),
('HERO_09', 'NEW1_017'),
('HERO_01', 'NEW1_018'),
('HERO_02', 'NEW1_018'),
('HERO_03', 'NEW1_018'),
('HERO_04', 'NEW1_018'),
('HERO_05', 'NEW1_018'),
('HERO_06', 'NEW1_018'),
('HERO_07', 'NEW1_018'),
('HERO_08', 'NEW1_018'),
('HERO_09', 'NEW1_018'),
('HERO_01', 'NEW1_019'),
('HERO_02', 'NEW1_019'),
('HERO_03', 'NEW1_019'),
('HERO_04', 'NEW1_019'),
('HERO_05', 'NEW1_019'),
('HERO_06', 'NEW1_019'),
('HERO_07', 'NEW1_019'),
('HERO_08', 'NEW1_019'),
('HERO_09', 'NEW1_019'),
('HERO_01', 'NEW1_020'),
('HERO_02', 'NEW1_020'),
('HERO_03', 'NEW1_020'),
('HERO_04', 'NEW1_020'),
('HERO_05', 'NEW1_020'),
('HERO_06', 'NEW1_020'),
('HERO_07', 'NEW1_020'),
('HERO_08', 'NEW1_020'),
('HERO_09', 'NEW1_020'),
('HERO_01', 'NEW1_021'),
('HERO_02', 'NEW1_021'),
('HERO_03', 'NEW1_021'),
('HERO_04', 'NEW1_021'),
('HERO_05', 'NEW1_021'),
('HERO_06', 'NEW1_021'),
('HERO_07', 'NEW1_021'),
('HERO_08', 'NEW1_021'),
('HERO_09', 'NEW1_021'),
('HERO_01', 'NEW1_022'),
('HERO_02', 'NEW1_022'),
('HERO_03', 'NEW1_022'),
('HERO_04', 'NEW1_022'),
('HERO_05', 'NEW1_022'),
('HERO_06', 'NEW1_022'),
('HERO_07', 'NEW1_022'),
('HERO_08', 'NEW1_022'),
('HERO_09', 'NEW1_022'),
('HERO_01', 'NEW1_023'),
('HERO_02', 'NEW1_023'),
('HERO_03', 'NEW1_023'),
('HERO_04', 'NEW1_023'),
('HERO_05', 'NEW1_023'),
('HERO_06', 'NEW1_023'),
('HERO_07', 'NEW1_023'),
('HERO_08', 'NEW1_023'),
('HERO_09', 'NEW1_023'),
('HERO_01', 'NEW1_024'),
('HERO_02', 'NEW1_024'),
('HERO_03', 'NEW1_024'),
('HERO_04', 'NEW1_024'),
('HERO_05', 'NEW1_024'),
('HERO_06', 'NEW1_024'),
('HERO_07', 'NEW1_024'),
('HERO_08', 'NEW1_024'),
('HERO_09', 'NEW1_024'),
('HERO_01', 'NEW1_025'),
('HERO_02', 'NEW1_025'),
('HERO_03', 'NEW1_025'),
('HERO_04', 'NEW1_025'),
('HERO_05', 'NEW1_025'),
('HERO_06', 'NEW1_025'),
('HERO_07', 'NEW1_025'),
('HERO_08', 'NEW1_025'),
('HERO_09', 'NEW1_025'),
('HERO_01', 'NEW1_026'),
('HERO_02', 'NEW1_026'),
('HERO_03', 'NEW1_026'),
('HERO_04', 'NEW1_026'),
('HERO_05', 'NEW1_026'),
('HERO_06', 'NEW1_026'),
('HERO_07', 'NEW1_026'),
('HERO_08', 'NEW1_026'),
('HERO_09', 'NEW1_026'),
('HERO_01', 'NEW1_027'),
('HERO_02', 'NEW1_027'),
('HERO_03', 'NEW1_027'),
('HERO_04', 'NEW1_027'),
('HERO_05', 'NEW1_027'),
('HERO_06', 'NEW1_027'),
('HERO_07', 'NEW1_027'),
('HERO_08', 'NEW1_027'),
('HERO_09', 'NEW1_027'),
('HERO_01', 'NEW1_029'),
('HERO_02', 'NEW1_029'),
('HERO_03', 'NEW1_029'),
('HERO_04', 'NEW1_029'),
('HERO_05', 'NEW1_029'),
('HERO_06', 'NEW1_029'),
('HERO_07', 'NEW1_029'),
('HERO_08', 'NEW1_029'),
('HERO_09', 'NEW1_029'),
('HERO_01', 'NEW1_030'),
('HERO_02', 'NEW1_030'),
('HERO_03', 'NEW1_030'),
('HERO_04', 'NEW1_030'),
('HERO_05', 'NEW1_030'),
('HERO_06', 'NEW1_030'),
('HERO_07', 'NEW1_030'),
('HERO_08', 'NEW1_030'),
('HERO_09', 'NEW1_030'),
('HERO_05', 'NEW1_031'),
('HERO_01', 'NEW1_036'),
('HERO_01', 'NEW1_037'),
('HERO_02', 'NEW1_037'),
('HERO_03', 'NEW1_037'),
('HERO_04', 'NEW1_037'),
('HERO_05', 'NEW1_037'),
('HERO_06', 'NEW1_037'),
('HERO_07', 'NEW1_037'),
('HERO_08', 'NEW1_037'),
('HERO_09', 'NEW1_037'),
('HERO_01', 'NEW1_038'),
('HERO_02', 'NEW1_038'),
('HERO_03', 'NEW1_038'),
('HERO_04', 'NEW1_038'),
('HERO_05', 'NEW1_038'),
('HERO_06', 'NEW1_038'),
('HERO_07', 'NEW1_038'),
('HERO_08', 'NEW1_038'),
('HERO_09', 'NEW1_038'),
('HERO_01', 'NEW1_040'),
('HERO_02', 'NEW1_040'),
('HERO_03', 'NEW1_040'),
('HERO_04', 'NEW1_040'),
('HERO_05', 'NEW1_040'),
('HERO_06', 'NEW1_040'),
('HERO_07', 'NEW1_040'),
('HERO_08', 'NEW1_040'),
('HERO_09', 'NEW1_040'),
('HERO_01', 'NEW1_041'),
('HERO_02', 'NEW1_041'),
('HERO_03', 'NEW1_041'),
('HERO_04', 'NEW1_041'),
('HERO_05', 'NEW1_041'),
('HERO_06', 'NEW1_041'),
('HERO_07', 'NEW1_041'),
('HERO_08', 'NEW1_041'),
('HERO_09', 'NEW1_041'),
('HERO_04', 'OG_006'),
('HERO_02', 'OG_023'),
('HERO_02', 'OG_024'),
('HERO_02', 'OG_026'),
('HERO_02', 'OG_027'),
('HERO_02', 'OG_028'),
('HERO_02', 'OG_031'),
('HERO_01', 'OG_033'),
('HERO_01', 'OG_034'),
('HERO_02', 'OG_034'),
('HERO_03', 'OG_034'),
('HERO_04', 'OG_034'),
('HERO_05', 'OG_034'),
('HERO_06', 'OG_034'),
('HERO_07', 'OG_034'),
('HERO_08', 'OG_034'),
('HERO_09', 'OG_034'),
('HERO_01', 'OG_042'),
('HERO_02', 'OG_042'),
('HERO_03', 'OG_042'),
('HERO_04', 'OG_042'),
('HERO_05', 'OG_042'),
('HERO_06', 'OG_042'),
('HERO_07', 'OG_042'),
('HERO_08', 'OG_042'),
('HERO_09', 'OG_042'),
('HERO_06', 'OG_044'),
('HERO_05', 'OG_045'),
('HERO_06', 'OG_047'),
('HERO_06', 'OG_048'),
('HERO_06', 'OG_051'),
('HERO_05', 'OG_061'),
('HERO_03', 'OG_070'),
('HERO_03', 'OG_072'),
('HERO_03', 'OG_073'),
('HERO_03', 'OG_080'),
('HERO_08', 'OG_081'),
('HERO_01', 'OG_082'),
('HERO_02', 'OG_082'),
('HERO_03', 'OG_082'),
('HERO_04', 'OG_082'),
('HERO_05', 'OG_082'),
('HERO_06', 'OG_082'),
('HERO_07', 'OG_082'),
('HERO_08', 'OG_082'),
('HERO_09', 'OG_082'),
('HERO_08', 'OG_083'),
('HERO_08', 'OG_085'),
('HERO_08', 'OG_086'),
('HERO_08', 'OG_087'),
('HERO_08', 'OG_090'),
('HERO_09', 'OG_094'),
('HERO_09', 'OG_096'),
('HERO_09', 'OG_100'),
('HERO_09', 'OG_101'),
('HERO_01', 'OG_102'),
('HERO_02', 'OG_102'),
('HERO_03', 'OG_102'),
('HERO_04', 'OG_102'),
('HERO_05', 'OG_102'),
('HERO_06', 'OG_102'),
('HERO_07', 'OG_102'),
('HERO_08', 'OG_102'),
('HERO_09', 'OG_102'),
('HERO_09', 'OG_104'),
('HERO_07', 'OG_109'),
('HERO_07', 'OG_113'),
('HERO_07', 'OG_114'),
('HERO_07', 'OG_116'),
('HERO_07', 'OG_118'),
('HERO_08', 'OG_120'),
('HERO_07', 'OG_121'),
('HERO_01', 'OG_122'),
('HERO_02', 'OG_122'),
('HERO_03', 'OG_122'),
('HERO_04', 'OG_122'),
('HERO_05', 'OG_122'),
('HERO_06', 'OG_122'),
('HERO_07', 'OG_122'),
('HERO_08', 'OG_122'),
('HERO_09', 'OG_122'),
('HERO_01', 'OG_123'),
('HERO_02', 'OG_123'),
('HERO_03', 'OG_123'),
('HERO_04', 'OG_123'),
('HERO_05', 'OG_123'),
('HERO_06', 'OG_123'),
('HERO_07', 'OG_123'),
('HERO_08', 'OG_123'),
('HERO_09', 'OG_123'),
('HERO_01', 'OG_131'),
('HERO_02', 'OG_131'),
('HERO_03', 'OG_131'),
('HERO_04', 'OG_131'),
('HERO_05', 'OG_131'),
('HERO_06', 'OG_131'),
('HERO_07', 'OG_131'),
('HERO_08', 'OG_131'),
('HERO_09', 'OG_131'),
('HERO_01', 'OG_133'),
('HERO_02', 'OG_133'),
('HERO_03', 'OG_133'),
('HERO_04', 'OG_133'),
('HERO_05', 'OG_133'),
('HERO_06', 'OG_133'),
('HERO_07', 'OG_133'),
('HERO_08', 'OG_133'),
('HERO_09', 'OG_133'),
('HERO_01', 'OG_134'),
('HERO_02', 'OG_134'),
('HERO_03', 'OG_134'),
('HERO_04', 'OG_134'),
('HERO_05', 'OG_134'),
('HERO_06', 'OG_134'),
('HERO_07', 'OG_134'),
('HERO_08', 'OG_134'),
('HERO_09', 'OG_134'),
('HERO_01', 'OG_138'),
('HERO_02', 'OG_138'),
('HERO_03', 'OG_138'),
('HERO_04', 'OG_138'),
('HERO_05', 'OG_138'),
('HERO_06', 'OG_138'),
('HERO_07', 'OG_138'),
('HERO_08', 'OG_138'),
('HERO_09', 'OG_138'),
('HERO_01', 'OG_141'),
('HERO_02', 'OG_141'),
('HERO_03', 'OG_141'),
('HERO_04', 'OG_141'),
('HERO_05', 'OG_141'),
('HERO_06', 'OG_141'),
('HERO_07', 'OG_141'),
('HERO_08', 'OG_141'),
('HERO_09', 'OG_141'),
('HERO_01', 'OG_142'),
('HERO_02', 'OG_142'),
('HERO_03', 'OG_142'),
('HERO_04', 'OG_142'),
('HERO_05', 'OG_142'),
('HERO_06', 'OG_142'),
('HERO_07', 'OG_142'),
('HERO_08', 'OG_142'),
('HERO_09', 'OG_142'),
('HERO_01', 'OG_145'),
('HERO_02', 'OG_145'),
('HERO_03', 'OG_145'),
('HERO_04', 'OG_145'),
('HERO_05', 'OG_145'),
('HERO_06', 'OG_145'),
('HERO_07', 'OG_145'),
('HERO_08', 'OG_145'),
('HERO_09', 'OG_145'),
('HERO_01', 'OG_147'),
('HERO_02', 'OG_147'),
('HERO_03', 'OG_147'),
('HERO_04', 'OG_147'),
('HERO_05', 'OG_147'),
('HERO_06', 'OG_147'),
('HERO_07', 'OG_147'),
('HERO_08', 'OG_147'),
('HERO_09', 'OG_147'),
('HERO_01', 'OG_149'),
('HERO_01', 'OG_150'),
('HERO_02', 'OG_150'),
('HERO_03', 'OG_150'),
('HERO_04', 'OG_150'),
('HERO_05', 'OG_150'),
('HERO_06', 'OG_150'),
('HERO_07', 'OG_150'),
('HERO_08', 'OG_150'),
('HERO_09', 'OG_150'),
('HERO_01', 'OG_151'),
('HERO_02', 'OG_151'),
('HERO_03', 'OG_151'),
('HERO_04', 'OG_151'),
('HERO_05', 'OG_151'),
('HERO_06', 'OG_151'),
('HERO_07', 'OG_151'),
('HERO_08', 'OG_151'),
('HERO_09', 'OG_151'),
('HERO_01', 'OG_152'),
('HERO_02', 'OG_152'),
('HERO_03', 'OG_152'),
('HERO_04', 'OG_152'),
('HERO_05', 'OG_152'),
('HERO_06', 'OG_152'),
('HERO_07', 'OG_152'),
('HERO_08', 'OG_152'),
('HERO_09', 'OG_152'),
('HERO_01', 'OG_153'),
('HERO_02', 'OG_153'),
('HERO_03', 'OG_153'),
('HERO_04', 'OG_153'),
('HERO_05', 'OG_153'),
('HERO_06', 'OG_153'),
('HERO_07', 'OG_153'),
('HERO_08', 'OG_153'),
('HERO_09', 'OG_153'),
('HERO_01', 'OG_156'),
('HERO_02', 'OG_156'),
('HERO_03', 'OG_156'),
('HERO_04', 'OG_156'),
('HERO_05', 'OG_156'),
('HERO_06', 'OG_156'),
('HERO_07', 'OG_156'),
('HERO_08', 'OG_156'),
('HERO_09', 'OG_156'),
('HERO_01', 'OG_158'),
('HERO_02', 'OG_158'),
('HERO_03', 'OG_158'),
('HERO_04', 'OG_158'),
('HERO_05', 'OG_158'),
('HERO_06', 'OG_158'),
('HERO_07', 'OG_158'),
('HERO_08', 'OG_158'),
('HERO_09', 'OG_158'),
('HERO_01', 'OG_161'),
('HERO_02', 'OG_161'),
('HERO_03', 'OG_161'),
('HERO_04', 'OG_161'),
('HERO_05', 'OG_161'),
('HERO_06', 'OG_161'),
('HERO_07', 'OG_161'),
('HERO_08', 'OG_161'),
('HERO_09', 'OG_161'),
('HERO_01', 'OG_162'),
('HERO_02', 'OG_162'),
('HERO_03', 'OG_162'),
('HERO_04', 'OG_162'),
('HERO_05', 'OG_162'),
('HERO_06', 'OG_162'),
('HERO_07', 'OG_162'),
('HERO_08', 'OG_162'),
('HERO_09', 'OG_162'),
('HERO_01', 'OG_173'),
('HERO_02', 'OG_173'),
('HERO_03', 'OG_173'),
('HERO_04', 'OG_173'),
('HERO_05', 'OG_173'),
('HERO_06', 'OG_173'),
('HERO_07', 'OG_173'),
('HERO_08', 'OG_173'),
('HERO_09', 'OG_173'),
('HERO_01', 'OG_174'),
('HERO_02', 'OG_174'),
('HERO_03', 'OG_174'),
('HERO_04', 'OG_174'),
('HERO_05', 'OG_174'),
('HERO_06', 'OG_174'),
('HERO_07', 'OG_174'),
('HERO_08', 'OG_174'),
('HERO_09', 'OG_174'),
('HERO_03', 'OG_176'),
('HERO_05', 'OG_179'),
('HERO_06', 'OG_188'),
('HERO_06', 'OG_195'),
('HERO_04', 'OG_198'),
('HERO_01', 'OG_200'),
('HERO_02', 'OG_200'),
('HERO_03', 'OG_200'),
('HERO_04', 'OG_200'),
('HERO_05', 'OG_200'),
('HERO_06', 'OG_200'),
('HERO_07', 'OG_200'),
('HERO_08', 'OG_200'),
('HERO_09', 'OG_200'),
('HERO_06', 'OG_202'),
('HERO_02', 'OG_206'),
('HERO_08', 'OG_207'),
('HERO_02', 'OG_209'),
('HERO_05', 'OG_211'),
('HERO_05', 'OG_216'),
('HERO_01', 'OG_218'),
('HERO_01', 'OG_220'),
('HERO_04', 'OG_221'),
('HERO_04', 'OG_222'),
('HERO_04', 'OG_223'),
('HERO_04', 'OG_229'),
('HERO_09', 'OG_234'),
('HERO_07', 'OG_239'),
('HERO_07', 'OG_241'),
('HERO_01', 'OG_247'),
('HERO_02', 'OG_247'),
('HERO_03', 'OG_247'),
('HERO_04', 'OG_247'),
('HERO_05', 'OG_247'),
('HERO_06', 'OG_247'),
('HERO_07', 'OG_247'),
('HERO_08', 'OG_247'),
('HERO_09', 'OG_247'),
('HERO_01', 'OG_248'),
('HERO_02', 'OG_248'),
('HERO_03', 'OG_248'),
('HERO_04', 'OG_248'),
('HERO_05', 'OG_248'),
('HERO_06', 'OG_248'),
('HERO_07', 'OG_248'),
('HERO_08', 'OG_248'),
('HERO_09', 'OG_248'),
('HERO_01', 'OG_249'),
('HERO_02', 'OG_249'),
('HERO_03', 'OG_249'),
('HERO_04', 'OG_249'),
('HERO_05', 'OG_249'),
('HERO_06', 'OG_249'),
('HERO_07', 'OG_249'),
('HERO_08', 'OG_249'),
('HERO_09', 'OG_249'),
('HERO_01', 'OG_254'),
('HERO_02', 'OG_254'),
('HERO_03', 'OG_254'),
('HERO_04', 'OG_254'),
('HERO_05', 'OG_254'),
('HERO_06', 'OG_254'),
('HERO_07', 'OG_254'),
('HERO_08', 'OG_254'),
('HERO_09', 'OG_254'),
('HERO_01', 'OG_255'),
('HERO_02', 'OG_255'),
('HERO_03', 'OG_255'),
('HERO_04', 'OG_255'),
('HERO_05', 'OG_255'),
('HERO_06', 'OG_255'),
('HERO_07', 'OG_255'),
('HERO_08', 'OG_255'),
('HERO_09', 'OG_255'),
('HERO_01', 'OG_256'),
('HERO_02', 'OG_256'),
('HERO_03', 'OG_256'),
('HERO_04', 'OG_256'),
('HERO_05', 'OG_256'),
('HERO_06', 'OG_256'),
('HERO_07', 'OG_256'),
('HERO_08', 'OG_256'),
('HERO_09', 'OG_256'),
('HERO_03', 'OG_267'),
('HERO_01', 'OG_271'),
('HERO_02', 'OG_271'),
('HERO_03', 'OG_271'),
('HERO_04', 'OG_271'),
('HERO_05', 'OG_271'),
('HERO_06', 'OG_271'),
('HERO_07', 'OG_271'),
('HERO_08', 'OG_271'),
('HERO_09', 'OG_271'),
('HERO_01', 'OG_272'),
('HERO_02', 'OG_272'),
('HERO_03', 'OG_272'),
('HERO_04', 'OG_272'),
('HERO_05', 'OG_272'),
('HERO_06', 'OG_272'),
('HERO_07', 'OG_272'),
('HERO_08', 'OG_272'),
('HERO_09', 'OG_272'),
('HERO_04', 'OG_273'),
('HERO_01', 'OG_276'),
('HERO_01', 'OG_280'),
('HERO_02', 'OG_280'),
('HERO_03', 'OG_280'),
('HERO_04', 'OG_280'),
('HERO_05', 'OG_280'),
('HERO_06', 'OG_280'),
('HERO_07', 'OG_280'),
('HERO_08', 'OG_280'),
('HERO_09', 'OG_280'),
('HERO_01', 'OG_281'),
('HERO_02', 'OG_281'),
('HERO_03', 'OG_281'),
('HERO_04', 'OG_281'),
('HERO_05', 'OG_281'),
('HERO_06', 'OG_281'),
('HERO_07', 'OG_281'),
('HERO_08', 'OG_281'),
('HERO_09', 'OG_281'),
('HERO_03', 'OG_282'),
('HERO_01', 'OG_283'),
('HERO_02', 'OG_283'),
('HERO_03', 'OG_283'),
('HERO_04', 'OG_283'),
('HERO_05', 'OG_283'),
('HERO_06', 'OG_283'),
('HERO_07', 'OG_283'),
('HERO_08', 'OG_283'),
('HERO_09', 'OG_283'),
('HERO_01', 'OG_284'),
('HERO_02', 'OG_284'),
('HERO_03', 'OG_284'),
('HERO_04', 'OG_284'),
('HERO_05', 'OG_284'),
('HERO_06', 'OG_284'),
('HERO_07', 'OG_284'),
('HERO_08', 'OG_284'),
('HERO_09', 'OG_284'),
('HERO_01', 'OG_286'),
('HERO_02', 'OG_286'),
('HERO_03', 'OG_286'),
('HERO_04', 'OG_286'),
('HERO_05', 'OG_286'),
('HERO_06', 'OG_286'),
('HERO_07', 'OG_286'),
('HERO_08', 'OG_286'),
('HERO_09', 'OG_286'),
('HERO_01', 'OG_290'),
('HERO_02', 'OG_290'),
('HERO_03', 'OG_290'),
('HERO_04', 'OG_290'),
('HERO_05', 'OG_290'),
('HERO_06', 'OG_290'),
('HERO_07', 'OG_290'),
('HERO_08', 'OG_290'),
('HERO_09', 'OG_290'),
('HERO_03', 'OG_291'),
('HERO_05', 'OG_292'),
('HERO_06', 'OG_293'),
('HERO_01', 'OG_295'),
('HERO_02', 'OG_295'),
('HERO_03', 'OG_295'),
('HERO_04', 'OG_295'),
('HERO_05', 'OG_295'),
('HERO_06', 'OG_295'),
('HERO_07', 'OG_295'),
('HERO_08', 'OG_295'),
('HERO_09', 'OG_295'),
('HERO_01', 'OG_300'),
('HERO_02', 'OG_300'),
('HERO_03', 'OG_300'),
('HERO_04', 'OG_300'),
('HERO_05', 'OG_300'),
('HERO_06', 'OG_300'),
('HERO_07', 'OG_300'),
('HERO_08', 'OG_300'),
('HERO_09', 'OG_300'),
('HERO_01', 'OG_301'),
('HERO_07', 'OG_302'),
('HERO_08', 'OG_303'),
('HERO_05', 'OG_308'),
('HERO_05', 'OG_309'),
('HERO_04', 'OG_310'),
('HERO_04', 'OG_311'),
('HERO_01', 'OG_312'),
('HERO_06', 'OG_313'),
('HERO_01', 'OG_314'),
('HERO_01', 'OG_315'),
('HERO_09', 'OG_316'),
('HERO_01', 'OG_317'),
('HERO_02', 'OG_317'),
('HERO_03', 'OG_317'),
('HERO_04', 'OG_317'),
('HERO_05', 'OG_317'),
('HERO_06', 'OG_317'),
('HERO_07', 'OG_317'),
('HERO_08', 'OG_317'),
('HERO_09', 'OG_317'),
('HERO_01', 'OG_318'),
('HERO_02', 'OG_318'),
('HERO_03', 'OG_318'),
('HERO_04', 'OG_318'),
('HERO_05', 'OG_318'),
('HERO_06', 'OG_318'),
('HERO_07', 'OG_318'),
('HERO_08', 'OG_318'),
('HERO_09', 'OG_318'),
('HERO_01', 'OG_320'),
('HERO_02', 'OG_320'),
('HERO_03', 'OG_320'),
('HERO_04', 'OG_320'),
('HERO_05', 'OG_320'),
('HERO_06', 'OG_320'),
('HERO_07', 'OG_320'),
('HERO_08', 'OG_320'),
('HERO_09', 'OG_320'),
('HERO_01', 'OG_321'),
('HERO_02', 'OG_321'),
('HERO_03', 'OG_321'),
('HERO_04', 'OG_321'),
('HERO_05', 'OG_321'),
('HERO_06', 'OG_321'),
('HERO_07', 'OG_321'),
('HERO_08', 'OG_321'),
('HERO_09', 'OG_321'),
('HERO_01', 'OG_322'),
('HERO_02', 'OG_322'),
('HERO_03', 'OG_322'),
('HERO_04', 'OG_322'),
('HERO_05', 'OG_322'),
('HERO_06', 'OG_322'),
('HERO_07', 'OG_322'),
('HERO_08', 'OG_322'),
('HERO_09', 'OG_322'),
('HERO_01', 'OG_323'),
('HERO_02', 'OG_323'),
('HERO_03', 'OG_323'),
('HERO_04', 'OG_323'),
('HERO_05', 'OG_323'),
('HERO_06', 'OG_323'),
('HERO_07', 'OG_323'),
('HERO_08', 'OG_323'),
('HERO_09', 'OG_323'),
('HERO_05', 'OG_325'),
('HERO_01', 'OG_326'),
('HERO_02', 'OG_326'),
('HERO_03', 'OG_326'),
('HERO_04', 'OG_326'),
('HERO_05', 'OG_326'),
('HERO_06', 'OG_326'),
('HERO_07', 'OG_326'),
('HERO_08', 'OG_326'),
('HERO_09', 'OG_326'),
('HERO_01', 'OG_327'),
('HERO_02', 'OG_327'),
('HERO_03', 'OG_327'),
('HERO_04', 'OG_327'),
('HERO_05', 'OG_327'),
('HERO_06', 'OG_327'),
('HERO_07', 'OG_327'),
('HERO_08', 'OG_327'),
('HERO_09', 'OG_327'),
('HERO_02', 'OG_328'),
('HERO_03', 'OG_330'),
('HERO_09', 'OG_334'),
('HERO_09', 'OG_335'),
('HERO_01', 'OG_337'),
('HERO_02', 'OG_337'),
('HERO_03', 'OG_337'),
('HERO_04', 'OG_337'),
('HERO_05', 'OG_337'),
('HERO_06', 'OG_337'),
('HERO_07', 'OG_337'),
('HERO_08', 'OG_337'),
('HERO_09', 'OG_337'),
('HERO_01', 'OG_338'),
('HERO_02', 'OG_338'),
('HERO_03', 'OG_338'),
('HERO_04', 'OG_338'),
('HERO_05', 'OG_338'),
('HERO_06', 'OG_338'),
('HERO_07', 'OG_338'),
('HERO_08', 'OG_338'),
('HERO_09', 'OG_338'),
('HERO_01', 'OG_339'),
('HERO_02', 'OG_339'),
('HERO_03', 'OG_339'),
('HERO_04', 'OG_339'),
('HERO_05', 'OG_339'),
('HERO_06', 'OG_339'),
('HERO_07', 'OG_339'),
('HERO_08', 'OG_339'),
('HERO_09', 'OG_339'),
('HERO_01', 'OG_340'),
('HERO_02', 'OG_340'),
('HERO_03', 'OG_340'),
('HERO_04', 'OG_340'),
('HERO_05', 'OG_340'),
('HERO_06', 'OG_340'),
('HERO_07', 'OG_340'),
('HERO_08', 'OG_340'),
('HERO_09', 'OG_340'),
('HERO_01', 'PRO_001'),
('HERO_02', 'PRO_001'),
('HERO_03', 'PRO_001'),
('HERO_04', 'PRO_001'),
('HERO_05', 'PRO_001'),
('HERO_06', 'PRO_001'),
('HERO_07', 'PRO_001'),
('HERO_08', 'PRO_001'),
('HERO_09', 'PRO_001'),
('HERO_01', 'tt_004'),
('HERO_02', 'tt_004'),
('HERO_03', 'tt_004'),
('HERO_04', 'tt_004'),
('HERO_05', 'tt_004'),
('HERO_06', 'tt_004'),
('HERO_07', 'tt_004'),
('HERO_08', 'tt_004'),
('HERO_09', 'tt_004'),
('HERO_08', 'tt_010');

-- --------------------------------------------------------

--
-- Struttura della tabella `hero_power`
--

CREATE TABLE IF NOT EXISTS `hero_power` (
  `hero_power_id` varchar(15) NOT NULL,
  `name` varchar(50) NOT NULL,
  `description` varchar(100) NOT NULL,
  `image` varchar(100) NOT NULL,
  PRIMARY KEY (`hero_power_id`)
) ENGINE=InnoDB DEFAULT CHARSET=latin1;

--
-- Dump dei dati per la tabella `hero_power`
--

INSERT INTO `hero_power` (`hero_power_id`, `name`, `description`, `image`) VALUES
('CS1h_001', 'Cura Inferiore', '<b>Potere Eroe</b>\nRigenera 2 Salute.', 'CS1h_001.png'),
('CS2_017', 'Mutaforma', '<b>Potere Eroe</b>\n+1 Attacco per questo turno e 1 Armatura.', 'CS2_017.png'),
('CS2_034', 'Detonazione di Fuoco', '<b>Potere Eroe</b>\nInfligge 1 danno.', 'CS2_034.png'),
('CS2_049', 'Evocazione Totemica', '<b>Potere Eroe</b>\nEvoca un Totem casuale.', 'CS2_049.png'),
('CS2_056', 'Conversione Vitale', '<b>Potere Eroe</b>\nPesca una carta e subisce 2 danni.', 'CS2_056.png'),
('CS2_083b', 'Maestria nei Pugnali', '<b>Potere Eroe</b>\nEquipaggia un pugnale 1/2.', 'CS2_083b.png'),
('CS2_101', 'Rinforzo', '<b>Potere Eroe</b>\nEvoca una Recluta Mano d''Argento 1/1.', 'CS2_101.png'),
('CS2_102', 'Potenziamento Armatura', '<b>Potere Eroe</b>\nOttiene 2 Armatura.', 'CS2_102.png'),
('DS1h_292', 'Tiro Stabilizzato', '<b>Potere Eroe</b>\nInfligge 2 danni all''eroe nemico.', 'DS1h_292.png');

-- --------------------------------------------------------

--
-- Struttura della tabella `rarity`
--

CREATE TABLE IF NOT EXISTS `rarity` (
  `name` varchar(50) NOT NULL,
  `r_craft` int(5) NOT NULL,
  `r_destroy` int(5) NOT NULL,
  `golden_craft` int(5) NOT NULL,
  `golden_destroy` int(5) NOT NULL,
  PRIMARY KEY (`name`)
) ENGINE=InnoDB DEFAULT CHARSET=latin1;

--
-- Dump dei dati per la tabella `rarity`
--

INSERT INTO `rarity` (`name`, `r_craft`, `r_destroy`, `golden_craft`, `golden_destroy`) VALUES
('Base', 0, 0, 0, 0),
('Comune', 40, 5, 400, 50),
('Epica', 400, 100, 1600, 400),
('Leggendaria', 1600, 400, 3200, 1600),
('Rara', 100, 20, 800, 100);

-- --------------------------------------------------------

--
-- Struttura della tabella `section`
--

CREATE TABLE IF NOT EXISTS `section` (
  `section_id` int(11) NOT NULL AUTO_INCREMENT,
  `name` varchar(100) NOT NULL,
  `num_thread` int(5) DEFAULT '0',
  PRIMARY KEY (`section_id`)
) ENGINE=InnoDB  DEFAULT CHARSET=latin1 AUTO_INCREMENT=18 ;

--
-- Dump dei dati per la tabella `section`
--

INSERT INTO `section` (`section_id`, `name`, `num_thread`) VALUES
(1, 'Discussione generale', 1),
(2, 'Arena', 1),
(3, 'Rissa', 1),
(4, 'Avventure e Espansioni', 1),
(5, 'Formato Standard', 1),
(6, 'Formato Selvaggio', 1),
(7, 'Discussione Carte', 1),
(8, 'Creazione Mazzo', 1),
(9, 'Cacciatore', 1),
(10, 'Druido', 1),
(11, 'Guerriero', 1),
(12, 'Ladro', 1),
(13, 'Mago', 1),
(14, 'Paladino', 1),
(15, 'Sacerdote', 1),
(16, 'Sciamano', 1),
(17, 'Stregone', 1);

-- --------------------------------------------------------

--
-- Struttura della tabella `suggest`
--

CREATE TABLE IF NOT EXISTS `suggest` (
  `suggest_id` int(11) NOT NULL AUTO_INCREMENT,
  `content` varchar(2000) NOT NULL,
  `user_name` varchar(50) NOT NULL,
  `deck_id` int(11) NOT NULL,
  PRIMARY KEY (`suggest_id`),
  KEY `user_name` (`user_name`),
  KEY `deck_id` (`deck_id`)
) ENGINE=InnoDB DEFAULT CHARSET=latin1 AUTO_INCREMENT=1 ;

-- --------------------------------------------------------

--
-- Struttura della tabella `tip`
--

CREATE TABLE IF NOT EXISTS `tip` (
  `tip_id` int(11) NOT NULL AUTO_INCREMENT,
  `content` varchar(500) NOT NULL,
  PRIMARY KEY (`tip_id`)
) ENGINE=InnoDB  DEFAULT CHARSET=latin1 AUTO_INCREMENT=12 ;

--
-- Dump dei dati per la tabella `tip`
--

INSERT INTO `tip` (`tip_id`, `content`) VALUES
(1, 'La mia magia ti far&agrave; a pezzi - Jaina Marefiero'),
(2, 'Leeeeeeroyyyyyyyyyy Jenkinsssssssssss - Leroy Jenkins'),
(3, 'Sapevi che puoi sfidare i tuoi amici nella rissa?'),
(4, 'Sapevi che in ogni busta trovi almeno una carta rara?'),
(5, 'Sapevi che per ottenere le polveri devi disincantare le carte?'),
(6, 'Sapevi che con l''espansione Mean Street of Gadgetzan hanno introdotto le carte multi-classe?'),
(7, 'Sapevi che se raggiungi il livello 20 in una stagione ottieni un retro delle carte?'),
(8, 'Cerca di acquistare pi&ugrave; avventure che puoi perch&egrave; sono fondamentali'),
(9, 'Sapevi che disincantare una carta dorata ti fa ottenere molte pi&ugrave; polveri?'),
(10, 'Sapevi che la rissa esce ogni settimana alla stessa ora?'),
(11, 'Sapevi che se vinci la rissa ottieni una busta classica?');

-- --------------------------------------------------------

--
-- Struttura della tabella `topic`
--

CREATE TABLE IF NOT EXISTS `topic` (
  `topic_id` int(11) NOT NULL AUTO_INCREMENT,
  `title` varchar(100) NOT NULL,
  `content` varchar(1000) DEFAULT NULL,
  `creation_date` datetime NOT NULL,
  `user_name` varchar(50) NOT NULL,
  `num_comments` int(5) DEFAULT '0',
  `section_id` int(11) NOT NULL,
  PRIMARY KEY (`topic_id`),
  KEY `user_name` (`user_name`),
  KEY `section_id` (`section_id`)
) ENGINE=InnoDB  DEFAULT CHARSET=latin1 AUTO_INCREMENT=18 ;

--
-- Dump dei dati per la tabella `topic`
--

INSERT INTO `topic` (`topic_id`, `title`, `content`, `creation_date`, `user_name`, `num_comments`, `section_id`) VALUES
(1, 'Quanto bello &egrave; questo sito?', 'Secondo me &egrave; uno dei migliori siti che riguardano HearthStone. Anche pi&ugrave; di HearthPwn.', '2017-02-06 09:11:23', 'mamolloche', 1, 1),
(2, 'Mazzo arena', 'Ragazzi datemi qualche consiglio/aiuto su come costruire il mazzo per l''arena', '2017-02-04 15:48:23', 'TiNtO', 1, 2),
(3, 'Avete visto la rissa di questa settimana?', '', '2017-02-05 01:20:46', 'maiunagioia', 1, 3),
(4, 'Che avventura mi consigliate di comprare?', '', '2017-02-06 10:00:00', 'sosssoldi', 1, 4),
(5, 'Cos''&egrave; il formato standard?', 'Non l''ho mai capito.', '2017-01-30 14:48:23', 'barco', 1, 5),
(6, 'Cos''&egrave; il formato wild?', 'Non l''ho mai capito.', '2017-01-30 14:49:11', 'barco', 1, 6),
(7, 'Qual''&egrave; la vostra carta preferita?', '', '2017-02-01 16:52:37', 'TiNtO', 1, 7),
(8, 'Stilla OP', 'Mr. Steal &egrave; il mazzo pi&ugrave; forte che esista. :)', '2017-02-02 04:50:43', 'barco', 1, 8),
(9, 'Qual''&egrave la vostra carta preferita del cacciatore?', '', '2017-02-04 11:30:00', 'mamolloche', 1, 9),
(10, 'Qual''&egrave la vostra carta preferita del druido?', '', '2017-02-04 11:30:50', 'mamolloche', 1, 10),
(11, 'Qual''&egrave la vostra carta preferita del guerriero?', '', '2017-02-04 11:31:27', 'mamolloche', 1, 11),
(12, 'Qual''&egrave la vostra carta preferita del ladro?', '', '2017-02-04 11:32:03', 'mamolloche', 1, 12),
(13, 'Qual''&egrave la vostra carta preferita del mago?', '', '2017-02-04 11:32:44', 'mamolloche', 1, 13),
(14, 'Qual''&egrave la vostra carta preferita del paladino?', '', '2017-02-04 11:33:17', 'mamolloche', 1, 14),
(15, 'Qual''&egrave la vostra carta preferita del sacerdote?', '', '2017-02-04 11:34:10', 'mamolloche', 1, 15),
(16, 'Qual''&egrave la vostra carta preferita dello sciamano?', '', '2017-02-04 11:35:03', 'mamolloche', 1, 16),
(17, 'Qual''&egrave la vostra carta preferita dello stregone?', '', '2017-02-04 11:35:57', 'mamolloche', 1, 17);

--
-- Trigger `topic`
--
DROP TRIGGER IF EXISTS `aggiornaSection`;
DELIMITER //
CREATE TRIGGER `aggiornaSection` AFTER INSERT ON `topic`
 FOR EACH ROW BEGIN
	UPDATE section
	SET num_thread= num_thread + 1
    WHERE section.section_id = new.section_id;
END
//
DELIMITER ;

-- --------------------------------------------------------

--
-- Struttura della tabella `user`
--

CREATE TABLE IF NOT EXISTS `user` (
  `email` varchar(100) NOT NULL,
  `name` varchar(50) NOT NULL,
  `surname` varchar(50) NOT NULL,
  `username` varchar(50) NOT NULL,
  `password` varchar(64) NOT NULL,
  `entry_date` datetime NOT NULL,
  `count_post` int(5) DEFAULT '0',
  `photo_id` varchar(50) DEFAULT NULL,
  PRIMARY KEY (`username`),
  UNIQUE KEY `email` (`email`)
) ENGINE=InnoDB DEFAULT CHARSET=latin1;

--
-- Dump dei dati per la tabella `user`
--

INSERT INTO `user` (`email`, `name`, `surname`, `username`, `password`, `entry_date`, `count_post`, `photo_id`) VALUES
('Amnesiasc@gmail.com', 'Patrick', 'Demsey', 'Amnesiasc', '50962619b6fbd30748d2e79608aba11b2df6a5952ec3f7625312d9cf54c60dc1', '2017-02-01 16:17:39', 0, 'images/utente.jpg'),
('bonolo@gmail.com', 'Marco', 'Bonolo', 'barco', '04d63c116d50c7a966c0822d37fc0fa2798b5529c0027b86ff07d28805ccef8b', '2017-01-30 14:52:46', 4, 'images/utente.jpg'),
('BBgungun@gmail.com', 'Jifu', 'Ma', 'BBgungun', 'df07969d65e4d1c34ee26045fe062e1e32c387673dc5a6f64cfd1afb59882a1d', '2017-02-01 16:08:21', 0, 'images/utente.jpg'),
('Breath@gmail.com', 'Chris', 'Hempton', 'Breath', '3c8b4cf724e6c16ef615e199336338cef9dbc9f97d0647e8731d4be6d08fc38c', '2017-02-01 16:16:14', 0, 'images/utente.jpg'),
('cheOnsu@gmail.com', 'Mark', 'Lender', 'cheOnsu', 'a8c184d197dab2ae49c900fd6e7a3da324d595d68286585646988c89b1f1aeb2', '2017-02-01 16:10:24', 0, 'images/utente.jpg'),
('Cydonia@gmail.com', 'Chris', 'Mc Dagger', 'Cydonia', '65235751f2cde98a618b4f434bac586ef9b1b95ebf7faf3b2462091098b945c1', '2017-02-01 16:04:37', 0, 'images/utente.jpg'),
('DrHippi@gmail.com', 'Ryan', 'Gosling', 'DrHippi', '6dd2381003a4255fb3e2de7ceed94af6028a45982483abc4488536d71cbd2ed0', '2017-02-01 16:15:07', 0, 'images/utente.jpg'),
('Hamster@gmail.com', 'Steve', 'Jaggernaut', 'Hamster', '319a4fa81a591fc4f4ce0832d109df92439dfeb74b8d16e2c325a6d49b39de5c', '2017-02-01 16:11:37', 0, 'images/utente.jpg'),
('handsomeguy@gmail.com', 'Michael', 'Cleis', 'handsomeguy', '41568650cd6e9124e0569d2926704b62483a5bc5d6b1155a89bf7f4f963d2c66', '2017-02-01 16:03:27', 0, 'images/utente.jpg'),
('hotMEOWTH@gmail.com', 'Bill', 'Fortran', 'hotMEOWTH', '6fc3564d79748cf95523648c8bbdf3aaadbd003eb54e9ba3fc9b1a397589c089', '2017-02-01 16:21:34', 0, 'images/utente.jpg'),
('Jasonzhou@gmail.com', 'Jason', 'Zhou', 'Jasonzhou', 'ca948a47055679debccab03714b4dfd7b65d133b26abf8b58a759d749c2e8871', '2017-02-01 16:05:25', 0, 'images/utente.jpg'),
('carlin@gmail.com', 'Mauro', 'Carlin', 'maiunagioia', '75d49c67db6833964ef5082df6f7e37edd1cd6b78793ad26903d02dc6653a5b2', '2017-01-30 14:50:39', 5, 'images/utente.jpg'),
('malesani@gmail.com', 'Alberto', 'Malesani', 'mamolloche', '0a60ee4239c6512113814ec3bf8bf6ffff1297fb461627c32a7f0102f676b7aa', '2017-01-30 14:53:51', 0, 'images/utente.jpg'),
('Naiman@gmail.com', 'Mou', 'Rinho', 'Naiman', '9d46e4382b631c0cf0b39fe11363024007d76ed4bdd1eba35afca39e4c048d75', '2017-02-01 16:09:52', 0, 'images/utente.jpg'),
('Pavel@gmail.com', 'Friedrick', 'Vonorov', 'Pavel', '493c93bece75a330b5270c6dc483f761c122d6d4f4fbfacdc0bb495c21f75a82', '2017-02-01 16:20:15', 0, 'images/utente.jpg'),
('serghiei@gmail.com', 'Serghiei', 'Vonorov', 'serghiei', '5893e312391f59b98574e7ac702965b64300006145b16338997ed495e20ed0ab', '2017-02-01 16:02:13', 0, 'images/utente.jpg'),
('bertolini@gmail.com', 'Luca', 'Bertolini', 'sosssoldi', 'ee0988a165c07d419e8da297d38b0c37f9600ad1acf54a4705bed05c18fbb3c7', '2017-01-30 14:51:32', 4, 'images/utente.jpg'),
('ThijsNL@gmail.com', 'Fedor', 'Putic', 'ThijsNL', 'eab11fde26737d3c149b5d4f1329264e2a1e5c2c05dd242c47a05a65bfd38b59', '2017-02-01 16:06:40', 0, 'images/utente.jpg'),
('tintorri@gmail.com', 'Nicola', 'Tintorri', 'TiNtO', '8d95bc233f961f533a1ca81411be33ab4b9b581d696f15ce6178d1b4a40cfed0', '2017-01-30 14:48:23', 4, 'images/utente.jpg'),
('Yulsic@gmail.com', 'Jim', 'Belscsv', 'Yulsic', 'b44e6a681912143321949d01a9403c15ba34d748d0a90b5c91138ca66f1215c9', '2017-02-01 16:18:42', 0, 'images/utente.jpg');

-- --------------------------------------------------------

--
-- Struttura della tabella `wing`
--

CREATE TABLE IF NOT EXISTS `wing` (
  `number` int(2) unsigned NOT NULL DEFAULT '0',
  `adventure_name` varchar(100) NOT NULL,
  PRIMARY KEY (`number`,`adventure_name`),
  KEY `adventure_name` (`adventure_name`)
) ENGINE=InnoDB DEFAULT CHARSET=latin1;

--
-- Dump dei dati per la tabella `wing`
--

INSERT INTO `wing` (`number`, `adventure_name`) VALUES
(1, 'BRM'),
(2, 'BRM'),
(3, 'BRM'),
(4, 'BRM'),
(5, 'BRM'),
(1, 'KARA'),
(2, 'KARA'),
(3, 'KARA'),
(4, 'KARA'),
(5, 'KARA'),
(1, 'LOE'),
(2, 'LOE'),
(3, 'LOE'),
(4, 'LOE'),
(1, 'NAXX'),
(2, 'NAXX'),
(3, 'NAXX'),
(4, 'NAXX'),
(5, 'NAXX');

--
-- Limiti per le tabelle scaricate
--

--
-- Limiti per la tabella `card`
--
ALTER TABLE `card`
  ADD CONSTRAINT `card_ibfk_1` FOREIGN KEY (`rarity`) REFERENCES `rarity` (`name`),
  ADD CONSTRAINT `card_ibfk_2` FOREIGN KEY (`expansion_name`) REFERENCES `expansion` (`name`),
  ADD CONSTRAINT `card_ibfk_3` FOREIGN KEY (`adventure_wing`, `adventure_name`) REFERENCES `wing` (`number`, `adventure_name`);

--
-- Limiti per la tabella `card_deck`
--
ALTER TABLE `card_deck`
  ADD CONSTRAINT `card_deck_ibfk_1` FOREIGN KEY (`deck_id`) REFERENCES `deck` (`deck_id`),
  ADD CONSTRAINT `card_deck_ibfk_2` FOREIGN KEY (`card_id`) REFERENCES `card` (`card_id`);

--
-- Limiti per la tabella `comment`
--
ALTER TABLE `comment`
  ADD CONSTRAINT `comment_ibfk_1` FOREIGN KEY (`user_name`) REFERENCES `user` (`username`),
  ADD CONSTRAINT `comment_ibfk_2` FOREIGN KEY (`topic_id`) REFERENCES `topic` (`topic_id`);

--
-- Limiti per la tabella `deck`
--
ALTER TABLE `deck`
  ADD CONSTRAINT `deck_ibfk_1` FOREIGN KEY (`hero_id`) REFERENCES `hero` (`hero_id`),
  ADD CONSTRAINT `deck_ibfk_2` FOREIGN KEY (`user_name`) REFERENCES `user` (`username`);

--
-- Limiti per la tabella `deck_like`
--
ALTER TABLE `deck_like`
  ADD CONSTRAINT `deck_like_ibfk_1` FOREIGN KEY (`user_name`) REFERENCES `user` (`username`),
  ADD CONSTRAINT `deck_like_ibfk_2` FOREIGN KEY (`deck_id`) REFERENCES `deck` (`deck_id`);

--
-- Limiti per la tabella `guide`
--
ALTER TABLE `guide`
  ADD CONSTRAINT `guide_ibfk_1` FOREIGN KEY (`hero_id`) REFERENCES `hero` (`hero_id`),
  ADD CONSTRAINT `guide_ibfk_2` FOREIGN KEY (`user_name`) REFERENCES `user` (`username`);

--
-- Limiti per la tabella `hero`
--
ALTER TABLE `hero`
  ADD CONSTRAINT `hero_ibfk_1` FOREIGN KEY (`h_power`) REFERENCES `hero_power` (`hero_power_id`);

--
-- Limiti per la tabella `hero_card`
--
ALTER TABLE `hero_card`
  ADD CONSTRAINT `hero_card_ibfk_1` FOREIGN KEY (`hero_id`) REFERENCES `hero` (`hero_id`),
  ADD CONSTRAINT `hero_card_ibfk_2` FOREIGN KEY (`card_id`) REFERENCES `card` (`card_id`);

--
-- Limiti per la tabella `suggest`
--
ALTER TABLE `suggest`
  ADD CONSTRAINT `suggest_ibfk_1` FOREIGN KEY (`user_name`) REFERENCES `user` (`username`),
  ADD CONSTRAINT `suggest_ibfk_2` FOREIGN KEY (`deck_id`) REFERENCES `deck` (`deck_id`);

--
-- Limiti per la tabella `topic`
--
ALTER TABLE `topic`
  ADD CONSTRAINT `topic_ibfk_1` FOREIGN KEY (`user_name`) REFERENCES `user` (`username`),
  ADD CONSTRAINT `topic_ibfk_2` FOREIGN KEY (`section_id`) REFERENCES `section` (`section_id`);

--
-- Limiti per la tabella `wing`
--
ALTER TABLE `wing`
  ADD CONSTRAINT `wing_ibfk_1` FOREIGN KEY (`adventure_name`) REFERENCES `adventure` (`name`);

/*!40101 SET CHARACTER_SET_CLIENT=@OLD_CHARACTER_SET_CLIENT */;
/*!40101 SET CHARACTER_SET_RESULTS=@OLD_CHARACTER_SET_RESULTS */;
/*!40101 SET COLLATION_CONNECTION=@OLD_COLLATION_CONNECTION */;
